"Countries, territories and areas","Year","Estimated antiretroviral therapy coverage among people living with HIV (%)","Reported number of people receiving antiretroviral therapy","Number of people (all ages) living with HIV"
"Afghanistan","2022","9 [4–37]","1144","12 000 [4700–50 000]"
"Afghanistan","2021","10 [4–38]","1141","12 000 [4900–47 000]"
"Afghanistan","2020","9 [4–37]","1094","12 000 [4700–45 000]"
"Afghanistan","2019","9 [4–34]","1044","11 000 [4400–41 000]"
"Afghanistan","2018","8 [3–32]","924","11 000 [4300–41 000]"
"Afghanistan","2017","7 [3–27]","791","11 000 [4200–38 000]"
"Afghanistan","2016","5 [2–20]","554","10 000 [4000–38 000]"
"Afghanistan","2015","4 [1–13]","350","10 000 [3800–37 000]"
"Afghanistan","2014","3 [1–11]","281","9600 [3600–35 000]"
"Afghanistan","2013","2 [1–8]","214","9200 [3500–33 000]"
"Afghanistan","2012","2 [1–7]","161","8800 [3400–33 000]"
"Afghanistan","2011","1 [1–5]","114","8400 [3300–32 000]"
"Afghanistan","2010","1 [0–3]","60","8000 [3200–30 000]"
"Afghanistan","2009","0 [0–1]","21","7700 [3200–28 000]"
"Afghanistan","2008","0 [0–0]","0","7400 [3000–27 000]"
"Afghanistan","2007","0 [0–0]","0","7100 [2800–24 000]"
"Afghanistan","2006","0 [0–0]","0","6800 [2800–21 000]"
"Afghanistan","2005","0 [0–0]","0","6500 [2600–19 000]"
"Afghanistan","2004","0 [0–0]","0","6100 [2500–18 000]"
"Afghanistan","2003","0 [0–0]","0","5600 [2300–15 000]"
"Afghanistan","2002","0 [0–0]","0","5100 [2200–13 000]"
"Afghanistan","2001","0 [0–0]","0","4600 [1900–10 000]"
"Afghanistan","2000","0 [0–0]","0","4100 [1700–9200]"
"Albania","2022","57 [49–66]","843","1500 [1300–1700]"
"Albania","2021","53 [45–60]","759","1400 [1200–1600]"
"Albania","2020","49 [41–55]","679","1400 [1200–1600]"
"Albania","2019","45 [38–51]","611","1400 [1200–1500]"
"Albania","2018","44 [38–49]","579","1300 [1100–1500]"
"Albania","2017","45 [39–50]","568","1300 [1100–1400]"
"Albania","2016","43 [37–48]","514","1200 [1000–1300]"
"Albania","2015","39 [33–44]","440","1100 [970–1300]"
"Albania","2014","35 [30–40]","372","1100 [920–1200]"
"Albania","2013","33 [29–38]","329","990 [850–1100]"
"Albania","2012","26 [22–30]","237","920 [790–1100]"
"Albania","2011","21 [18–24]","175","840 [720–970]"
"Albania","2010","17 [15–20]","131","760 [650–880]"
"Albania","2009","16 [13–18]","105","680 [580–790]"
"Albania","2008","13 [11–15]","78","590 [500–680]"
"Albania","2007","9 [8–11]","46","510 [<500–600]"
"Albania","2006","7 [6–8]","31","<500 [<500–510]"
"Albania","2005","6 [5–7]","22","<500 [<500–<500]"
"Albania","2004","4 [3–5]","11","<500 [<500–<500]"
"Albania","2003","0 [0–0]","0","<500 [<200–<500]"
"Albania","2002","0 [0–0]","0","<200 [<200–<500]"
"Albania","2001","0 [0–0]","0","<200 [<200–<500]"
"Albania","2000","0 [0–0]","0","<200 [<100–<200]"
"Algeria","2022","63 [58–68]","17576","28 000 [26 000–30 000]"
"Algeria","2021","66 [61–71]","17305","26 000 [24 000–28 000]"
"Algeria","2020","64 [59–68]","15564","24 000 [23 000–26 000]"
"Algeria","2019","63 [58–67]","14390","23 000 [21 000–24 000]"
"Algeria","2018","60 [56–63]","12759","21 000 [20 000–22 000]"
"Algeria","2017","56 [53–59]","11044","20 000 [18 000–21 000]"
"Algeria","2016","53 [50–56]","9551","18 000 [17 000–19 000]"
"Algeria","2015","47 [44–49]","7718","16 000 [15 000–17 000]"
"Algeria","2014","40 [38–42]","6020","15 000 [14 000–15 000]"
"Algeria","2013","35 [33–36]","4642","13 000 [13 000–14 000]"
"Algeria","2012","28 [27–29]","3396","12 000 [11 000–12 000]"
"Algeria","2011","25 [24–26]","2680","11 000 [10 000–11 000]"
"Algeria","2010","23 [22–24]","2221","9600 [9100–10 000]"
"Algeria","2009","18 [17–19]","1526","8500 [8100–8900]"
"Algeria","2008","15 [14–15]","1111","7600 [7200–7900]"
"Algeria","2007","15 [14–15]","993","6700 [6400–7000]"
"Algeria","2006","15 [14–15]","870","6000 [5700–6200]"
"Algeria","2005","11 [10–11]","574","5300 [5000–5500]"
"Algeria","2004","9 [9–10]","440","4700 [4400–4900]"
"Algeria","2003","8 [8–9]","334","4100 [3900–4300]"
"Algeria","2002","8 [7–8]","272","3600 [3400–3800]"
"Algeria","2001","7 [7–7]","220","3200 [3000–3400]"
"Algeria","2000","6 [5–6]","157","2800 [2600–3000]"
"Andorra","2022","No data","No data","No data"
"Andorra","2021","No data","No data","No data"
"Andorra","2020","No data","No data","No data"
"Andorra","2019","No data","No data","No data"
"Andorra","2018","No data","No data","No data"
"Andorra","2017","No data","No data","No data"
"Andorra","2016","No data","No data","No data"
"Andorra","2015","No data","No data","No data"
"Andorra","2014","No data","No data","No data"
"Andorra","2013","No data","No data","No data"
"Andorra","2012","No data","No data","No data"
"Andorra","2011","No data","No data","No data"
"Andorra","2010","No data","No data","No data"
"Andorra","2009","No data","No data","No data"
"Andorra","2008","No data","No data","No data"
"Andorra","2007","No data","No data","No data"
"Andorra","2006","No data","No data","No data"
"Andorra","2005","No data","No data","No data"
"Andorra","2004","No data","No data","No data"
"Andorra","2003","No data","No data","No data"
"Andorra","2002","No data","No data","No data"
"Andorra","2001","No data","No data","No data"
"Andorra","2000","No data","No data","No data"
"Angola","2022","46 [40–54]","144033","310 000 [270 000–370 000]"
"Angola","2021","41 [36–48]","128292","310 000 [270 000–370 000]"
"Angola","2020","35 [31–42]","111188","310 000 [270 000–370 000]"
"Angola","2019","30 [26–35]","93310","310 000 [270 000–370 000]"
"Angola","2018","28 [25–33]","88734","310 000 [270 000–360 000]"
"Angola","2017","25 [22–30]","78721","310 000 [270 000–360 000]"
"Angola","2016","23 [20–27]","69841","310 000 [270 000–360 000]"
"Angola","2015","24 [21–28]","71541","300 000 [260 000–350 000]"
"Angola","2014","21 [19–25]","63028","290 000 [260 000–340 000]"
"Angola","2013","17 [15–20]","48413","290 000 [250 000–330 000]"
"Angola","2012","11 [10–13]","31736","280 000 [240 000–320 000]"
"Angola","2011","10 [9–11]","26556","270 000 [230 000–310 000]"
"Angola","2010","9 [7–10]","22036","260 000 [220 000–300 000]"
"Angola","2009","7 [6–8]","16611","240 000 [210 000–290 000]"
"Angola","2008","5 [4–6]","11839","230 000 [190 000–270 000]"
"Angola","2007","3 [3–4]","7034","220 000 [180 000–260 000]"
"Angola","2006","2 [2–2]","4065","200 000 [170 000–250 000]"
"Angola","2005","0 [0–0]","609","190 000 [150 000–230 000]"
"Angola","2004","0 [0–0]","240","180 000 [140 000–220 000]"
"Angola","2003","0 [0–0]","0","160 000 [130 000–210 000]"
"Angola","2002","0 [0–0]","0","150 000 [110 000–200 000]"
"Angola","2001","0 [0–0]","0","140 000 [100 000–180 000]"
"Angola","2000","0 [0–0]","0","120 000 [88 000–170 000]"
"Antigua and Barbuda","2022","No data","No data","No data"
"Antigua and Barbuda","2021","No data","No data","No data"
"Antigua and Barbuda","2020","No data","No data","No data"
"Antigua and Barbuda","2019","No data","No data","No data"
"Antigua and Barbuda","2018","No data","No data","No data"
"Antigua and Barbuda","2017","No data","No data","No data"
"Antigua and Barbuda","2016","No data","No data","No data"
"Antigua and Barbuda","2015","No data","No data","No data"
"Antigua and Barbuda","2014","No data","No data","No data"
"Antigua and Barbuda","2013","No data","No data","No data"
"Antigua and Barbuda","2012","No data","No data","No data"
"Antigua and Barbuda","2011","No data","No data","No data"
"Antigua and Barbuda","2010","No data","No data","No data"
"Antigua and Barbuda","2009","No data","No data","No data"
"Antigua and Barbuda","2008","No data","No data","No data"
"Antigua and Barbuda","2007","No data","No data","No data"
"Antigua and Barbuda","2006","No data","No data","No data"
"Antigua and Barbuda","2005","No data","No data","No data"
"Antigua and Barbuda","2004","No data","No data","No data"
"Antigua and Barbuda","2003","No data","No data","No data"
"Antigua and Barbuda","2002","No data","No data","No data"
"Antigua and Barbuda","2001","No data","No data","No data"
"Antigua and Barbuda","2000","No data","No data","No data"
"Argentina","2022","No data","106000","No data"
"Argentina","2021","No data","101100","No data"
"Argentina","2020","No data","95684","No data"
"Argentina","2019","No data","90222","No data"
"Argentina","2018","No data","85109","No data"
"Argentina","2017","No data","80508","No data"
"Argentina","2016","No data","75907","No data"
"Argentina","2015","No data","71306","No data"
"Argentina","2014","No data","66705","No data"
"Argentina","2013","No data","62103","No data"
"Argentina","2012","No data","57502","No data"
"Argentina","2011","No data","52901","No data"
"Argentina","2010","No data","48300","No data"
"Argentina","2009","No data","43699","No data"
"Argentina","2008","No data","39649","No data"
"Argentina","2007","No data","36183","No data"
"Argentina","2006","No data","31701","No data"
"Argentina","2005","No data","28949","No data"
"Argentina","2004","No data","25535","No data"
"Argentina","2003","No data","22161","No data"
"Argentina","2002","No data","18855","No data"
"Argentina","2001","No data","15566","No data"
"Argentina","2000","No data","12327","No data"
"Armenia","2022","53 [40–71]","3134","5900 [4500–7900]"
"Armenia","2021","48 [39–61]","2633","5500 [4500–7100]"
"Armenia","2020","45 [37–56]","2305","5200 [4300–6500]"
"Armenia","2019","46 [38–56]","2190","4800 [4100–5900]"
"Armenia","2018","42 [36–51]","1871","4500 [3800–5400]"
"Armenia","2017","37 [32–45]","1530","4100 [3500–4900]"
"Armenia","2016","32 [27–38]","1188","3800 [3200–4500]"
"Armenia","2015","28 [24–33]","941","3400 [2900–4100]"
"Armenia","2014","24 [21–29]","740","3100 [2600–3600]"
"Armenia","2013","21 [18–25]","579","2700 [2300–3200]"
"Armenia","2012","19 [16–23]","449","2400 [2000–2900]"
"Armenia","2011","16 [13–19]","320","2100 [1700–2500]"
"Armenia","2010","14 [12–18]","250","1700 [1400–2200]"
"Armenia","2009","12 [10–15]","171","1400 [1200–1800]"
"Armenia","2008","8 [6–10]","95","1200 [930–1500]"
"Armenia","2007","8 [6–11]","76","940 [730–1200]"
"Armenia","2006","6 [5–9]","47","740 [540–990]"
"Armenia","2005","5 [4–7]","29","570 [<500–800]"
"Armenia","2004","0 [0–0]","0","<500 [<500–660]"
"Armenia","2003","0 [0–0]","0","<500 [<200–540]"
"Armenia","2002","0 [0–0]","0","<500 [<200–<500]"
"Armenia","2001","0 [0–0]","0","<200 [<100–<500]"
"Armenia","2000","0 [0–0]","0","<200 [<100–<500]"
"Australia","2022","No data","No data","No data"
"Australia","2021","83 [76–93]","24587","29 000 [27 000–33 000]"
"Australia","2020","83 [76–92]","24280","29 000 [27 000–32 000]"
"Australia","2019","83 [76–91]","23727","29 000 [26 000–31 000]"
"Australia","2018","82 [75–90]","22744","28 000 [25 000–30 000]"
"Australia","2017","82 [76–90]","21996","27 000 [24 000–29 000]"
"Australia","2016","82 [75–89]","21015","26 000 [23 000–28 000]"
"Australia","2015","80 [74–87]","19936","25 000 [23 000–27 000]"
"Australia","2014","78 [72–84]","18493","24 000 [22 000–26 000]"
"Australia","2013","74 [69–81]","17004","23 000 [21 000–25 000]"
"Australia","2012","66 [61–72]","14560","22 000 [20 000–24 000]"
"Australia","2011","64 [59–69]","13284","21 000 [19 000–23 000]"
"Australia","2010","61 [56–66]","12179","20 000 [18 000–22 000]"
"Australia","2009","56 [52–61]","10706","19 000 [18 000–21 000]"
"Australia","2008","55 [51–60]","10018","18 000 [17 000–20 000]"
"Australia","2007","56 [52–61]","9756","17 000 [16 000–19 000]"
"Australia","2006","56 [52–61]","9292","17 000 [15 000–18 000]"
"Australia","2005","53 [49–57]","8301","16 000 [15 000–17 000]"
"Australia","2004","50 [47–54]","7462","15 000 [14 000–16 000]"
"Australia","2003","50 [47–54]","7045","14 000 [13 000–15 000]"
"Australia","2002","51 [47–55]","6702","13 000 [12 000–14 000]"
"Australia","2001","53 [50–57]","6650","13 000 [12 000–13 000]"
"Australia","2000","52 [48–55]","6122","12 000 [11 000–13 000]"
"Austria","2022","No data","No data","No data"
"Austria","2021","No data","No data","No data"
"Austria","2020","No data","6736","No data"
"Austria","2019","No data","6581","No data"
"Austria","2018","No data","6853","No data"
"Austria","2017","No data","6688","No data"
"Austria","2016","No data","6079","No data"
"Austria","2015","No data","5505","No data"
"Austria","2014","No data","5316","No data"
"Austria","2013","No data","4930","No data"
"Austria","2012","No data","4507","No data"
"Austria","2011","No data","4144","No data"
"Austria","2010","No data","3793","No data"
"Austria","2009","No data","3551","No data"
"Austria","2008","No data","3359","No data"
"Austria","2007","No data","3109","No data"
"Austria","2006","No data","2716","No data"
"Austria","2005","No data","2358","No data"
"Austria","2004","No data","2001","No data"
"Austria","2003","No data","1966","No data"
"Austria","2002","No data","1858","No data"
"Austria","2001","No data","1142","No data"
"Austria","2000","No data","971","No data"
"Azerbaijan","2022","61 [52–72]","6443","11 000 [9200–13 000]"
"Azerbaijan","2021","61 [52–72]","6218","10 000 [8900–12 000]"
"Azerbaijan","2020","57 [49–67]","5618","9900 [8700–12 000]"
"Azerbaijan","2019","53 [46–62]","5086","9600 [8200–11 000]"
"Azerbaijan","2018","44 [38–52]","4080","9200 [8000–11 000]"
"Azerbaijan","2017","38 [32–44]","3355","8900 [7700–10 000]"
"Azerbaijan","2016","32 [28–38]","2803","8700 [7400–10 000]"
"Azerbaijan","2015","27 [23–32]","2299","8400 [7200–9800]"
"Azerbaijan","2014","22 [18–25]","1770","8200 [7000–9700]"
"Azerbaijan","2013","16 [13–18]","1252","8000 [6800–9500]"
"Azerbaijan","2012","12 [10–14]","907","7900 [6600–9400]"
"Azerbaijan","2011","9 [8–11]","707","7700 [6400–9200]"
"Azerbaijan","2010","6 [5–7]","435","7500 [6200–9100]"
"Azerbaijan","2009","3 [3–4]","240","7300 [5900–8800]"
"Azerbaijan","2008","2 [2–3]","159","7000 [5700–8500]"
"Azerbaijan","2007","1 [1–1]","81","6700 [5300–8200]"
"Azerbaijan","2006","0 [0–0]","8","6300 [5000–7800]"
"Azerbaijan","2005","No data","No data","5900 [4500–7500]"
"Azerbaijan","2004","0 [0–0]","0","5300 [4000–7000]"
"Azerbaijan","2003","0 [0–0]","0","4700 [3200–6400]"
"Azerbaijan","2002","0 [0–0]","0","4100 [2500–5700]"
"Azerbaijan","2001","0 [0–0]","0","3500 [2000–4900]"
"Azerbaijan","2000","0 [0–0]","0","2800 [1600–4200]"
"Bahamas","2022","76 [67–85]","3017","3900 [3400–4400]"
"Bahamas","2021","76 [67–85]","3048","4000 [3500–4400]"
"Bahamas","2020","74 [66–82]","2992","4000 [3600–4400]"
"Bahamas","2019","75 [66–82]","3029","4100 [3600–4500]"
"Bahamas","2018","76 [68–84]","3107","4100 [3600–4500]"
"Bahamas","2017","73 [65–80]","2969","4100 [3600–4400]"
"Bahamas","2016","56 [50–61]","2280","4100 [3700–4500]"
"Bahamas","2015","56 [50–61]","2319","4100 [3700–4500]"
"Bahamas","2014","57 [52–62]","2361","4100 [3800–4500]"
"Bahamas","2013","48 [44–52]","1990","4200 [3800–4500]"
"Bahamas","2012","39 [36–42]","1658","4200 [3900–4600]"
"Bahamas","2011","32 [29–34]","1349","4300 [4000–4600]"
"Bahamas","2010","32 [30–34]","1362","4300 [4000–4600]"
"Bahamas","2009","44 [41–47]","1836","4200 [3900–4500]"
"Bahamas","2008","39 [37–42]","1630","4200 [3900–4500]"
"Bahamas","2007","34 [32–37]","1395","4100 [3900–4500]"
"Bahamas","2006","34 [32–36]","1372","4100 [3800–4400]"
"Bahamas","2005","26 [25–28]","1053","4000 [3800–4300]"
"Bahamas","2004","22 [21–24]","876","4000 [3700–4300]"
"Bahamas","2003","18 [17–19]","699","3900 [3600–4200]"
"Bahamas","2002","3 [3–3]","112","3900 [3600–4300]"
"Bahamas","2001","3 [2–3]","104","4000 [3700–4300]"
"Bahamas","2000","1 [1–1]","46","4000 [3700–4400]"
"Bahrain","2022","No data","No data","No data"
"Bahrain","2021","No data","276","No data"
"Bahrain","2020","No data","293","No data"
"Bahrain","2019","No data","259","No data"
"Bahrain","2018","No data","149","No data"
"Bahrain","2017","No data","140","No data"
"Bahrain","2016","No data","121","No data"
"Bahrain","2015","No data","115","No data"
"Bahrain","2014","No data","99","No data"
"Bahrain","2013","No data","87","No data"
"Bahrain","2012","No data","79","No data"
"Bahrain","2011","No data","71","No data"
"Bahrain","2010","No data","62","No data"
"Bahrain","2009","No data","54","No data"
"Bahrain","2008","No data","47","No data"
"Bahrain","2007","No data","43","No data"
"Bahrain","2006","No data","37","No data"
"Bahrain","2005","No data","31","No data"
"Bahrain","2004","No data","26","No data"
"Bahrain","2003","No data","24","No data"
"Bahrain","2002","No data","24","No data"
"Bahrain","2001","No data","16","No data"
"Bahrain","2000","No data","14","No data"
"Bangladesh","2022","38 [35–42]","6105","16 000 [14 000–17 000]"
"Bangladesh","2021","30 [27–33]","4565","15 000 [14 000–17 000]"
"Bangladesh","2020","28 [26–31]","4194","15 000 [13 000–16 000]"
"Bangladesh","2019","24 [22–26]","3388","14 000 [13 000–16 000]"
"Bangladesh","2018","22 [20–25]","3045","14 000 [12 000–15 000]"
"Bangladesh","2017","19 [17–21]","2470","13 000 [12 000–14 000]"
"Bangladesh","2016","15 [13–16]","1817","12 000 [11 000–14 000]"
"Bangladesh","2015","13 [12–14]","1483","11 000 [10 000–13 000]"
"Bangladesh","2014","12 [11–14]","1287","11 000 [9500–12 000]"
"Bangladesh","2013","11 [10–12]","1083","9700 [8700–11 000]"
"Bangladesh","2012","9 [8–10]","831","9000 [8000–10 000]"
"Bangladesh","2011","8 [7–9]","664","8200 [7300–9200]"
"Bangladesh","2010","6 [5–7]","454","7500 [6700–8500]"
"Bangladesh","2009","5 [5–6]","354","6900 [6100–7800]"
"Bangladesh","2008","4 [3–4]","227","6200 [5500–7100]"
"Bangladesh","2007","1 [1–1]","74","5600 [5000–6400]"
"Bangladesh","2006","1 [1–1]","52","5000 [4400–5600]"
"Bangladesh","2005","0 [0–1]","20","4300 [3800–4800]"
"Bangladesh","2004","0 [0–0]","0","3500 [3100–4000]"
"Bangladesh","2003","0 [0–0]","0","2800 [2500–3200]"
"Bangladesh","2002","0 [0–0]","0","2200 [1900–2500]"
"Bangladesh","2001","0 [0–0]","0","1600 [1400–1800]"
"Bangladesh","2000","0 [0–0]","0","1200 [1000–1300]"
"Barbados","2022","65 [56–72]","1397","2200 [1900–2400]"
"Barbados","2021","66 [58–74]","1440","2200 [1900–2400]"
"Barbados","2020","65 [57–72]","1406","2200 [1900–2400]"
"Barbados","2019","65 [57–71]","1405","2200 [1900–2400]"
"Barbados","2018","61 [54–67]","1323","2200 [1900–2400]"
"Barbados","2017","59 [52–64]","1271","2200 [1900–2400]"
"Barbados","2016","55 [50–61]","1196","2200 [1900–2400]"
"Barbados","2015","53 [48–58]","1139","2200 [1900–2400]"
"Barbados","2014","51 [47–57]","1105","2100 [1900–2400]"
"Barbados","2013","51 [46–56]","1077","2100 [1900–2300]"
"Barbados","2012","48 [44–53]","1014","2100 [1900–2300]"
"Barbados","2011","45 [41–49]","929","2100 [1900–2300]"
"Barbados","2010","42 [39–47]","873","2100 [1900–2300]"
"Barbados","2009","39 [35–42]","782","2000 [1800–2200]"
"Barbados","2008","36 [32–39]","708","2000 [1800–2200]"
"Barbados","2007","32 [29–35]","615","1900 [1800–2100]"
"Barbados","2006","29 [26–32]","543","1900 [1700–2100]"
"Barbados","2005","26 [24–29]","479","1800 [1700–2000]"
"Barbados","2004","24 [22–27]","423","1800 [1600–2000]"
"Barbados","2003","19 [17–21]","320","1700 [1500–1900]"
"Barbados","2002","3 [3–3]","49","1600 [1500–1800]"
"Barbados","2001","0 [0–0]","4","1600 [1400–1800]"
"Barbados","2000","0 [0–0]","1","1600 [1400–1700]"
"Belarus","2022","79 [62–100]","21242","27 000 [21 000–36 000]"
"Belarus","2021","75 [60–98]","20069","27 000 [21 000–35 000]"
"Belarus","2020","72 [57–93]","18765","26 000 [21 000–34 000]"
"Belarus","2019","69 [56–89]","17714","26 000 [21 000–33 000]"
"Belarus","2018","63 [51–79]","15524","25 000 [20 000–31 000]"
"Belarus","2017","47 [39–59]","11242","24 000 [20 000–30 000]"
"Belarus","2016","38 [31–46]","8564","23 000 [19 000–28 000]"
"Belarus","2015","34 [29–42]","7392","21 000 [18 000–26 000]"
"Belarus","2014","29 [24–35]","5918","20 000 [17 000–24 000]"
"Belarus","2013","28 [23–33]","5181","19 000 [15 000–22 000]"
"Belarus","2012","25 [20–30]","4274","17 000 [14 000–21 000]"
"Belarus","2011","21 [17–25]","3223","16 000 [13 000–19 000]"
"Belarus","2010","19 [15–23]","2615","14 000 [12 000–17 000]"
"Belarus","2009","14 [11–17]","1745","12 000 [10 000–15 000]"
"Belarus","2008","11 [9–14]","1249","11 000 [8900–13 000]"
"Belarus","2007","9 [8–12]","884","9400 [7600–12 000]"
"Belarus","2006","8 [7–10]","638","7800 [6400–9800]"
"Belarus","2005","2 [2–3]","161","6500 [5200–8100]"
"Belarus","2004","1 [1–2]","68","5300 [4200–6700]"
"Belarus","2003","0 [0–0]","11","4200 [3300–5500]"
"Belarus","2002","0 [0–0]","3","3400 [2600–4400]"
"Belarus","2001","0 [0–0]","0","2700 [2000–3500]"
"Belarus","2000","0 [0–0]","0","2100 [1600–2800]"
"Belgium","2022","No data","No data","19 000 [16 000–23 000]"
"Belgium","2021","84 [70–98]","16075","19 000 [16 000–22 000]"
"Belgium","2020","83 [69–95]","15445","19 000 [16 000–22 000]"
"Belgium","2019","84 [71–96]","15348","18 000 [15 000–21 000]"
"Belgium","2018","83 [71–94]","14911","18 000 [15 000–20 000]"
"Belgium","2017","82 [71–93]","14461","18 000 [15 000–20 000]"
"Belgium","2016","81 [69–91]","13819","17 000 [15 000–19 000]"
"Belgium","2015","79 [68–88]","13063","17 000 [14 000–19 000]"
"Belgium","2014","75 [65–84]","12155","16 000 [14 000–18 000]"
"Belgium","2013","73 [63–80]","11271","16 000 [13 000–17 000]"
"Belgium","2012","69 [60–75]","10287","15 000 [13 000–16 000]"
"Belgium","2011","65 [56–71]","9242","14 000 [12 000–16 000]"
"Belgium","2010","60 [52–65]","8164","14 000 [12 000–15 000]"
"Belgium","2009","55 [48–60]","7142","13 000 [11 000–14 000]"
"Belgium","2008","51 [45–55]","6244","12 000 [11 000–13 000]"
"Belgium","2007","48 [42–51]","5480","11 000 [10 000–12 000]"
"Belgium","2006","45 [39–48]","4830","11 000 [9500–12 000]"
"Belgium","2005","43 [38–46]","4362","10 000 [8900–11 000]"
"Belgium","2004","41 [36–44]","3893","9500 [8400–10 000]"
"Belgium","2003","38 [34–42]","3424","8900 [7800–9600]"
"Belgium","2002","36 [32–39]","2990","8300 [7300–9000]"
"Belgium","2001","33 [29–36]","2568","7700 [6800–8400]"
"Belgium","2000","30 [27–33]","2160","7200 [6300–7800]"
"Belize","2022","44 [40–48]","1620","3700 [3400–4000]"
"Belize","2021","46 [42–49]","1667","3700 [3400–4000]"
"Belize","2020","44 [41–48]","1605","3600 [3400–3900]"
"Belize","2019","44 [41–47]","1581","3600 [3400–3900]"
"Belize","2018","43 [40–46]","1524","3600 [3300–3800]"
"Belize","2017","40 [38–43]","1417","3500 [3300–3700]"
"Belize","2016","40 [38–43]","1391","3400 [3200–3700]"
"Belize","2015","38 [36–40]","1290","3400 [3200–3600]"
"Belize","2014","36 [33–38]","1179","3300 [3100–3500]"
"Belize","2013","34 [32–36]","1106","3200 [3000–3400]"
"Belize","2012","31 [29–33]","971","3100 [2900–3300]"
"Belize","2011","30 [28–32]","912","3000 [2800–3200]"
"Belize","2010","27 [25–28]","779","2900 [2700–3100]"
"Belize","2009","24 [22–26]","672","2800 [2600–3000]"
"Belize","2008","18 [17–20]","490","2700 [2500–2800]"
"Belize","2007","15 [14–16]","379","2500 [2400–2700]"
"Belize","2006","14 [13–15]","333","2400 [2200–2600]"
"Belize","2005","11 [11–12]","259","2300 [2100–2400]"
"Belize","2004","7 [6–7]","147","2100 [2000–2300]"
"Belize","2003","8 [7–8]","152","2000 [1800–2100]"
"Belize","2002","3 [3–4]","60","1800 [1700–1900]"
"Belize","2001","1 [1–1]","16","1600 [1500–1800]"
"Belize","2000","1 [0–1]","8","1500 [1300–1600]"
"Benin","2022","81 [68–96]","58848","72 000 [60 000–85 000]"
"Benin","2021","74 [62–87]","54398","73 000 [61 000–86 000]"
"Benin","2020","67 [56–79]","49548","74 000 [62 000–87 000]"
"Benin","2019","65 [55–77]","48986","75 000 [63 000–87 000]"
"Benin","2018","58 [49–68]","44232","76 000 [64 000–88 000]"
"Benin","2017","50 [42–59]","38360","76 000 [64 000–89 000]"
"Benin","2016","50 [42–58]","38111","76 000 [64 000–89 000]"
"Benin","2015","44 [37–51]","33602","76 000 [64 000–89 000]"
"Benin","2014","38 [32–44]","28850","77 000 [64 000–90 000]"
"Benin","2013","33 [28–38]","24811","76 000 [64 000–89 000]"
"Benin","2012","37 [31–44]","27888","75 000 [63 000–88 000]"
"Benin","2011","35 [29–40]","25535","74 000 [62 000–86 000]"
"Benin","2010","28 [24–32]","20108","72 000 [61 000–84 000]"
"Benin","2009","23 [19–27]","16171","71 000 [60 000–82 000]"
"Benin","2008","17 [15–20]","12079","69 000 [58 000–80 000]"
"Benin","2007","0 [0–0]","0","68 000 [58 000–79 000]"
"Benin","2006","0 [0–0]","0","69 000 [59 000–80 000]"
"Benin","2005","0 [0–0]","0","69 000 [59 000–80 000]"
"Benin","2004","0 [0–0]","0","68 000 [59 000–79 000]"
"Benin","2003","0 [0–0]","0","68 000 [59 000–79 000]"
"Benin","2002","0 [0–0]","0","67 000 [57 000–78 000]"
"Benin","2001","0 [0–0]","0","65 000 [56 000–77 000]"
"Benin","2000","0 [0–0]","0","63 000 [54 000–75 000]"
"Bhutan","2022","57 [49–65]","636","1100 [960–1300]"
"Bhutan","2021","53 [46–61]","581","1100 [950–1200]"
"Bhutan","2020","50 [44–57]","536","1100 [930–1200]"
"Bhutan","2019","48 [42–53]","496","1000 [910–1200]"
"Bhutan","2018","46 [40–51]","472","1000 [890–1100]"
"Bhutan","2017","40 [35–44]","396","1000 [880–1100]"
"Bhutan","2016","32 [28–35]","312","980 [860–1100]"
"Bhutan","2015","27 [23–29]","262","980 [850–1100]"
"Bhutan","2014","20 [17–21]","191","980 [850–1100]"
"Bhutan","2013","16 [14–18]","156","970 [850–1100]"
"Bhutan","2012","12 [11–13]","118","970 [840–1100]"
"Bhutan","2011","9 [7–10]","84","960 [830–1100]"
"Bhutan","2010","7 [6–8]","64","960 [820–1100]"
"Bhutan","2009","5 [4–5]","44","940 [770–1100]"
"Bhutan","2008","4 [3–4]","34","920 [700–1100]"
"Bhutan","2007","2 [2–3]","21","880 [620–1100]"
"Bhutan","2006","2 [1–2]","13","830 [540–1100]"
"Bhutan","2005","1 [0–1]","4","760 [<500–1000]"
"Bhutan","2004","0 [0–0]","1","670 [<500–950]"
"Bhutan","2003","0 [0–0]","0","570 [<500–830]"
"Bhutan","2002","0 [0–0]","0","<500 [<200–700]"
"Bhutan","2001","0 [0–0]","0","<500 [<200–550]"
"Bhutan","2000","0 [0–0]","0","<500 [<100–<500]"
"Bolivia (Plurinational State of)","2022","52 [44–62]","15482","30 000 [25 000–35 000]"
"Bolivia (Plurinational State of)","2021","52 [44–62]","14648","28 000 [24 000–34 000]"
"Bolivia (Plurinational State of)","2020","47 [41–57]","12924","27 000 [23 000–33 000]"
"Bolivia (Plurinational State of)","2019","44 [38–53]","11639","26 000 [23 000–32 000]"
"Bolivia (Plurinational State of)","2018","39 [34–47]","9895","25 000 [22 000–31 000]"
"Bolivia (Plurinational State of)","2017","31 [27–38]","7556","24 000 [21 000–30 000]"
"Bolivia (Plurinational State of)","2016","27 [24–33]","6429","24 000 [20 000–29 000]"
"Bolivia (Plurinational State of)","2015","23 [20–28]","5274","23 000 [20 000–27 000]"
"Bolivia (Plurinational State of)","2014","17 [15–21]","3803","22 000 [19 000–26 000]"
"Bolivia (Plurinational State of)","2013","14 [12–17]","2965","21 000 [18 000–26 000]"
"Bolivia (Plurinational State of)","2012","11 [10–14]","2346","21 000 [17 000–25 000]"
"Bolivia (Plurinational State of)","2011","6 [5–8]","1266","20 000 [17 000–24 000]"
"Bolivia (Plurinational State of)","2010","6 [5–8]","1261","20 000 [16 000–23 000]"
"Bolivia (Plurinational State of)","2009","6 [5–7]","1103","19 000 [16 000–23 000]"
"Bolivia (Plurinational State of)","2008","3 [3–4]","643","18 000 [15 000–22 000]"
"Bolivia (Plurinational State of)","2007","3 [2–3]","488","18 000 [15 000–21 000]"
"Bolivia (Plurinational State of)","2006","2 [2–3]","380","17 000 [14 000–21 000]"
"Bolivia (Plurinational State of)","2005","2 [1–2]","258","17 000 [14 000–20 000]"
"Bolivia (Plurinational State of)","2004","1 [1–1]","128","16 000 [13 000–19 000]"
"Bolivia (Plurinational State of)","2003","1 [0–1]","95","15 000 [12 000–19 000]"
"Bolivia (Plurinational State of)","2002","0 [0–1]","63","15 000 [12 000–18 000]"
"Bolivia (Plurinational State of)","2001","0 [0–0]","30","14 000 [11 000–18 000]"
"Bolivia (Plurinational State of)","2000","0 [0–0]","0","13 000 [10 000–17 000]"
"Bosnia and Herzegovina","2022","No data","No data","No data"
"Bosnia and Herzegovina","2021","No data","No data","No data"
"Bosnia and Herzegovina","2020","No data","No data","No data"
"Bosnia and Herzegovina","2019","No data","No data","No data"
"Bosnia and Herzegovina","2018","No data","No data","No data"
"Bosnia and Herzegovina","2017","No data","No data","No data"
"Bosnia and Herzegovina","2016","No data","No data","No data"
"Bosnia and Herzegovina","2015","No data","No data","No data"
"Bosnia and Herzegovina","2014","No data","No data","No data"
"Bosnia and Herzegovina","2013","No data","No data","No data"
"Bosnia and Herzegovina","2012","No data","No data","No data"
"Bosnia and Herzegovina","2011","No data","No data","No data"
"Bosnia and Herzegovina","2010","No data","No data","No data"
"Bosnia and Herzegovina","2009","No data","No data","No data"
"Bosnia and Herzegovina","2008","No data","No data","No data"
"Bosnia and Herzegovina","2007","No data","No data","No data"
"Bosnia and Herzegovina","2006","No data","No data","No data"
"Bosnia and Herzegovina","2005","No data","No data","No data"
"Bosnia and Herzegovina","2004","No data","No data","No data"
"Bosnia and Herzegovina","2003","No data","No data","No data"
"Bosnia and Herzegovina","2002","No data","No data","No data"
"Bosnia and Herzegovina","2001","No data","No data","No data"
"Bosnia and Herzegovina","2000","No data","No data","No data"
"Botswana","2022","93 [87–99]","320774","340 000 [320 000–360 000]"
"Botswana","2021","92 [86–97]","317861","350 000 [320 000–360 000]"
"Botswana","2020","89 [83–93]","308195","350 000 [330 000–370 000]"
"Botswana","2019","90 [85–95]","313850","350 000 [330 000–370 000]"
"Botswana","2018","88 [84–92]","307377","350 000 [330 000–360 000]"
"Botswana","2017","83 [79–86]","285983","350 000 [330 000–360 000]"
"Botswana","2016","80 [76–83]","273054","340 000 [330 000–360 000]"
"Botswana","2015","75 [72–78]","255119","340 000 [320 000–350 000]"
"Botswana","2014","69 [66–72]","232292","330 000 [320 000–350 000]"
"Botswana","2013","68 [65–71]","223506","330 000 [320 000–340 000]"
"Botswana","2012","63 [60–65]","205036","330 000 [310 000–340 000]"
"Botswana","2011","55 [53–58]","177776","320 000 [310 000–330 000]"
"Botswana","2010","51 [49–52]","159350","310 000 [300 000–330 000]"
"Botswana","2009","45 [43–47]","139247","310 000 [300 000–320 000]"
"Botswana","2008","38 [36–39]","114360","300 000 [290 000–310 000]"
"Botswana","2007","30 [29–31]","90220","300 000 [290 000–310 000]"
"Botswana","2006","26 [25–27]","75303","290 000 [280 000–300 000]"
"Botswana","2005","19 [19–20]","55558","290 000 [280 000–300 000]"
"Botswana","2004","13 [12–13]","36422","280 000 [280 000–290 000]"
"Botswana","2003","6 [6–6]","16769","280 000 [270 000–290 000]"
"Botswana","2002","2 [2–2]","6156","280 000 [270 000–290 000]"
"Botswana","2001","1 [1–1]","2000","270 000 [270 000–280 000]"
"Botswana","2000","0 [0–0]","1000","270 000 [260 000–280 000]"
"Brazil","2022","74 [68–80]","730929","990 000 [910 000–1 100 000]"
"Brazil","2021","73 [67–79]","699756","960 000 [880 000–1 000 000]"
"Brazil","2020","72 [66–77]","664624","930 000 [860 000–1 000 000]"
"Brazil","2019","71 [65–76]","633199","900 000 [830 000–960 000]"
"Brazil","2018","68 [63–74]","593383","870 000 [800 000–930 000]"
"Brazil","2017","65 [60–70]","547519","840 000 [770 000–900 000]"
"Brazil","2016","61 [57–66]","495111","810 000 [750 000–870 000]"
"Brazil","2015","58 [54–62]","452384","780 000 [720 000–840 000]"
"Brazil","2014","52 [49–56]","394365","750 000 [700 000–800 000]"
"Brazil","2013","47 [44–51]","343263","720 000 [670 000–770 000]"
"Brazil","2012","44 [41–47]","303486","700 000 [640 000–740 000]"
"Brazil","2011","41 [38–43]","269963","670 000 [620 000–710 000]"
"Brazil","2010","38 [35–41]","242911","640 000 [590 000–680 000]"
"Brazil","2009","35 [33–38]","214526","610 000 [560 000–640 000]"
"Brazil","2008","34 [31–36]","194984","580 000 [540 000–610 000]"
"Brazil","2007","34 [31–36]","184627","550 000 [510 000–580 000]"
"Brazil","2006","34 [31–36]","174270","520 000 [480 000–550 000]"
"Brazil","2005","36 [33–38]","174000","490 000 [460 000–520 000]"
"Brazil","2004","34 [32–36]","156670","460 000 [430 000–490 000]"
"Brazil","2003","33 [30–34]","139868","430 000 [400 000–450 000]"
"Brazil","2002","31 [29–33]","124762","400 000 [370 000–420 000]"
"Brazil","2001","30 [29–32]","113191","370 000 [350 000–390 000]"
"Brazil","2000","27 [25–29]","93414","340 000 [320 000–360 000]"
"Brunei Darussalam","2022","No data","No data","No data"
"Brunei Darussalam","2021","No data","No data","No data"
"Brunei Darussalam","2020","No data","No data","No data"
"Brunei Darussalam","2019","No data","No data","No data"
"Brunei Darussalam","2018","No data","No data","No data"
"Brunei Darussalam","2017","No data","No data","No data"
"Brunei Darussalam","2016","No data","No data","No data"
"Brunei Darussalam","2015","No data","No data","No data"
"Brunei Darussalam","2014","No data","No data","No data"
"Brunei Darussalam","2013","No data","No data","No data"
"Brunei Darussalam","2012","No data","No data","No data"
"Brunei Darussalam","2011","No data","No data","No data"
"Brunei Darussalam","2010","No data","No data","No data"
"Brunei Darussalam","2009","No data","No data","No data"
"Brunei Darussalam","2008","No data","No data","No data"
"Brunei Darussalam","2007","0 [0–0]","No data","No data"
"Brunei Darussalam","2006","0 [0–0]","No data","No data"
"Brunei Darussalam","2005","0 [0–0]","No data","No data"
"Brunei Darussalam","2004","0 [0–0]","No data","No data"
"Brunei Darussalam","2003","0 [0–0]","No data","No data"
"Brunei Darussalam","2002","0 [0–0]","No data","No data"
"Brunei Darussalam","2001","0 [0–0]","No data","No data"
"Brunei Darussalam","2000","0 [0–0]","No data","No data"
"Bulgaria","2022","60 [51–70]","2173","3600 [3000–4200]"
"Bulgaria","2021","56 [47–65]","1933","3400 [2900–4000]"
"Bulgaria","2020","54 [46–62]","1793","3300 [2800–3800]"
"Bulgaria","2019","53 [44–60]","1658","3200 [2700–3600]"
"Bulgaria","2018","48 [41–55]","1453","3000 [2500–3400]"
"Bulgaria","2017","42 [35–47]","1204","2900 [2400–3200]"
"Bulgaria","2016","36 [30–40]","980","2700 [2300–3000]"
"Bulgaria","2015","32 [27–36]","829","2600 [2200–2900]"
"Bulgaria","2014","29 [25–33]","721","2400 [2000–2700]"
"Bulgaria","2013","27 [23–30]","637","2300 [1900–2600]"
"Bulgaria","2012","25 [21–27]","542","2200 [1900–2400]"
"Bulgaria","2011","22 [18–24]","455","2100 [1800–2300]"
"Bulgaria","2010","19 [16–21]","386","2000 [1700–2200]"
"Bulgaria","2009","17 [15–19]","330","1900 [1600–2100]"
"Bulgaria","2008","14 [12–15]","250","1800 [1500–2000]"
"Bulgaria","2007","13 [11–14]","224","1700 [1400–1900]"
"Bulgaria","2006","12 [10–13]","196","1700 [1400–1900]"
"Bulgaria","2005","11 [9–12]","178","1600 [1400–1800]"
"Bulgaria","2004","10 [9–11]","157","1500 [1300–1700]"
"Bulgaria","2003","9 [8–11]","138","1500 [1300–1700]"
"Bulgaria","2002","7 [6–8]","97","1400 [1200–1600]"
"Bulgaria","2001","7 [6–8]","93","1400 [1200–1600]"
"Bulgaria","2000","5 [5–6]","71","1300 [1100–1500]"
"Burkina Faso","2022","81 [69–95]","78511","97 000 [84 000–110 000]"
"Burkina Faso","2021","75 [65–88]","74340","99 000 [85 000–120 000]"
"Burkina Faso","2020","69 [59–80]","69207","100 000 [87 000–120 000]"
"Burkina Faso","2019","67 [58–78]","68739","100 000 [89 000–120 000]"
"Burkina Faso","2018","57 [49–67]","60037","100 000 [90 000–120 000]"
"Burkina Faso","2017","58 [50–68]","61509","110 000 [92 000–130 000]"
"Burkina Faso","2016","53 [45–62]","57144","110 000 [94 000–130 000]"
"Burkina Faso","2015","47 [41–55]","52248","110 000 [96 000–130 000]"
"Burkina Faso","2014","42 [36–49]","46623","110 000 [97 000–130 000]"
"Burkina Faso","2013","37 [32–43]","42126","110 000 [99 000–130 000]"
"Burkina Faso","2012","33 [29–39]","38652","120 000 [100 000–140 000]"
"Burkina Faso","2011","31 [27–36]","36248","120 000 [100 000–140 000]"
"Burkina Faso","2010","26 [23–31]","31543","120 000 [100 000–140 000]"
"Burkina Faso","2009","22 [19–25]","26448","120 000 [110 000–140 000]"
"Burkina Faso","2008","17 [15–20]","21103","120 000 [110 000–140 000]"
"Burkina Faso","2007","13 [11–14]","15494","120 000 [110 000–140 000]"
"Burkina Faso","2006","10 [9–12]","12842","130 000 [110 000–150 000]"
"Burkina Faso","2005","6 [6–7]","8136","130 000 [110 000–150 000]"
"Burkina Faso","2004","3 [3–4]","3984","130 000 [110 000–150 000]"
"Burkina Faso","2003","1 [1–1]","1524","130 000 [120 000–160 000]"
"Burkina Faso","2002","0 [0–0]","0","140 000 [120 000–160 000]"
"Burkina Faso","2001","0 [0–0]","0","140 000 [120 000–170 000]"
"Burkina Faso","2000","0 [0–0]","0","140 000 [120 000–170 000]"
"Burundi","2022","85 [75–97]","68379","80 000 [71 000–92 000]"
"Burundi","2021","83 [74–95]","67546","81 000 [72 000–93 000]"
"Burundi","2020","80 [71–92]","65977","82 000 [73 000–94 000]"
"Burundi","2019","78 [68–89]","64387","83 000 [73 000–96 000]"
"Burundi","2018","72 [63–83]","60047","83 000 [73 000–96 000]"
"Burundi","2017","67 [59–77]","55680","83 000 [74 000–96 000]"
"Burundi","2016","61 [54–70]","51476","85 000 [76 000–98 000]"
"Burundi","2015","48 [43–55]","41993","87 000 [78 000–100 000]"
"Burundi","2014","40 [36–46]","36796","91 000 [82 000–100 000]"
"Burundi","2013","35 [32–40]","32829","93 000 [83 000–110 000]"
"Burundi","2012","31 [28–35]","29185","94 000 [84 000–110 000]"
"Burundi","2011","28 [25–31]","26431","95 000 [86 000–110 000]"
"Burundi","2010","23 [21–26]","22735","98 000 [88 000–110 000]"
"Burundi","2009","18 [16–20]","17661","100 000 [89 000–110 000]"
"Burundi","2008","14 [13–16]","14343","99 000 [88 000–110 000]"
"Burundi","2007","11 [10–12]","10928","100 000 [90 000–110 000]"
"Burundi","2006","8 [7–9]","8048","100 000 [92 000–120 000]"
"Burundi","2005","6 [5–7]","6416","110 000 [94 000–120 000]"
"Burundi","2004","4 [3–4]","3900","110 000 [98 000–130 000]"
"Burundi","2003","1 [1–1]","1331","110 000 [100 000–130 000]"
"Burundi","2002","1 [0–1]","657","120 000 [100 000–140 000]"
"Burundi","2001","0 [0–1]","595","120 000 [110 000–150 000]"
"Burundi","2000","0 [0–0]","38","130 000 [110 000–150 000]"
"Cote d'Ivoire","2022","72 [62–82]","292663","410 000 [350 000–470 000]"
"Cote d'Ivoire","2021","70 [61–80]","289135","410 000 [360 000–470 000]"
"Cote d'Ivoire","2020","67 [59–76]","280848","420 000 [370 000–480 000]"
"Cote d'Ivoire","2019","63 [56–71]","269137","430 000 [380 000–480 000]"
"Cote d'Ivoire","2018","58 [52–66]","252125","430 000 [380 000–490 000]"
"Cote d'Ivoire","2017","52 [46–59]","230463","440 000 [390 000–490 000]"
"Cote d'Ivoire","2016","42 [38–48]","189964","450 000 [400 000–510 000]"
"Cote d'Ivoire","2015","35 [31–39]","158002","460 000 [410 000–510 000]"
"Cote d'Ivoire","2014","30 [27–34]","140710","470 000 [420 000–530 000]"
"Cote d'Ivoire","2013","26 [23–29]","122959","480 000 [430 000–540 000]"
"Cote d'Ivoire","2012","22 [20–25]","109925","490 000 [440 000–560 000]"
"Cote d'Ivoire","2011","19 [17–22]","98464","510 000 [460 000–580 000]"
"Cote d'Ivoire","2010","16 [14–18]","81458","520 000 [470 000–600 000]"
"Cote d'Ivoire","2009","14 [13–16]","76331","540 000 [480 000–620 000]"
"Cote d'Ivoire","2008","10 [9–11]","54063","560 000 [500 000–640 000]"
"Cote d'Ivoire","2007","6 [6–7]","36521","580 000 [520 000–660 000]"
"Cote d'Ivoire","2006","5 [4–5]","28430","600 000 [530 000–690 000]"
"Cote d'Ivoire","2005","3 [3–3]","18743","620 000 [550 000–710 000]"
"Cote d'Ivoire","2004","1 [1–1]","6265","650 000 [570 000–750 000]"
"Cote d'Ivoire","2003","0 [0–1]","3365","680 000 [590 000–770 000]"
"Cote d'Ivoire","2002","0 [0–0]","3008","700 000 [610 000–800 000]"
"Cote d'Ivoire","2001","0 [0–0]","1800","720 000 [620 000–810 000]"
"Cote d'Ivoire","2000","0 [0–0]","223","740 000 [640 000–850 000]"
"Cabo Verde","2022","87 [73–100]","3134","3600 [3100–4400]"
"Cabo Verde","2021","80 [69–96]","2847","3500 [3000–4200]"
"Cabo Verde","2020","74 [63–87]","2552","3400 [3000–4000]"
"Cabo Verde","2019","70 [61–82]","2353","3300 [2900–3900]"
"Cabo Verde","2018","68 [59–79]","2191","3200 [2800–3700]"
"Cabo Verde","2017","60 [52–69]","1857","3100 [2700–3600]"
"Cabo Verde","2016","53 [47–61]","1583","3000 [2600–3400]"
"Cabo Verde","2015","54 [47–61]","1523","2800 [2500–3200]"
"Cabo Verde","2014","54 [48–62]","1475","2700 [2400–3100]"
"Cabo Verde","2013","49 [44–56]","1292","2600 [2300–3000]"
"Cabo Verde","2012","42 [38–48]","1068","2500 [2200–2800]"
"Cabo Verde","2011","36 [32–41]","870","2400 [2100–2700]"
"Cabo Verde","2010","33 [29–37]","757","2300 [2100–2700]"
"Cabo Verde","2009","26 [23–31]","595","2200 [2000–2600]"
"Cabo Verde","2008","27 [23–31]","579","2200 [1900–2500]"
"Cabo Verde","2007","21 [18–25]","445","2100 [1800–2500]"
"Cabo Verde","2006","15 [13–17]","298","2100 [1800–2500]"
"Cabo Verde","2005","9 [8–11]","183","2000 [1700–2400]"
"Cabo Verde","2004","1 [1–1]","12","1900 [1700–2400]"
"Cabo Verde","2003","0 [0–0]","3","1900 [1600–2400]"
"Cabo Verde","2002","0 [0–0]","2","1900 [1500–2300]"
"Cabo Verde","2001","0 [0–0]","1","1800 [1400–2300]"
"Cabo Verde","2000","0 [0–0]","1","1700 [1300–2200]"
"Cambodia","2022","86 [72–97]","64931","76 000 [63 000–85 000]"
"Cambodia","2021","82 [69–93]","62561","76 000 [64 000–86 000]"
"Cambodia","2020","81 [69–92]","62310","76 000 [65 000–86 000]"
"Cambodia","2019","80 [68–90]","61371","77 000 [65 000–86 000]"
"Cambodia","2018","76 [66–85]","59209","78 000 [67 000–87 000]"
"Cambodia","2017","72 [62–80]","56668","78 000 [67 000–87 000]"
"Cambodia","2016","69 [60–76]","54653","79 000 [68 000–87 000]"
"Cambodia","2015","66 [57–73]","52454","80 000 [69 000–88 000]"
"Cambodia","2014","62 [54–69]","50435","81 000 [70 000–89 000]"
"Cambodia","2013","59 [51–65]","48309","81 000 [70 000–90 000]"
"Cambodia","2012","57 [49–62]","46433","82 000 [71 000–90 000]"
"Cambodia","2011","53 [46–59]","44013","82 000 [72 000–91 000]"
"Cambodia","2010","49 [43–54]","40515","83 000 [72 000–91 000]"
"Cambodia","2009","43 [38–47]","35479","83 000 [72 000–91 000]"
"Cambodia","2008","36 [31–40]","29759","83 000 [71 000–91 000]"
"Cambodia","2007","29 [25–32]","23782","83 000 [71 000–91 000]"
"Cambodia","2006","21 [18–24]","17725","83 000 [71 000–91 000]"
"Cambodia","2005","12 [10–13]","9752","83 000 [72 000–92 000]"
"Cambodia","2004","7 [6–8]","5974","84 000 [73 000–93 000]"
"Cambodia","2003","3 [2–3]","2230","85 000 [73 000–94 000]"
"Cambodia","2002","0 [0–1]","392","85 000 [73 000–94 000]"
"Cambodia","2001","0 [0–0]","71","84 000 [72 000–94 000]"
"Cambodia","2000","0 [0–0]","17","82 000 [70 000–92 000]"
"Cameroon","2022","88 [82–96]","424653","480 000 [450 000–520 000]"
"Cameroon","2021","80 [75–87]","388780","480 000 [450 000–520 000]"
"Cameroon","2020","72 [67–77]","350837","490 000 [460 000–530 000]"
"Cameroon","2019","64 [60–68]","312441","490 000 [460 000–530 000]"
"Cameroon","2018","57 [53–61]","281083","490 000 [460 000–530 000]"
"Cameroon","2017","51 [48–55]","253715","500 000 [470 000–540 000]"
"Cameroon","2016","41 [39–44]","205382","500 000 [470 000–540 000]"
"Cameroon","2015","33 [31–36]","168249","500 000 [470 000–540 000]"
"Cameroon","2014","29 [27–31]","145038","510 000 [480 000–540 000]"
"Cameroon","2013","26 [24–28]","131594","510 000 [480 000–540 000]"
"Cameroon","2012","24 [23–26]","122783","510 000 [480 000–550 000]"
"Cameroon","2011","21 [19–23]","105653","510 000 [470 000–550 000]"
"Cameroon","2010","18 [16–19]","89455","510 000 [470 000–550 000]"
"Cameroon","2009","15 [14–16]","76228","500 000 [470 000–550 000]"
"Cameroon","2008","12 [11–13]","59960","500 000 [460 000–540 000]"
"Cameroon","2007","9 [9–10]","45817","490 000 [460 000–540 000]"
"Cameroon","2006","6 [5–6]","28403","490 000 [450 000–530 000]"
"Cameroon","2005","5 [5–5]","23820","480 000 [440 000–530 000]"
"Cameroon","2004","3 [3–3]","14000","470 000 [430 000–510 000]"
"Cameroon","2003","0 [0–0]","1794","460 000 [420 000–510 000]"
"Cameroon","2002","0 [0–0]","723","450 000 [410 000–490 000]"
"Cameroon","2001","0 [0–0]","422","430 000 [390 000–480 000]"
"Cameroon","2000","0 [0–0]","211","400 000 [360 000–450 000]"
"Canada","2022","No data","No data","No data"
"Canada","2021","No data","No data","No data"
"Canada","2020","78 [65–89]","49168","63 000 [52 000–72 000]"
"Canada","2019","76 [63–87]","47088","62 000 [51 000–70 000]"
"Canada","2018","75 [62–85]","44951","60 000 [50 000–69 000]"
"Canada","2017","74 [61–84]","43033","58 000 [48 000–67 000]"
"Canada","2016","72 [60–82]","41113","57 000 [47 000–65 000]"
"Canada","2015","69 [58–79]","38298","55 000 [46 000–63 000]"
"Canada","2014","66 [55–75]","35481","54 000 [45 000–61 000]"
"Canada","2013","62 [52–71]","32670","52 000 [44 000–59 000]"
"Canada","2012","49 [41–55]","24927","51 000 [43 000–58 000]"
"Canada","2011","47 [40–53]","23764","50 000 [42 000–56 000]"
"Canada","2010","46 [39–52]","22544","49 000 [41 000–55 000]"
"Canada","2009","45 [38–50]","21265","47 000 [40 000–53 000]"
"Canada","2008","36 [30–40]","16512","46 000 [39 000–52 000]"
"Canada","2007","34 [29–39]","15579","45 000 [38 000–51 000]"
"Canada","2006","33 [28–37]","14621","44 000 [37 000–50 000]"
"Canada","2005","31 [26–35]","13656","43 000 [36 000–49 000]"
"Canada","2004","30 [25–34]","12679","42 000 [35 000–48 000]"
"Canada","2003","28 [24–32]","11689","41 000 [34 000–46 000]"
"Canada","2002","27 [22–31]","10676","40 000 [33 000–45 000]"
"Canada","2001","21 [18–24]","8159","38 000 [32 000–43 000]"
"Canada","2000","19 [15–21]","6859","37 000 [31 000–42 000]"
"Central African Republic","2022","49 [37–73]","61076","120 000 [95 000–180 000]"
"Central African Republic","2021","46 [36–66]","56123","120 000 [95 000–170 000]"
"Central African Republic","2020","42 [34–58]","50805","120 000 [96 000–170 000]"
"Central African Republic","2019","40 [32–52]","47032","120 000 [96 000–160 000]"
"Central African Republic","2018","34 [27–43]","39641","120 000 [96 000–150 000]"
"Central African Republic","2017","31 [26–38]","36703","120 000 [96 000–140 000]"
"Central African Republic","2016","27 [23–32]","31593","120 000 [98 000–140 000]"
"Central African Republic","2015","23 [20–28]","27493","120 000 [100 000–140 000]"
"Central African Republic","2014","20 [17–24]","24142","120 000 [100 000–140 000]"
"Central African Republic","2013","13 [11–15]","16568","130 000 [110 000–150 000]"
"Central African Republic","2012","13 [11–15]","16632","130 000 [110 000–150 000]"
"Central African Republic","2011","11 [9–12]","14405","140 000 [120 000–160 000]"
"Central African Republic","2010","11 [10–13]","15287","140 000 [120 000–160 000]"
"Central African Republic","2009","9 [8–11]","13234","140 000 [130 000–160 000]"
"Central African Republic","2008","8 [7–10]","11864","140 000 [130 000–170 000]"
"Central African Republic","2007","4 [4–5]","6054","150 000 [130 000–170 000]"
"Central African Republic","2006","2 [2–2]","2860","150 000 [130 000–170 000]"
"Central African Republic","2005","1 [1–1]","1647","150 000 [130 000–180 000]"
"Central African Republic","2004","0 [0–0]","525","160 000 [130 000–180 000]"
"Central African Republic","2003","0 [0–0]","393","160 000 [140 000–190 000]"
"Central African Republic","2002","0 [0–0]","262","160 000 [140 000–190 000]"
"Central African Republic","2001","0 [0–0]","131","160 000 [140 000–200 000]"
"Central African Republic","2000","0 [0–0]","52","160 000 [140 000–200 000]"
"Chad","2022","77 [63–95]","88634","120 000 [95 000–140 000]"
"Chad","2021","72 [60–87]","83792","120 000 [97 000–140 000]"
"Chad","2020","66 [56–80]","77017","120 000 [98 000–140 000]"
"Chad","2019","60 [51–72]","69379","120 000 [99 000–140 000]"
"Chad","2018","56 [48–67]","64587","120 000 [99 000–140 000]"
"Chad","2017","51 [44–61]","58582","120 000 [99 000–140 000]"
"Chad","2016","46 [40–56]","52542","110 000 [99 000–140 000]"
"Chad","2015","42 [36–50]","47032","110 000 [98 000–140 000]"
"Chad","2014","37 [32–44]","41522","110 000 [97 000–140 000]"
"Chad","2013","35 [30–42]","38873","110 000 [96 000–130 000]"
"Chad","2012","33 [28–40]","36526","110 000 [93 000–130 000]"
"Chad","2011","30 [25–37]","32832","110 000 [91 000–130 000]"
"Chad","2010","26 [22–32]","27587","110 000 [87 000–130 000]"
"Chad","2009","24 [20–30]","24990","100 000 [84 000–130 000]"
"Chad","2008","18 [14–22]","18080","100 000 [82 000–130 000]"
"Chad","2007","8 [6–10]","7567","100 000 [79 000–120 000]"
"Chad","2006","6 [4–7]","5500","99 000 [79 000–120 000]"
"Chad","2005","2 [1–2]","1600","98 000 [77 000–130 000]"
"Chad","2004","0 [0–1]","450","98 000 [76 000–130 000]"
"Chad","2003","2 [1–2]","1811","97 000 [74 000–120 000]"
"Chad","2002","0 [0–0]","86","94 000 [71 000–120 000]"
"Chad","2001","0 [0–0]","24","93 000 [70 000–120 000]"
"Chad","2000","0 [0–0]","0","91 000 [68 000–120 000]"
"Chile","2022","74 [65–83]","61502","83 000 [73 000–93 000]"
"Chile","2021","74 [65–83]","57078","78 000 [69 000–87 000]"
"Chile","2020","75 [66–84]","54153","73 000 [64 000–82 000]"
"Chile","2019","74 [65–83]","50270","68 000 [60 000–76 000]"
"Chile","2018","72 [63–80]","45103","63 000 [55 000–70 000]"
"Chile","2017","68 [60–76]","39088","58 000 [51 000–64 000]"
"Chile","2016","61 [54–68]","32738","54 000 [47 000–59 000]"
"Chile","2015","56 [50–62]","28081","50 000 [44 000–55 000]"
"Chile","2014","54 [48–60]","25106","46 000 [41 000–51 000]"
"Chile","2013","53 [48–58]","22706","43 000 [38 000–47 000]"
"Chile","2012","49 [44–53]","19071","39 000 [35 000–43 000]"
"Chile","2011","43 [39–47]","15617","36 000 [32 000–39 000]"
"Chile","2010","43 [38–47]","14356","33 000 [30 000–36 000]"
"Chile","2009","41 [37–45]","12762","31 000 [27 000–33 000]"
"Chile","2008","38 [34–41]","10904","29 000 [25 000–31 000]"
"Chile","2007","38 [33–41]","10034","27 000 [24 000–29 000]"
"Chile","2006","35 [31–38]","8696","25 000 [22 000–27 000]"
"Chile","2005","35 [31–38]","8306","24 000 [21 000–26 000]"
"Chile","2004","25 [22–27]","5629","23 000 [20 000–25 000]"
"Chile","2003","22 [20–24]","4882","22 000 [19 000–24 000]"
"Chile","2002","18 [16–20]","3685","21 000 [18 000–22 000]"
"Chile","2001","13 [11–14]","2419","19 000 [17 000–21 000]"
"Chile","2000","10 [9–11]","1780","17 000 [15 000–19 000]"
"China","2022","No data","No data","No data"
"China","2021","No data","No data","No data"
"China","2020","No data","No data","No data"
"China","2019","No data","No data","No data"
"China","2018","No data","No data","No data"
"China","2017","No data","No data","No data"
"China","2016","No data","No data","No data"
"China","2015","No data","No data","No data"
"China","2014","No data","No data","No data"
"China","2013","No data","No data","No data"
"China","2012","No data","No data","No data"
"China","2011","No data","No data","No data"
"China","2010","No data","No data","No data"
"China","2009","No data","No data","No data"
"China","2008","No data","No data","No data"
"China","2007","No data","No data","No data"
"China","2006","No data","No data","No data"
"China","2005","No data","No data","No data"
"China","2004","No data","No data","No data"
"China","2003","No data","No data","No data"
"China","2002","No data","No data","No data"
"China","2001","No data","No data","No data"
"China","2000","No data","No data","No data"
"Colombia","2022","No data","No data","190 000 [150 000–250 000]"
"Colombia","2021","68 [54–88]","125222","180 000 [150 000–240 000]"
"Colombia","2020","73 [58–92]","127410","180 000 [140 000–220 000]"
"Colombia","2019","69 [56–87]","115991","170 000 [140 000–210 000]"
"Colombia","2018","58 [48–72]","91639","160 000 [130 000–200 000]"
"Colombia","2017","52 [43–64]","78228","150 000 [120 000–190 000]"
"Colombia","2016","53 [44–64]","75993","140 000 [120 000–180 000]"
"Colombia","2015","48 [41–58]","66889","140 000 [120 000–170 000]"
"Colombia","2014","42 [35–50]","55319","130 000 [110 000–160 000]"
"Colombia","2013","38 [32–45]","48249","130 000 [110 000–150 000]"
"Colombia","2012","33 [27–39]","40080","120 000 [100 000–150 000]"
"Colombia","2011","28 [23–33]","32857","120 000 [99 000–140 000]"
"Colombia","2010","20 [16–24]","22588","120 000 [95 000–140 000]"
"Colombia","2009","14 [11–17]","15531","110 000 [92 000–130 000]"
"Colombia","2008","12 [10–15]","13302","110 000 [88 000–130 000]"
"Colombia","2007","12 [9–14]","12398","110 000 [85 000–130 000]"
"Colombia","2006","14 [11–17]","14382","100 000 [81 000–120 000]"
"Colombia","2005","8 [6–10]","7803","98 000 [77 000–120 000]"
"Colombia","2004","7 [5–8]","6263","95 000 [74 000–120 000]"
"Colombia","2003","5 [4–7]","4722","92 000 [71 000–120 000]"
"Colombia","2002","4 [3–5]","3180","88 000 [67 000–110 000]"
"Colombia","2001","2 [1–3]","1639","84 000 [63 000–110 000]"
"Colombia","2000","0 [0–0]","99","79 000 [59 000–110 000]"
"Comoros","2022","85 [41–100]","100","<200 [<100–<500]"
"Comoros","2021","77 [36–100]","90","<200 [<100–<500]"
"Comoros","2020","73 [34–100]","85","<200 [<100–<500]"
"Comoros","2019","66 [31–100]","77","<200 [<100–<500]"
"Comoros","2018","52 [24–100]","60","<200 [<100–<500]"
"Comoros","2017","43 [20–100]","50","<200 [<100–<500]"
"Comoros","2016","39 [18–92]","44","<200 [<100–<500]"
"Comoros","2015","35 [16–82]","40","<200 [<100–<500]"
"Comoros","2014","27 [12–62]","30","<200 [<100–<500]"
"Comoros","2013","24 [11–57]","27","<200 [<100–<500]"
"Comoros","2012","22 [10–54]","24","<200 [<100–<500]"
"Comoros","2011","18 [9–43]","19","<200 [<100–<500]"
"Comoros","2010","17 [8–38]","17","<200 [<100–<500]"
"Comoros","2009","0 [0–0]","0","<200 [<100–<500]"
"Comoros","2008","0 [0–0]","0","<100 [<100–<500]"
"Comoros","2007","0 [0–0]","0","<100 [<100–<500]"
"Comoros","2006","0 [0–0]","0","<100 [<100–<500]"
"Comoros","2005","0 [0–0]","0","<100 [<100–<500]"
"Comoros","2004","0 [0–0]","0","<100 [<100–<200]"
"Comoros","2003","0 [0–0]","0","<100 [<100–<200]"
"Comoros","2002","0 [0–0]","0","<100 [<100–<200]"
"Comoros","2001","0 [0–0]","0","<100 [<100–<200]"
"Comoros","2000","0 [0–0]","0","<100 [<100–<200]"
"Congo","2022","24 [17–33]","34062","140 000 [100 000–200 000]"
"Congo","2021","22 [16–29]","29487","140 000 [100 000–190 000]"
"Congo","2020","21 [16–28]","27371","130 000 [100 000–170 000]"
"Congo","2019","21 [16–27]","26030","130 000 [99 000–160 000]"
"Congo","2018","21 [17–26]","25251","120 000 [97 000–150 000]"
"Congo","2017","21 [17–25]","23595","110 000 [96 000–140 000]"
"Congo","2016","20 [17–24]","22083","110 000 [94 000–130 000]"
"Congo","2015","19 [17–23]","20682","110 000 [92 000–130 000]"
"Congo","2014","19 [16–22]","19346","100 000 [89 000–120 000]"
"Congo","2013","20 [17–22]","19563","100 000 [88 000–110 000]"
"Congo","2012","18 [16–20]","17234","97 000 [86 000–110 000]"
"Congo","2011","18 [16–20]","16881","95 000 [84 000–110 000]"
"Congo","2010","16 [14–18]","14870","92 000 [82 000–100 000]"
"Congo","2009","14 [12–15]","12169","89 000 [79 000–100 000]"
"Congo","2008","11 [10–13]","9404","84 000 [75 000–95 000]"
"Congo","2007","6 [5–6]","4716","83 000 [73 000–94 000]"
"Congo","2006","4 [3–4]","3186","81 000 [71 000–92 000]"
"Congo","2005","4 [3–4]","2788","79 000 [69 000–90 000]"
"Congo","2004","1 [1–1]","464","77 000 [66 000–88 000]"
"Congo","2003","1 [1–1]","464","76 000 [65 000–88 000]"
"Congo","2002","0 [0–0]","269","75 000 [63 000–87 000]"
"Congo","2001","0 [0–0]","114","76 000 [63 000–89 000]"
"Congo","2000","0 [0–0]","57","76 000 [63 000–91 000]"
"Cook Islands","2022","No data","No data","No data"
"Cook Islands","2021","No data","No data","No data"
"Cook Islands","2020","No data","No data","No data"
"Cook Islands","2019","No data","No data","No data"
"Cook Islands","2018","No data","No data","No data"
"Cook Islands","2017","No data","No data","No data"
"Cook Islands","2016","No data","No data","No data"
"Cook Islands","2015","No data","No data","No data"
"Cook Islands","2014","No data","No data","No data"
"Cook Islands","2013","No data","No data","No data"
"Cook Islands","2012","No data","No data","No data"
"Cook Islands","2011","No data","No data","No data"
"Cook Islands","2010","No data","No data","No data"
"Cook Islands","2009","No data","No data","No data"
"Cook Islands","2008","No data","No data","No data"
"Cook Islands","2007","No data","No data","No data"
"Cook Islands","2006","No data","No data","No data"
"Cook Islands","2005","No data","No data","No data"
"Cook Islands","2004","No data","No data","No data"
"Cook Islands","2003","No data","No data","No data"
"Cook Islands","2002","No data","No data","No data"
"Cook Islands","2001","No data","No data","No data"
"Cook Islands","2000","No data","No data","No data"
"Costa Rica","2022","No data","No data","17 000 [15 000–19 000]"
"Costa Rica","2021","68 [60–76]","11086","16 000 [14 000–18 000]"
"Costa Rica","2020","58 [51–64]","9217","16 000 [14 000–17 000]"
"Costa Rica","2019","59 [52–65]","9058","15 000 [13 000–17 000]"
"Costa Rica","2018","55 [48–60]","8065","15 000 [13 000–16 000]"
"Costa Rica","2017","49 [43–53]","6960","14 000 [13 000–15 000]"
"Costa Rica","2016","45 [40–49]","6183","14 000 [12 000–15 000]"
"Costa Rica","2015","43 [39–47]","5623","13 000 [12 000–14 000]"
"Costa Rica","2014","38 [34–41]","4672","12 000 [11 000–13 000]"
"Costa Rica","2013","37 [33–40]","4314","12 000 [10 000–13 000]"
"Costa Rica","2012","36 [32–39]","3955","11 000 [9700–12 000]"
"Costa Rica","2011","36 [32–39]","3692","10 000 [9000–11 000]"
"Costa Rica","2010","36 [32–39]","3345","9300 [8300–10 000]"
"Costa Rica","2009","25 [22–27]","2115","8500 [7700–9200]"
"Costa Rica","2008","24 [21–26]","1865","7900 [7100–8400]"
"Costa Rica","2007","23 [20–24]","1637","7200 [6500–7700]"
"Costa Rica","2006","21 [19–23]","1411","6600 [5900–7100]"
"Costa Rica","2005","20 [18–22]","1201","6000 [5400–6500]"
"Costa Rica","2004","18 [17–20]","1003","5400 [4900–5900]"
"Costa Rica","2003","17 [15–18]","818","4900 [4500–5300]"
"Costa Rica","2002","15 [13–16]","645","4400 [4100–4800]"
"Costa Rica","2001","12 [11–13]","483","4000 [3600–4300]"
"Costa Rica","2000","10 [9–10]","340","3600 [3200–3900]"
"Croatia","2022","79 [65–92]","1424","1800 [1500–2100]"
"Croatia","2021","77 [63–89]","1349","1700 [1400–2000]"
"Croatia","2020","77 [63–88]","1300","1700 [1400–1900]"
"Croatia","2019","77 [63–88]","1268","1600 [1300–1900]"
"Croatia","2018","74 [60–84]","1188","1600 [1300–1800]"
"Croatia","2017","73 [59–82]","1127","1500 [1300–1700]"
"Croatia","2016","69 [56–77]","1031","1500 [1200–1700]"
"Croatia","2015","65 [53–72]","928","1400 [1200–1600]"
"Croatia","2014","58 [48–65]","807","1400 [1100–1500]"
"Croatia","2013","55 [45–61]","725","1300 [1100–1500]"
"Croatia","2012","51 [42–56]","641","1300 [1000–1400]"
"Croatia","2011","48 [40–53]","577","1200 [1000–1300]"
"Croatia","2010","45 [37–50]","512","1100 [950–1300]"
"Croatia","2009","41 [34–45]","445","1100 [900–1200]"
"Croatia","2008","39 [33–43]","400","1000 [850–1100]"
"Croatia","2007","36 [30–40]","345","950 [800–1100]"
"Croatia","2006","34 [29–38]","303","890 [750–990]"
"Croatia","2005","32 [27–36]","266","830 [700–930]"
"Croatia","2004","31 [26–34]","238","770 [640–860]"
"Croatia","2003","30 [25–33]","212","710 [600–790]"
"Croatia","2002","28 [24–32]","185","650 [550–730]"
"Croatia","2001","27 [23–30]","159","590 [<500–660]"
"Croatia","2000","25 [21–28]","132","540 [<500–600]"
"Cuba","2022","67 [58–74]","28044","42 000 [37 000–47 000]"
"Cuba","2021","64 [56–71]","26130","41 000 [35 000–45 000]"
"Cuba","2020","63 [55–70]","24863","39 000 [34 000–43 000]"
"Cuba","2019","65 [57–72]","24514","38 000 [33 000–42 000]"
"Cuba","2018","61 [53–67]","21946","36 000 [31 000–40 000]"
"Cuba","2017","57 [49–62]","19466","34 000 [30 000–38 000]"
"Cuba","2016","53 [46–58]","17242","33 000 [28 000–36 000]"
"Cuba","2015","49 [43–54]","15241","31 000 [27 000–34 000]"
"Cuba","2014","43 [38–47]","12597","29 000 [25 000–32 000]"
"Cuba","2013","37 [32–41]","10193","27 000 [24 000–30 000]"
"Cuba","2012","34 [30–37]","8742","26 000 [22 000–28 000]"
"Cuba","2011","31 [27–34]","7463","24 000 [21 000–26 000]"
"Cuba","2010","27 [24–30]","6001","22 000 [19 000–24 000]"
"Cuba","2009","24 [21–27]","4909","20 000 [17 000–22 000]"
"Cuba","2008","22 [19–24]","3979","18 000 [16 000–20 000]"
"Cuba","2007","19 [16–21]","3096","16 000 [14 000–18 000]"
"Cuba","2006","17 [15–19]","2500","14 000 [12 000–16 000]"
"Cuba","2005","15 [13–17]","1876","12 000 [11 000–14 000]"
"Cuba","2004","14 [12–16]","1513","11 000 [8900–12 000]"
"Cuba","2003","13 [11–15]","1158","8700 [7300–9900]"
"Cuba","2002","11 [9–12]","768","7100 [6000–8000]"
"Cuba","2001","6 [5–7]","333","5600 [4700–6400]"
"Cuba","2000","1 [1–1]","47","4300 [3700–5000]"
"Cyprus","2022","No data","No data","No data"
"Cyprus","2021","86 [70–98]","1163","1400 [1100–1600]"
"Cyprus","2020","81 [68–91]","1077","1300 [1100–1500]"
"Cyprus","2019","75 [65–84]","969","1300 [1100–1400]"
"Cyprus","2018","67 [59–74]","836","1200 [1100–1400]"
"Cyprus","2017","62 [56–67]","741","1200 [1100–1300]"
"Cyprus","2016","58 [52–62]","657","1100 [1000–1200]"
"Cyprus","2015","52 [48–56]","568","1100 [1000–1200]"
"Cyprus","2014","46 [42–49]","473","1000 [940–1100]"
"Cyprus","2013","42 [38–45]","390","940 [850–1000]"
"Cyprus","2012","37 [33–39]","308","840 [760–900]"
"Cyprus","2011","30 [27–33]","225","750 [670–800]"
"Cyprus","2010","28 [25–30]","181","650 [580–710]"
"Cyprus","2009","25 [22–27]","138","560 [<500–610]"
"Cyprus","2008","24 [21–26]","122","510 [<500–560]"
"Cyprus","2007","23 [20–26]","107","<500 [<500–500]"
"Cyprus","2006","22 [19–25]","92","<500 [<500–<500]"
"Cyprus","2005","21 [17–23]","76","<500 [<500–<500]"
"Cyprus","2004","18 [15–21]","61","<500 [<500–<500]"
"Cyprus","2003","15 [12–18]","46","<500 [<500–<500]"
"Cyprus","2002","11 [8–13]","31","<500 [<500–<500]"
"Cyprus","2001","6 [4–7]","15","<500 [<500–<500]"
"Cyprus","2000","0 [0–0]","0","<500 [<200–<500]"
"Czechia","2022","No data","No data","3900 [3300–4500]"
"Czechia","2021","75 [64–85]","2817","3800 [3200–4300]"
"Czechia","2020","75 [63–84]","2693","3600 [3100–4100]"
"Czechia","2019","72 [61–81]","2493","3500 [2900–3900]"
"Czechia","2018","68 [58–77]","2268","3300 [2800–3700]"
"Czechia","2017","66 [56–74]","2085","3200 [2700–3500]"
"Czechia","2016","60 [51–67]","1795","3000 [2500–3300]"
"Czechia","2015","49 [41–54]","1390","2800 [2400–3100]"
"Czechia","2014","45 [38–50]","1210","2700 [2300–3000]"
"Czechia","2013","41 [35–46]","1050","2500 [2100–2800]"
"Czechia","2012","40 [34–44]","960","2400 [2000–2600]"
"Czechia","2011","41 [34–46]","921","2200 [1900–2500]"
"Czechia","2010","36 [30–40]","736","2100 [1700–2300]"
"Czechia","2009","29 [24–32]","550","1900 [1600–2100]"
"Czechia","2008","32 [26–36]","560","1700 [1400–1900]"
"Czechia","2007","36 [30–41]","570","1600 [1300–1700]"
"Czechia","2006","41 [33–46]","570","1400 [1100–1600]"
"Czechia","2005","26 [21–29]","322","1200 [1000–1400]"
"Czechia","2004","25 [20–28]","270","1100 [910–1200]"
"Czechia","2003","26 [21–30]","251","960 [790–1100]"
"Czechia","2002","28 [23–32]","231","830 [680–950]"
"Czechia","2001","30 [24–34]","212","710 [580–810]"
"Czechia","2000","32 [26–37]","193","600 [<500–680]"
"Democratic People's Republic of Korea","2022","No data","No data","No data"
"Democratic People's Republic of Korea","2021","No data","No data","No data"
"Democratic People's Republic of Korea","2020","No data","No data","No data"
"Democratic People's Republic of Korea","2019","No data","No data","No data"
"Democratic People's Republic of Korea","2018","No data","No data","No data"
"Democratic People's Republic of Korea","2017","No data","No data","No data"
"Democratic People's Republic of Korea","2016","No data","No data","No data"
"Democratic People's Republic of Korea","2015","No data","No data","No data"
"Democratic People's Republic of Korea","2014","No data","No data","No data"
"Democratic People's Republic of Korea","2013","No data","No data","No data"
"Democratic People's Republic of Korea","2012","No data","No data","No data"
"Democratic People's Republic of Korea","2011","No data","No data","No data"
"Democratic People's Republic of Korea","2010","No data","No data","No data"
"Democratic People's Republic of Korea","2009","No data","No data","No data"
"Democratic People's Republic of Korea","2008","No data","No data","No data"
"Democratic People's Republic of Korea","2007","No data","No data","No data"
"Democratic People's Republic of Korea","2006","No data","No data","No data"
"Democratic People's Republic of Korea","2005","No data","No data","No data"
"Democratic People's Republic of Korea","2004","No data","No data","No data"
"Democratic People's Republic of Korea","2003","No data","No data","No data"
"Democratic People's Republic of Korea","2002","No data","No data","No data"
"Democratic People's Republic of Korea","2001","No data","No data","No data"
"Democratic People's Republic of Korea","2000","No data","No data","No data"
"Democratic Republic of the Congo","2022","82 [67–98]","403106","490 000 [400 000–590 000]"
"Democratic Republic of the Congo","2021","74 [61–88]","363701","490 000 [400 000–580 000]"
"Democratic Republic of the Congo","2020","62 [52–74]","306124","490 000 [410 000–580 000]"
"Democratic Republic of the Congo","2019","48 [40–56]","233877","490 000 [410 000–580 000]"
"Democratic Republic of the Congo","2018","42 [36–50]","208383","490 000 [420 000–580 000]"
"Democratic Republic of the Congo","2017","43 [37–51]","213995","490 000 [410 000–580 000]"
"Democratic Republic of the Congo","2016","32 [27–37]","157072","490 000 [410 000–580 000]"
"Democratic Republic of the Congo","2015","25 [21–29]","121762","490 000 [420 000–580 000]"
"Democratic Republic of the Congo","2014","20 [17–24]","101324","500 000 [420 000–590 000]"
"Democratic Republic of the Congo","2013","16 [13–18]","79560","510 000 [420 000–590 000]"
"Democratic Republic of the Congo","2012","13 [11–15]","66305","510 000 [430 000–590 000]"
"Democratic Republic of the Congo","2011","10 [9–12]","53393","520 000 [440 000–600 000]"
"Democratic Republic of the Congo","2010","8 [7–10]","43790","530 000 [440 000–610 000]"
"Democratic Republic of the Congo","2009","6 [5–7]","34742","540 000 [450 000–620 000]"
"Democratic Republic of the Congo","2008","4 [4–5]","24150","550 000 [460 000–630 000]"
"Democratic Republic of the Congo","2007","4 [3–4]","21873","560 000 [470 000–640 000]"
"Democratic Republic of the Congo","2006","3 [3–4]","17675","570 000 [470 000–650 000]"
"Democratic Republic of the Congo","2005","2 [1–2]","9094","580 000 [480 000–660 000]"
"Democratic Republic of the Congo","2004","1 [1–1]","4550","580 000 [490 000–670 000]"
"Democratic Republic of the Congo","2003","0 [0–0]","784","590 000 [500 000–680 000]"
"Democratic Republic of the Congo","2002","0 [0–0]","188","600 000 [510 000–680 000]"
"Democratic Republic of the Congo","2001","0 [0–0]","0","610 000 [510 000–690 000]"
"Democratic Republic of the Congo","2000","0 [0–0]","0","610 000 [510 000–690 000]"
"Denmark","2022","89 [74–100]","6107","6900 [5800–7900]"
"Denmark","2021","84 [71–96]","5808","6900 [5800–7800]"
"Denmark","2020","82 [70–93]","5628","6900 [5800–7800]"
"Denmark","2019","81 [69–92]","5528","6800 [5800–7700]"
"Denmark","2018","84 [71–95]","5657","6700 [5700–7600]"
"Denmark","2017","82 [70–93]","5447","6600 [5700–7500]"
"Denmark","2016","80 [68–90]","5207","6500 [5600–7300]"
"Denmark","2015","77 [67–87]","4947","6400 [5500–7200]"
"Denmark","2014","75 [64–83]","4666","6300 [5400–7000]"
"Denmark","2013","69 [60–77]","4235","6100 [5300–6800]"
"Denmark","2012","70 [60–78]","4148","5900 [5100–6600]"
"Denmark","2011","67 [58–74]","3862","5800 [5000–6400]"
"Denmark","2010","64 [55–71]","3576","5600 [4900–6200]"
"Denmark","2009","60 [52–67]","3290","5500 [4700–6100]"
"Denmark","2008","57 [49–63]","3003","5300 [4600–5900]"
"Denmark","2007","53 [45–58]","2703","5100 [4400–5700]"
"Denmark","2006","52 [44–57]","2582","5000 [4300–5600]"
"Denmark","2005","49 [43–55]","2402","4900 [4200–5400]"
"Denmark","2004","49 [43–54]","2302","4700 [4100–5300]"
"Denmark","2003","47 [41–53]","2152","4600 [4000–5100]"
"Denmark","2002","46 [40–51]","2002","4400 [3800–4900]"
"Denmark","2001","45 [39–50]","1872","4200 [3700–4700]"
"Denmark","2000","44 [38–48]","1740","4000 [3500–4400]"
"Djibouti","2022","No data","2057","No data"
"Djibouti","2021","No data","1864","No data"
"Djibouti","2020","No data","2063","No data"
"Djibouti","2019","No data","1928","No data"
"Djibouti","2018","No data","2680","No data"
"Djibouti","2017","No data","2454","No data"
"Djibouti","2016","No data","2229","No data"
"Djibouti","2015","No data","1945","No data"
"Djibouti","2014","No data","1593","No data"
"Djibouti","2013","No data","1381","No data"
"Djibouti","2012","No data","1287","No data"
"Djibouti","2011","No data","1042","No data"
"Djibouti","2010","No data","967","No data"
"Djibouti","2009","No data","913","No data"
"Djibouti","2008","No data","816","No data"
"Djibouti","2007","No data","680","No data"
"Djibouti","2006","No data","512","No data"
"Djibouti","2005","No data","288","No data"
"Djibouti","2004","No data","149","No data"
"Djibouti","2003","No data","No data","No data"
"Djibouti","2002","No data","0","No data"
"Djibouti","2001","No data","0","No data"
"Djibouti","2000","No data","0","No data"
"Dominica","2022","No data","No data","No data"
"Dominica","2021","No data","No data","No data"
"Dominica","2020","No data","No data","No data"
"Dominica","2019","No data","No data","No data"
"Dominica","2018","No data","No data","No data"
"Dominica","2017","No data","No data","No data"
"Dominica","2016","No data","No data","No data"
"Dominica","2015","No data","No data","No data"
"Dominica","2014","No data","No data","No data"
"Dominica","2013","No data","No data","No data"
"Dominica","2012","No data","No data","No data"
"Dominica","2011","No data","No data","No data"
"Dominica","2010","No data","No data","No data"
"Dominica","2009","No data","No data","No data"
"Dominica","2008","No data","No data","No data"
"Dominica","2007","No data","No data","No data"
"Dominica","2006","No data","No data","No data"
"Dominica","2005","No data","No data","No data"
"Dominica","2004","No data","No data","No data"
"Dominica","2003","No data","No data","No data"
"Dominica","2002","No data","No data","No data"
"Dominica","2001","No data","No data","No data"
"Dominica","2000","No data","No data","No data"
"Dominican Republic","2022","63 [50–76]","49826","79 000 [63 000–95 000]"
"Dominican Republic","2021","56 [45–67]","43251","78 000 [63 000–93 000]"
"Dominican Republic","2020","50 [41–60]","38270","76 000 [63 000–91 000]"
"Dominican Republic","2019","47 [39–56]","34839","74 000 [61 000–89 000]"
"Dominican Republic","2018","44 [36–52]","32265","73 000 [61 000–87 000]"
"Dominican Republic","2017","41 [34–48]","29708","73 000 [61 000–85 000]"
"Dominican Republic","2016","38 [32–44]","27356","72 000 [61 000–84 000]"
"Dominican Republic","2015","35 [30–40]","25235","72 000 [62 000–83 000]"
"Dominican Republic","2014","32 [28–38]","23346","72 000 [63 000–84 000]"
"Dominican Republic","2013","29 [26–33]","20780","72 000 [65 000–84 000]"
"Dominican Republic","2012","27 [24–30]","19261","73 000 [65 000–83 000]"
"Dominican Republic","2011","23 [21–27]","17023","73 000 [65 000–84 000]"
"Dominican Republic","2010","20 [18–23]","14823","73 000 [65 000–84 000]"
"Dominican Republic","2009","16 [15–19]","11978","73 000 [65 000–84 000]"
"Dominican Republic","2008","13 [12–15]","9632","73 000 [65 000–84 000]"
"Dominican Republic","2007","10 [9–11]","7133","74 000 [65 000–85 000]"
"Dominican Republic","2006","6 [5–6]","4125","74 000 [66 000–86 000]"
"Dominican Republic","2005","3 [3–3]","2195","76 000 [67 000–88 000]"
"Dominican Republic","2004","1 [1–1]","447","77 000 [68 000–89 000]"
"Dominican Republic","2003","0 [0–0]","110","78 000 [68 000–90 000]"
"Dominican Republic","2002","0 [0–0]","130","78 000 [68 000–91 000]"
"Dominican Republic","2001","0 [0–0]","150","78 000 [67 000–90 000]"
"Dominican Republic","2000","0 [0–0]","0","76 000 [64 000–88 000]"
"Ecuador","2022","80 [71–93]","38270","48 000 [42 000–55 000]"
"Ecuador","2021","74 [66–85]","34538","46 000 [41 000–53 000]"
"Ecuador","2020","75 [68–86]","33797","45 000 [40 000–51 000]"
"Ecuador","2019","71 [64–81]","30812","43 000 [39 000–49 000]"
"Ecuador","2018","60 [55–68]","25148","42 000 [38 000–47 000]"
"Ecuador","2017","54 [49–61]","21526","40 000 [36 000–45 000]"
"Ecuador","2016","48 [44–54]","18275","38 000 [35 000–43 000]"
"Ecuador","2015","42 [38–48]","15491","37 000 [33 000–42 000]"
"Ecuador","2014","36 [32–41]","12624","35 000 [32 000–40 000]"
"Ecuador","2013","32 [29–36]","10873","34 000 [31 000–39 000]"
"Ecuador","2012","29 [26–33]","9396","33 000 [30 000–38 000]"
"Ecuador","2011","28 [25–32]","8947","32 000 [28 000–36 000]"
"Ecuador","2010","23 [21–27]","7168","31 000 [27 000–35 000]"
"Ecuador","2009","18 [16–21]","5447","29 000 [26 000–34 000]"
"Ecuador","2008","14 [13–17]","4102","29 000 [25 000–33 000]"
"Ecuador","2007","10 [9–12]","2763","28 000 [24 000–32 000]"
"Ecuador","2006","7 [6–8]","1802","27 000 [23 000–32 000]"
"Ecuador","2005","5 [4–5]","1201","26 000 [22 000–31 000]"
"Ecuador","2004","3 [3–4]","801","26 000 [21 000–31 000]"
"Ecuador","2003","2 [1–2]","400","25 000 [21 000–30 000]"
"Ecuador","2002","2 [1–2]","379","23 000 [19 000–29 000]"
"Ecuador","2001","2 [1–2]","358","22 000 [18 000–28 000]"
"Ecuador","2000","2 [1–2]","337","20 000 [16 000–26 000]"
"Egypt","2022","47 [41–55]","15939","34 000 [29 000–39 000]"
"Egypt","2021","42 [37–48]","12404","30 000 [26 000–34 000]"
"Egypt","2020","40 [35–46]","10352","26 000 [23 000–30 000]"
"Egypt","2019","37 [33–42]","8364","23 000 [20 000–25 000]"
"Egypt","2018","34 [31–38]","6693","20 000 [18 000–22 000]"
"Egypt","2017","28 [26–31]","4753","17 000 [15 000–19 000]"
"Egypt","2016","22 [20–24]","3168","14 000 [13 000–16 000]"
"Egypt","2015","18 [17–20]","2220","12 000 [11 000–14 000]"
"Egypt","2014","17 [16–19]","1780","10 000 [9600–12 000]"
"Egypt","2013","14 [13–15]","1224","8900 [8100–9800]"
"Egypt","2012","13 [11–14]","939","7500 [6800–8300]"
"Egypt","2011","12 [11–13]","743","6300 [5700–7000]"
"Egypt","2010","11 [10–12]","579","5300 [4800–5900]"
"Egypt","2009","8 [7–9]","359","4400 [4000–5000]"
"Egypt","2008","8 [7–9]","291","3700 [3300–4200]"
"Egypt","2007","6 [6–7]","200","3100 [2700–3500]"
"Egypt","2006","8 [7–9]","200","2600 [2300–3000]"
"Egypt","2005","1 [0–1]","12","2200 [1900–2500]"
"Egypt","2004","1 [0–1]","10","1800 [1600–2200]"
"Egypt","2003","1 [0–1]","8","1500 [1300–1800]"
"Egypt","2002","0 [0–1]","6","1300 [1000–1600]"
"Egypt","2001","0 [0–0]","4","1100 [850–1300]"
"Egypt","2000","0 [0–0]","2","900 [680–1100]"
"El Salvador","2022","66 [59–73]","15083","23 000 [20 000–25 000]"
"El Salvador","2021","65 [58–72]","14700","23 000 [20 000–25 000]"
"El Salvador","2020","62 [55–68]","13843","22 000 [20 000–25 000]"
"El Salvador","2019","60 [53–66]","13321","22 000 [20 000–25 000]"
"El Salvador","2018","53 [47–59]","11862","22 000 [20 000–25 000]"
"El Salvador","2017","53 [47–59]","11780","22 000 [20 000–25 000]"
"El Salvador","2016","52 [46–58]","11536","22 000 [20 000–25 000]"
"El Salvador","2015","49 [44–54]","10803","22 000 [20 000–25 000]"
"El Salvador","2014","48 [43–53]","10549","22 000 [20 000–24 000]"
"El Salvador","2013","47 [42–52]","10140","22 000 [19 000–24 000]"
"El Salvador","2012","44 [39–49]","9271","21 000 [19 000–24 000]"
"El Salvador","2011","43 [39–48]","8890","21 000 [19 000–23 000]"
"El Salvador","2010","42 [38–47]","8482","20 000 [18 000–22 000]"
"El Salvador","2009","37 [33–41]","7106","19 000 [18 000–22 000]"
"El Salvador","2008","31 [28–35]","5794","19 000 [17 000–21 000]"
"El Salvador","2007","26 [24–29]","4676","18 000 [16 000–20 000]"
"El Salvador","2006","22 [20–24]","3693","17 000 [15 000–19 000]"
"El Salvador","2005","15 [14–17]","2431","16 000 [15 000–18 000]"
"El Salvador","2004","9 [8–10]","1395","16 000 [14 000–17 000]"
"El Salvador","2003","4 [4–5]","606","15 000 [13 000–17 000]"
"El Salvador","2002","2 [2–2]","257","14 000 [13 000–16 000]"
"El Salvador","2001","1 [0–1]","73","13 000 [12 000–15 000]"
"El Salvador","2000","0 [0–0]","0","13 000 [11 000–14 000]"
"Equatorial Guinea","2022","42 [32–54]","29840","72 000 [54 000–93 000]"
"Equatorial Guinea","2021","39 [30–50]","27211","70 000 [54 000–89 000]"
"Equatorial Guinea","2020","38 [30–48]","25703","68 000 [53 000–85 000]"
"Equatorial Guinea","2019","35 [28–44]","22900","66 000 [52 000–82 000]"
"Equatorial Guinea","2018","34 [27–43]","21368","63 000 [51 000–79 000]"
"Equatorial Guinea","2017","31 [25–38]","18462","60 000 [49 000–74 000]"
"Equatorial Guinea","2016","26 [21–32]","14881","57 000 [47 000–71 000]"
"Equatorial Guinea","2015","22 [18–27]","12030","55 000 [45 000–67 000]"
"Equatorial Guinea","2014","22 [18–27]","11362","51 000 [43 000–62 000]"
"Equatorial Guinea","2013","17 [14–20]","8261","48 000 [41 000–58 000]"
"Equatorial Guinea","2012","13 [11–16]","5927","45 000 [38 000–54 000]"
"Equatorial Guinea","2011","9 [8–11]","3912","42 000 [36 000–50 000]"
"Equatorial Guinea","2010","6 [5–7]","2300","39 000 [33 000–47 000]"
"Equatorial Guinea","2009","6 [5–7]","2032","36 000 [31 000–44 000]"
"Equatorial Guinea","2008","5 [4–6]","1702","33 000 [28 000–40 000]"
"Equatorial Guinea","2007","5 [4–6]","1545","31 000 [25 000–37 000]"
"Equatorial Guinea","2006","3 [2–3]","742","28 000 [22 000–34 000]"
"Equatorial Guinea","2005","2 [1–2]","457","25 000 [20 000–31 000]"
"Equatorial Guinea","2004","0 [0–1]","113","23 000 [18 000–29 000]"
"Equatorial Guinea","2003","0 [0–0]","7","21 000 [16 000–27 000]"
"Equatorial Guinea","2002","0 [0–0]","2","19 000 [13 000–25 000]"
"Equatorial Guinea","2001","0 [0–0]","0","17 000 [12 000–24 000]"
"Equatorial Guinea","2000","0 [0–0]","0","15 000 [10 000–22 000]"
"Eritrea","2022","72 [58–89]","8842","12 000 [9900–15 000]"
"Eritrea","2021","69 [56–86]","8775","13 000 [10 000–16 000]"
"Eritrea","2020","70 [56–87]","9078","13 000 [10 000–16 000]"
"Eritrea","2019","67 [54–83]","8835","13 000 [11 000–16 000]"
"Eritrea","2018","66 [52–82]","8907","13 000 [11 000–17 000]"
"Eritrea","2017","64 [50–80]","8795","14 000 [11 000–17 000]"
"Eritrea","2016","62 [48–77]","8712","14 000 [11 000–17 000]"
"Eritrea","2015","58 [45–73]","8431","14 000 [11 000–18 000]"
"Eritrea","2014","53 [41–66]","7862","15 000 [11 000–19 000]"
"Eritrea","2013","46 [35–58]","7085","15 000 [12 000–20 000]"
"Eritrea","2012","40 [31–51]","6356","16 000 [12 000–20 000]"
"Eritrea","2011","34 [26–44]","5554","16 000 [12 000–21 000]"
"Eritrea","2010","29 [22–37]","4699","16 000 [12 000–21 000]"
"Eritrea","2009","23 [17–29]","3774","17 000 [12 000–22 000]"
"Eritrea","2008","18 [13–23]","2965","17 000 [13 000–22 000]"
"Eritrea","2007","13 [9–16]","2120","17 000 [12 000–22 000]"
"Eritrea","2006","7 [5–9]","1211","17 000 [13 000–23 000]"
"Eritrea","2005","3 [2–3]","455","18 000 [13 000–24 000]"
"Eritrea","2004","0 [0–0]","20","19 000 [14 000–25 000]"
"Eritrea","2003","0 [0–0]","27","19 000 [14 000–25 000]"
"Eritrea","2002","0 [0–0]","18","19 000 [14 000–25 000]"
"Eritrea","2001","0 [0–0]","8","19 000 [14 000–25 000]"
"Eritrea","2000","0 [0–0]","0","19 000 [14 000–25 000]"
"Estonia","2022","No data","No data","7300 [6400–8100]"
"Estonia","2021","No data","No data","7300 [6500–8100]"
"Estonia","2020","No data","No data","7300 [6500–8000]"
"Estonia","2019","63 [56–68]","4511","7200 [6400–7800]"
"Estonia","2018","61 [54–66]","4345","7100 [6300–7700]"
"Estonia","2017","59 [53–64]","4137","7000 [6200–7600]"
"Estonia","2016","57 [50–62]","3891","6800 [6000–7400]"
"Estonia","2015","52 [46–56]","3518","6700 [5900–7200]"
"Estonia","2014","46 [40–49]","3021","6600 [5800–7100]"
"Estonia","2013","42 [37–45]","2712","6400 [5700–6900]"
"Estonia","2012","40 [36–43]","2530","6300 [5600–6800]"
"Estonia","2011","36 [32–38]","2174","6100 [5400–6600]"
"Estonia","2010","31 [27–33]","1809","5900 [5200–6300]"
"Estonia","2009","24 [21–26]","1334","5600 [4900–6100]"
"Estonia","2008","19 [17–21]","1011","5300 [4700–5700]"
"Estonia","2007","15 [13–16]","729","4900 [4300–5400]"
"Estonia","2006","10 [9–11]","465","4500 [3900–4900]"
"Estonia","2005","6 [5–7]","254","4100 [3500–4400]"
"Estonia","2004","3 [3–3]","103","3500 [3000–3900]"
"Estonia","2003","2 [2–2]","56","2900 [2500–3200]"
"Estonia","2002","2 [2–2]","41","2100 [1800–2400]"
"Estonia","2001","2 [2–3]","31","1300 [1000–1500]"
"Estonia","2000","8 [0–16]","20","<500 [<100–<500]"
"Eswatini","2022","95 [88–100]","211483","220 000 [210 000–240 000]"
"Eswatini","2021","89 [82–95]","199947","230 000 [210 000–240 000]"
"Eswatini","2020","91 [84–97]","205266","230 000 [210 000–240 000]"
"Eswatini","2019","85 [79–91]","191782","230 000 [210 000–240 000]"
"Eswatini","2018","79 [73–84]","177156","230 000 [210 000–240 000]"
"Eswatini","2017","78 [73–83]","174095","220 000 [210 000–240 000]"
"Eswatini","2016","77 [72–82]","171276","220 000 [210 000–240 000]"
"Eswatini","2015","67 [63–71]","147587","220 000 [210 000–230 000]"
"Eswatini","2014","53 [50–56]","113669","220 000 [200 000–230 000]"
"Eswatini","2013","44 [41–47]","92343","210 000 [200 000–220 000]"
"Eswatini","2012","39 [37–41]","79524","200 000 [190 000–210 000]"
"Eswatini","2011","35 [33–37]","69110","200 000 [190 000–210 000]"
"Eswatini","2010","32 [30–33]","60757","190 000 [180 000–200 000]"
"Eswatini","2009","23 [21–24]","42137","190 000 [180 000–200 000]"
"Eswatini","2008","18 [17–19]","32701","180 000 [170 000–190 000]"
"Eswatini","2007","14 [13–14]","24535","180 000 [170 000–190 000]"
"Eswatini","2006","10 [9–10]","17159","170 000 [160 000–180 000]"
"Eswatini","2005","6 [6–6]","10315","170 000 [160 000–180 000]"
"Eswatini","2004","3 [3–4]","5453","160 000 [150 000–170 000]"
"Eswatini","2003","2 [2–2]","3350","160 000 [150 000–170 000]"
"Eswatini","2002","1 [1–2]","2233","150 000 [140 000–160 000]"
"Eswatini","2001","1 [1–1]","1116","150 000 [140 000–160 000]"
"Eswatini","2000","0 [0–0]","265","140 000 [130 000–150 000]"
"Ethiopia","2022","83 [69–100]","504685","610 000 [510 000–750 000]"
"Ethiopia","2021","78 [65–96]","480200","620 000 [510 000–760 000]"
"Ethiopia","2020","77 [64–95]","482851","620 000 [520 000–770 000]"
"Ethiopia","2019","74 [62–91]","468848","630 000 [520 000–780 000]"
"Ethiopia","2018","71 [59–87]","450030","640 000 [530 000–790 000]"
"Ethiopia","2017","68 [56–84]","437532","640 000 [530 000–790 000]"
"Ethiopia","2016","65 [54–80]","420642","650 000 [540 000–800 000]"
"Ethiopia","2015","59 [49–72]","384528","650 000 [540 000–810 000]"
"Ethiopia","2014","55 [46–68]","361617","660 000 [550 000–810 000]"
"Ethiopia","2013","48 [40–59]","317403","660 000 [550 000–810 000]"
"Ethiopia","2012","43 [36–53]","288100","660 000 [550 000–820 000]"
"Ethiopia","2011","40 [33–49]","265141","660 000 [550 000–820 000]"
"Ethiopia","2010","33 [28–41]","222334","670 000 [550 000–820 000]"
"Ethiopia","2009","27 [22–33]","178142","670 000 [550 000–820 000]"
"Ethiopia","2008","20 [16–24]","132850","670 000 [560 000–830 000]"
"Ethiopia","2007","13 [11–17]","92199","680 000 [570 000–840 000]"
"Ethiopia","2006","7 [6–9]","48729","700 000 [580 000–860 000]"
"Ethiopia","2005","3 [2–3]","19071","720 000 [600 000–890 000]"
"Ethiopia","2004","1 [1–1]","6670","750 000 [620 000–930 000]"
"Ethiopia","2003","0 [0–0]","549","780 000 [650 000–960 000]"
"Ethiopia","2002","0 [0–0]","0","810 000 [670 000–1 000 000]"
"Ethiopia","2001","0 [0–0]","0","830 000 [690 000–1 000 000]"
"Ethiopia","2000","0 [0–0]","0","850 000 [710 000–1 000 000]"
"Fiji","2022","28 [16–56]","568","2000 [1200–4100]"
"Fiji","2021","36 [22–73]","647","1800 [1100–3700]"
"Fiji","2020","32 [20–64]","506","1600 [1000–3300]"
"Fiji","2019","31 [20–62]","434","1400 [930–2900]"
"Fiji","2018","28 [19–56]","352","1300 [860–2500]"
"Fiji","2017","24 [17–48]","274","1100 [780–2200]"
"Fiji","2016","22 [16–43]","222","1000 [720–2000]"
"Fiji","2015","22 [16–43]","202","900 [650–1700]"
"Fiji","2014","24 [18–45]","195","800 [580–1500]"
"Fiji","2013","23 [17–42]","165","720 [520–1300]"
"Fiji","2012","25 [18–46]","160","640 [<500–1200]"
"Fiji","2011","17 [12–31]","96","570 [<500–1000]"
"Fiji","2010","16 [12–28]","79","510 [<500–900]"
"Fiji","2009","14 [11–26]","63","<500 [<500–820]"
"Fiji","2008","13 [9–25]","50","<500 [<500–780]"
"Fiji","2007","10 [7–20]","36","<500 [<500–690]"
"Fiji","2006","9 [6–19]","28","<500 [<500–650]"
"Fiji","2005","7 [5–17]","20","<500 [<200–630]"
"Fiji","2004","5 [3–12]","11","<500 [<200–620]"
"Fiji","2003","0 [0–0]","0","<500 [<200–620]"
"Fiji","2002","0 [0–0]","0","<200 [<200–600]"
"Fiji","2001","0 [0–0]","0","<200 [<100–610]"
"Fiji","2000","0 [0–0]","0","<200 [<100–600]"
"Finland","2022","No data","No data","No data"
"Finland","2021","No data","2883","No data"
"Finland","2020","No data","2911","No data"
"Finland","2019","No data","2507","No data"
"Finland","2018","No data","2470","No data"
"Finland","2017","No data","2432","No data"
"Finland","2016","No data","2395","No data"
"Finland","2015","No data","2358","No data"
"Finland","2014","No data","2320","No data"
"Finland","2013","No data","2175","No data"
"Finland","2012","No data","2031","No data"
"Finland","2011","No data","1885","No data"
"Finland","2010","No data","1741","No data"
"Finland","2009","No data","1596","No data"
"Finland","2008","No data","1451","No data"
"Finland","2007","No data","1306","No data"
"Finland","2006","No data","1162","No data"
"Finland","2005","No data","1017","No data"
"Finland","2004","No data","873","No data"
"Finland","2003","No data","728","No data"
"Finland","2002","No data","584","No data"
"Finland","2001","No data","439","No data"
"Finland","2000","No data","295","No data"
"France","2022","No data","No data","200 000 [160 000–240 000]"
"France","2021","No data","No data","200 000 [160 000–230 000]"
"France","2020","80 [64–94]","153660","190 000 [160 000–230 000]"
"France","2019","80 [65–95]","151640","190 000 [150 000–220 000]"
"France","2018","80 [64–95]","147450","180 000 [150 000–220 000]"
"France","2017","81 [65–95]","144660","180 000 [140 000–210 000]"
"France","2016","81 [65–95]","140760","170 000 [140 000–210 000]"
"France","2015","80 [64–95]","136320","170 000 [140 000–200 000]"
"France","2014","75 [60–89]","124176","160 000 [130 000–190 000]"
"France","2013","75 [59–88]","118992","160 000 [130 000–190 000]"
"France","2012","74 [59–88]","114252","150 000 [120 000–180 000]"
"France","2011","74 [59–88]","109511","150 000 [120 000–180 000]"
"France","2010","74 [59–88]","104771","140 000 [110 000–170 000]"
"France","2009","73 [58–88]","100022","140 000 [110 000–160 000]"
"France","2008","73 [58–88]","95279","130 000 [100 000–160 000]"
"France","2007","73 [59–88]","90538","120 000 [99 000–150 000]"
"France","2006","73 [59–87]","85796","120 000 [95 000–140 000]"
"France","2005","73 [59–87]","81072","110 000 [90 000–130 000]"
"France","2004","73 [59–87]","76348","100 000 [85 000–120 000]"
"France","2003","73 [59–87]","71623","98 000 [80 000–120 000]"
"France","2002","73 [60–87]","66899","92 000 [75 000–110 000]"
"France","2001","73 [59–87]","62174","85 000 [69 000–100 000]"
"France","2000","73 [59–86]","57448","79 000 [64 000–94 000]"
"Gabon","2022","59 [48–78]","28569","49 000 [40 000–65 000]"
"Gabon","2021","52 [43–67]","25375","49 000 [40 000–63 000]"
"Gabon","2020","50 [41–64]","24208","49 000 [40 000–63 000]"
"Gabon","2019","49 [40–63]","24055","49 000 [40 000–62 000]"
"Gabon","2018","46 [39–58]","23000","50 000 [41 000–62 000]"
"Gabon","2017","45 [38–56]","22716","50 000 [42 000–61 000]"
"Gabon","2016","44 [37–53]","22210","50 000 [42 000–61 000]"
"Gabon","2015","43 [36–52]","21704","50 000 [42 000–61 000]"
"Gabon","2014","42 [36–51]","21197","50 000 [42 000–60 000]"
"Gabon","2013","40 [34–48]","19735","49 000 [42 000–59 000]"
"Gabon","2012","31 [26–37]","15006","49 000 [41 000–59 000]"
"Gabon","2011","26 [22–32]","12694","48 000 [41 000–58 000]"
"Gabon","2010","23 [20–28]","11013","47 000 [40 000–57 000]"
"Gabon","2009","21 [18–26]","9976","47 000 [39 000–57 000]"
"Gabon","2008","17 [14–21]","7773","46 000 [37 000–56 000]"
"Gabon","2007","14 [11–18]","6373","45 000 [36 000–55 000]"
"Gabon","2006","12 [10–15]","5278","44 000 [35 000–55 000]"
"Gabon","2005","11 [8–14]","4503","42 000 [33 000–54 000]"
"Gabon","2004","5 [4–6]","2000","41 000 [32 000–54 000]"
"Gabon","2003","2 [1–2]","617","40 000 [30 000–53 000]"
"Gabon","2002","1 [1–1]","400","39 000 [29 000–52 000]"
"Gabon","2001","0 [0–0]","100","38 000 [27 000–51 000]"
"Gabon","2000","0 [0–0]","0","36 000 [25 000–50 000]"
"Gambia","2022","37 [28–46]","9554","26 000 [20 000–33 000]"
"Gambia","2021","33 [25–42]","8695","26 000 [20 000–33 000]"
"Gambia","2020","32 [24–40]","8286","26 000 [20 000–33 000]"
"Gambia","2019","32 [24–40]","8229","26 000 [20 000–33 000]"
"Gambia","2018","29 [23–37]","7541","26 000 [20 000–33 000]"
"Gambia","2017","26 [20–33]","6773","26 000 [20 000–33 000]"
"Gambia","2016","23 [18–30]","5987","26 000 [20 000–32 000]"
"Gambia","2015","20 [15–25]","5022","25 000 [20 000–32 000]"
"Gambia","2014","18 [14–23]","4586","25 000 [19 000–32 000]"
"Gambia","2013","16 [13–21]","3997","24 000 [19 000–31 000]"
"Gambia","2012","16 [13–20]","3842","24 000 [19 000–30 000]"
"Gambia","2011","13 [11–17]","3121","23 000 [18 000–29 000]"
"Gambia","2010","9 [7–12]","2030","23 000 [18 000–29 000]"
"Gambia","2009","5 [4–6]","1097","22 000 [17 000–28 000]"
"Gambia","2008","4 [3–5]","893","21 000 [17 000–27 000]"
"Gambia","2007","2 [2–3]","473","21 000 [16 000–26 000]"
"Gambia","2006","2 [1–2]","330","20 000 [16 000–25 000]"
"Gambia","2005","2 [1–2]","287","19 000 [15 000–24 000]"
"Gambia","2004","0 [0–0]","0","18 000 [14 000–23 000]"
"Gambia","2003","0 [0–0]","0","17 000 [13 000–22 000]"
"Gambia","2002","0 [0–0]","0","16 000 [12 000–20 000]"
"Gambia","2001","0 [0–0]","0","14 000 [11 000–19 000]"
"Gambia","2000","0 [0–0]","0","13 000 [9700–17 000]"
"Georgia","2022","72 [67–76]","6050","8500 [7900–9000]"
"Georgia","2021","71 [66–75]","5746","8100 [7600–8600]"
"Georgia","2020","70 [66–74]","5442","7800 [7200–8200]"
"Georgia","2019","69 [65–73]","5098","7400 [6900–7800]"
"Georgia","2018","66 [62–69]","4597","7000 [6600–7400]"
"Georgia","2017","63 [60–66]","4144","6600 [6200–6900]"
"Georgia","2016","59 [55–62]","3638","6200 [5800–6500]"
"Georgia","2015","53 [50–56]","3044","5700 [5400–6100]"
"Georgia","2014","48 [45–51]","2541","5300 [5000–5700]"
"Georgia","2013","43 [40–46]","2092","4900 [4500–5200]"
"Georgia","2012","38 [35–42]","1679","4400 [4000–4800]"
"Georgia","2011","29 [27–32]","1122","3900 [3600–4300]"
"Georgia","2010","24 [22–27]","830","3400 [3100–3800]"
"Georgia","2009","23 [20–25]","655","2900 [2600–3200]"
"Georgia","2008","20 [18–23]","498","2400 [2200–2700]"
"Georgia","2007","17 [15–20]","346","2000 [1700–2200]"
"Georgia","2006","17 [14–19]","266","1600 [1300–1800]"
"Georgia","2005","12 [10–14]","145","1200 [990–1400]"
"Georgia","2004","6 [5–7]","51","880 [710–1100]"
"Georgia","2003","0 [0–0]","0","630 [<500–790]"
"Georgia","2002","0 [0–0]","0","<500 [<500–560]"
"Georgia","2001","0 [0–0]","0","<500 [<500–<500]"
"Georgia","2000","0 [0–0]","0","<200 [<200–<500]"
"Germany","2022","No data","No data","No data"
"Germany","2021","87 [70–100]","79224","91 000 [73 000–110 000]"
"Germany","2020","85 [68–100]","75716","89 000 [72 000–100 000]"
"Germany","2019","84 [67–99]","73509","87 000 [70 000–100 000]"
"Germany","2018","82 [66–96]","69801","85 000 [68 000–100 000]"
"Germany","2017","81 [65–95]","67393","83 000 [66 000–98 000]"
"Germany","2016","81 [64–95]","65085","81 000 [65 000–95 000]"
"Germany","2015","79 [63–93]","61478","78 000 [62 000–92 000]"
"Germany","2014","77 [62–91]","58067","75 000 [60 000–89 000]"
"Germany","2013","76 [60–90]","54761","72 000 [58 000–86 000]"
"Germany","2012","74 [59–88]","51457","70 000 [56 000–83 000]"
"Germany","2011","72 [57–86]","48353","67 000 [54 000–80 000]"
"Germany","2010","70 [56–83]","45248","65 000 [52 000–77 000]"
"Germany","2009","68 [54–80]","42241","62 000 [50 000–74 000]"
"Germany","2008","66 [52–78]","39336","60 000 [48 000–71 000]"
"Germany","2007","64 [51–75]","36531","57 000 [46 000–68 000]"
"Germany","2006","62 [50–73]","33825","54 000 [43 000–64 000]"
"Germany","2005","64 [52–75]","33061","51 000 [41 000–60 000]"
"Germany","2004","63 [51–73]","30590","49 000 [39 000–57 000]"
"Germany","2003","61 [49–70]","28119","46 000 [37 000–54 000]"
"Germany","2002","58 [47–67]","25649","44 000 [36 000–52 000]"
"Germany","2001","54 [44–63]","23177","43 000 [34 000–50 000]"
"Germany","2000","50 [40–58]","20706","41 000 [33 000–48 000]"
"Ghana","2022","63 [54–74]","222581","350 000 [310 000–420 000]"
"Ghana","2021","56 [48–66]","196178","350 000 [300 000–410 000]"
"Ghana","2020","48 [42–56]","167048","350 000 [300 000–400 000]"
"Ghana","2019","36 [31–42]","123120","340 000 [290 000–400 000]"
"Ghana","2018","34 [29–39]","112358","340 000 [290 000–390 000]"
"Ghana","2017","31 [27–36]","102683","330 000 [290 000–380 000]"
"Ghana","2016","28 [25–32]","92336","330 000 [280 000–370 000]"
"Ghana","2015","25 [22–29]","81987","320 000 [280 000–370 000]"
"Ghana","2014","26 [23–30]","83712","320 000 [280 000–360 000]"
"Ghana","2013","24 [21–28]","75762","310 000 [270 000–360 000]"
"Ghana","2012","23 [19–26]","69870","310 000 [270 000–360 000]"
"Ghana","2011","19 [17–22]","59007","310 000 [270 000–350 000]"
"Ghana","2010","13 [12–15]","40575","300 000 [260 000–350 000]"
"Ghana","2009","10 [9–11]","30265","300 000 [260 000–350 000]"
"Ghana","2008","7 [6–8]","21548","300 000 [260 000–350 000]"
"Ghana","2007","4 [4–5]","12315","300 000 [260 000–350 000]"
"Ghana","2006","2 [2–3]","6993","300 000 [260 000–350 000]"
"Ghana","2005","1 [1–1]","3799","300 000 [270 000–350 000]"
"Ghana","2004","1 [1–1]","1831","300 000 [270 000–350 000]"
"Ghana","2003","0 [0–0]","197","300 000 [270 000–350 000]"
"Ghana","2002","0 [0–0]","0","300 000 [260 000–350 000]"
"Ghana","2001","0 [0–0]","0","300 000 [260 000–340 000]"
"Ghana","2000","0 [0–0]","0","290 000 [250 000–340 000]"
"Greece","2022","70 [62–77]","11987","17 000 [15 000–19 000]"
"Greece","2021","70 [63–77]","11563","17 000 [15 000–18 000]"
"Greece","2020","70 [63–76]","11129","16 000 [14 000–17 000]"
"Greece","2019","68 [62–74]","10640","16 000 [14 000–17 000]"
"Greece","2018","66 [60–71]","10027","15 000 [14 000–17 000]"
"Greece","2017","61 [56–67]","9220","15 000 [14 000–16 000]"
"Greece","2016","59 [54–64]","8667","15 000 [13 000–16 000]"
"Greece","2015","55 [51–60]","7822","14 000 [13 000–15 000]"
"Greece","2014","51 [47–55]","6983","14 000 [12 000–15 000]"
"Greece","2013","49 [45–53]","6283","13 000 [12 000–14 000]"
"Greece","2012","46 [42–50]","5547","12 000 [11 000–13 000]"
"Greece","2011","45 [41–49]","4969","11 000 [10 000–12 000]"
"Greece","2010","44 [40–48]","4486","10 000 [9300–11 000]"
"Greece","2009","45 [40–49]","4113","9200 [8400–10 000]"
"Greece","2008","45 [40–49]","3761","8400 [7600–9300]"
"Greece","2007","45 [40–49]","3414","7700 [6900–8500]"
"Greece","2006","45 [40–49]","3131","7000 [6300–7800]"
"Greece","2005","45 [40–50]","2908","6500 [5800–7200]"
"Greece","2004","45 [40–50]","2698","6000 [5300–6700]"
"Greece","2003","46 [40–51]","2542","5600 [4900–6200]"
"Greece","2002","46 [41–51]","2395","5200 [4600–5800]"
"Greece","2001","46 [40–51]","2240","4900 [4300–5500]"
"Greece","2000","45 [40–50]","2059","4600 [4000–5100]"
"Grenada","2022","No data","No data","No data"
"Grenada","2021","No data","No data","No data"
"Grenada","2020","No data","No data","No data"
"Grenada","2019","No data","No data","No data"
"Grenada","2018","No data","No data","No data"
"Grenada","2017","No data","No data","No data"
"Grenada","2016","No data","No data","No data"
"Grenada","2015","No data","No data","No data"
"Grenada","2014","No data","No data","No data"
"Grenada","2013","No data","No data","No data"
"Grenada","2012","No data","No data","No data"
"Grenada","2011","No data","No data","No data"
"Grenada","2010","No data","No data","No data"
"Grenada","2009","No data","No data","No data"
"Grenada","2008","No data","No data","No data"
"Grenada","2007","No data","No data","No data"
"Grenada","2006","No data","No data","No data"
"Grenada","2005","No data","No data","No data"
"Grenada","2004","No data","No data","No data"
"Grenada","2003","No data","No data","No data"
"Grenada","2002","No data","No data","No data"
"Grenada","2001","No data","No data","No data"
"Grenada","2000","No data","No data","No data"
"Guatemala","2022","77 [68–86]","23712","31 000 [28 000–35 000]"
"Guatemala","2021","74 [66–82]","22466","31 000 [27 000–34 000]"
"Guatemala","2020","70 [63–79]","21113","30 000 [27 000–34 000]"
"Guatemala","2019","70 [63–79]","20926","30 000 [27 000–34 000]"
"Guatemala","2018","66 [60–74]","19723","30 000 [27 000–33 000]"
"Guatemala","2017","60 [54–67]","17872","30 000 [27 000–33 000]"
"Guatemala","2016","56 [50–63]","16641","30 000 [27 000–33 000]"
"Guatemala","2015","55 [50–62]","16370","30 000 [27 000–33 000]"
"Guatemala","2014","57 [51–64]","16876","30 000 [26 000–34 000]"
"Guatemala","2013","55 [49–63]","16398","30 000 [26 000–34 000]"
"Guatemala","2012","51 [45–59]","15136","30 000 [26 000–35 000]"
"Guatemala","2011","45 [39–54]","13585","30 000 [26 000–35 000]"
"Guatemala","2010","40 [34–48]","12053","30 000 [26 000–36 000]"
"Guatemala","2009","36 [31–45]","10839","30 000 [25 000–37 000]"
"Guatemala","2008","33 [28–42]","9876","30 000 [25 000–37 000]"
"Guatemala","2007","26 [21–33]","7586","30 000 [24 000–38 000]"
"Guatemala","2006","16 [13–21]","4814","30 000 [24 000–39 000]"
"Guatemala","2005","11 [8–15]","3300","30 000 [23 000–40 000]"
"Guatemala","2004","10 [8–13]","2999","30 000 [23 000–41 000]"
"Guatemala","2003","10 [8–14]","3059","30 000 [23 000–42 000]"
"Guatemala","2002","0 [0–0]","93","30 000 [23 000–43 000]"
"Guatemala","2001","0 [0–0]","55","30 000 [22 000–44 000]"
"Guatemala","2000","0 [0–0]","0","30 000 [22 000–45 000]"
"Guinea","2022","64 [56–75]","81180","130 000 [110 000–150 000]"
"Guinea","2021","56 [49–65]","70117","120 000 [110 000–140 000]"
"Guinea","2020","50 [43–57]","61201","120 000 [110 000–140 000]"
"Guinea","2019","45 [39–52]","54826","120 000 [110 000–140 000]"
"Guinea","2018","36 [31–41]","43066","120 000 [110 000–140 000]"
"Guinea","2017","35 [31–40]","41508","120 000 [100 000–130 000]"
"Guinea","2016","32 [28–36]","37321","120 000 [100 000–130 000]"
"Guinea","2015","29 [26–34]","33473","110 000 [100 000–130 000]"
"Guinea","2014","29 [26–34]","32331","110 000 [97 000–130 000]"
"Guinea","2013","26 [23–29]","27759","110 000 [95 000–120 000]"
"Guinea","2012","26 [23–30]","27685","110 000 [93 000–120 000]"
"Guinea","2011","22 [20–25]","23048","100 000 [90 000–120 000]"
"Guinea","2010","20 [17–22]","19883","100 000 [88 000–110 000]"
"Guinea","2009","15 [14–18]","14999","97 000 [85 000–110 000]"
"Guinea","2008","10 [9–11]","9212","94 000 [82 000–110 000]"
"Guinea","2007","6 [5–7]","5228","92 000 [80 000–110 000]"
"Guinea","2006","5 [5–6]","4699","89 000 [78 000–100 000]"
"Guinea","2005","2 [2–2]","1695","87 000 [75 000–100 000]"
"Guinea","2004","1 [1–1]","652","86 000 [73 000–100 000]"
"Guinea","2003","1 [1–1]","500","84 000 [71 000–100 000]"
"Guinea","2002","0 [0–0]","326","81 000 [68 000–99 000]"
"Guinea","2001","0 [0–0]","153","78 000 [65 000–96 000]"
"Guinea","2000","0 [0–0]","38","76 000 [61 000–94 000]"
"Guinea-Bissau","2022","64 [56–74]","22132","34 000 [30 000–40 000]"
"Guinea-Bissau","2021","57 [51–66]","19900","35 000 [31 000–40 000]"
"Guinea-Bissau","2020","51 [45–58]","17824","35 000 [31 000–40 000]"
"Guinea-Bissau","2019","47 [42–54]","16734","35 000 [31 000–40 000]"
"Guinea-Bissau","2018","42 [37–48]","14921","36 000 [32 000–41 000]"
"Guinea-Bissau","2017","33 [30–38]","11985","36 000 [32 000–41 000]"
"Guinea-Bissau","2016","33 [29–37]","11860","36 000 [32 000–41 000]"
"Guinea-Bissau","2015","26 [23–30]","9480","36 000 [32 000–41 000]"
"Guinea-Bissau","2014","22 [20–25]","8127","37 000 [33 000–41 000]"
"Guinea-Bissau","2013","19 [17–21]","6913","37 000 [33 000–42 000]"
"Guinea-Bissau","2012","17 [15–19]","6470","37 000 [33 000–42 000]"
"Guinea-Bissau","2011","14 [12–15]","5104","37 000 [33 000–42 000]"
"Guinea-Bissau","2010","10 [9–12]","3813","37 000 [33 000–42 000]"
"Guinea-Bissau","2009","8 [7–9]","2884","37 000 [33 000–42 000]"
"Guinea-Bissau","2008","6 [5–6]","2048","37 000 [33 000–41 000]"
"Guinea-Bissau","2007","2 [2–3]","890","36 000 [32 000–41 000]"
"Guinea-Bissau","2006","1 [1–1]","349","36 000 [32 000–40 000]"
"Guinea-Bissau","2005","0 [0–0]","62","35 000 [32 000–40 000]"
"Guinea-Bissau","2004","0 [0–0]","49","35 000 [31 000–39 000]"
"Guinea-Bissau","2003","0 [0–0]","37","33 000 [30 000–38 000]"
"Guinea-Bissau","2002","0 [0–0]","24","32 000 [28 000–36 000]"
"Guinea-Bissau","2001","0 [0–0]","12","29 000 [26 000–33 000]"
"Guinea-Bissau","2000","0 [0–0]","5","26 000 [22 000–30 000]"
"Guyana","2022","67 [61–79]","6440","9600 [8800–11 000]"
"Guyana","2021","65 [60–77]","6147","9400 [8600–11 000]"
"Guyana","2020","64 [59–75]","5889","9200 [8400–11 000]"
"Guyana","2019","67 [61–77]","5966","8900 [8200–10 000]"
"Guyana","2018","62 [57–72]","5557","8900 [8200–10 000]"
"Guyana","2017","63 [58–73]","5237","8300 [7600–9500]"
"Guyana","2016","61 [56–69]","4905","8100 [7500–9200]"
"Guyana","2015","57 [52–65]","4538","7900 [7300–9000]"
"Guyana","2014","55 [51–63]","4295","7800 [7100–8800]"
"Guyana","2013","54 [49–60]","4054","7600 [6900–8500]"
"Guyana","2012","50 [46–57]","3717","7400 [6700–8300]"
"Guyana","2011","48 [43–54]","3432","7100 [6400–8000]"
"Guyana","2010","44 [40–50]","3059","6900 [6200–7800]"
"Guyana","2009","43 [38–49]","2832","6600 [5900–7600]"
"Guyana","2008","39 [35–45]","2477","6300 [5600–7200]"
"Guyana","2007","33 [29–38]","1952","5900 [5200–6800]"
"Guyana","2006","29 [25–34]","1595","5500 [4800–6400]"
"Guyana","2005","24 [20–28]","1202","5100 [4300–6000]"
"Guyana","2004","11 [9–13]","497","4600 [3700–5600]"
"Guyana","2003","3 [2–4]","123","4100 [3200–5100]"
"Guyana","2002","0 [0–0]","0","3600 [2600–4600]"
"Guyana","2001","0 [0–0]","0","3200 [2200–4300]"
"Guyana","2000","0 [0–0]","0","2800 [1800–3900]"
"Haiti","2022","77 [69–89]","109175","140 000 [130 000–160 000]"
"Haiti","2021","75 [67–86]","103919","140 000 [120 000–160 000]"
"Haiti","2020","75 [68–85]","101530","140 000 [120 000–150 000]"
"Haiti","2019","61 [55–70]","80836","130 000 [120 000–150 000]"
"Haiti","2018","48 [44–54]","61905","130 000 [120 000–140 000]"
"Haiti","2017","48 [43–54]","59786","130 000 [110 000–140 000]"
"Haiti","2016","30 [27–33]","36252","120 000 [110 000–140 000]"
"Haiti","2015","32 [29–35]","37968","120 000 [110 000–130 000]"
"Haiti","2014","29 [26–32]","33857","120 000 [110 000–130 000]"
"Haiti","2013","25 [23–28]","29426","120 000 [110 000–130 000]"
"Haiti","2012","21 [19–23]","23605","110 000 [100 000–130 000]"
"Haiti","2011","17 [15–19]","19005","110 000 [100 000–130 000]"
"Haiti","2010","13 [12–15]","14701","110 000 [100 000–130 000]"
"Haiti","2009","14 [12–15]","15565","110 000 [100 000–130 000]"
"Haiti","2008","11 [9–12]","11972","110 000 [100 000–130 000]"
"Haiti","2007","7 [7–8]","8414","110 000 [100 000–130 000]"
"Haiti","2006","5 [4–6]","5701","110 000 [100 000–130 000]"
"Haiti","2005","2 [2–2]","2433","120 000 [100 000–130 000]"
"Haiti","2004","1 [1–1]","1172","120 000 [100 000–130 000]"
"Haiti","2003","1 [1–1]","750","120 000 [100 000–140 000]"
"Haiti","2002","0 [0–1]","524","120 000 [110 000–140 000]"
"Haiti","2001","0 [0–0]","179","120 000 [110 000–140 000]"
"Haiti","2000","0 [0–0]","72","120 000 [110 000–140 000]"
"Honduras","2022","67 [59–74]","13002","20 000 [17 000–22 000]"
"Honduras","2021","63 [56–70]","12419","20 000 [18 000–22 000]"
"Honduras","2020","60 [54–66]","11956","20 000 [18 000–22 000]"
"Honduras","2019","59 [53–64]","11849","20 000 [18 000–22 000]"
"Honduras","2018","57 [51–62]","11667","21 000 [19 000–22 000]"
"Honduras","2017","55 [50–60]","11506","21 000 [19 000–23 000]"
"Honduras","2016","51 [46–55]","10848","21 000 [20 000–23 000]"
"Honduras","2015","48 [44–52]","10457","22 000 [20 000–24 000]"
"Honduras","2014","44 [41–48]","9926","23 000 [21 000–24 000]"
"Honduras","2013","41 [38–45]","9569","23 000 [22 000–25 000]"
"Honduras","2012","37 [35–41]","8970","24 000 [22 000–26 000]"
"Honduras","2011","34 [31–36]","8355","25 000 [23 000–27 000]"
"Honduras","2010","30 [28–33]","7718","26 000 [24 000–28 000]"
"Honduras","2009","26 [25–29]","7075","27 000 [25 000–29 000]"
"Honduras","2008","23 [21–24]","6253","28 000 [26 000–30 000]"
"Honduras","2007","19 [18–21]","5603","29 000 [27 000–31 000]"
"Honduras","2006","16 [14–17]","4649","30 000 [28 000–33 000]"
"Honduras","2005","12 [11–13]","3627","31 000 [28 000–34 000]"
"Honduras","2004","8 [8–9]","2638","32 000 [29 000–35 000]"
"Honduras","2003","6 [6–7]","1991","33 000 [30 000–36 000]"
"Honduras","2002","1 [1–1]","200","33 000 [30 000–38 000]"
"Honduras","2001","0 [0–0]","0","34 000 [30 000–39 000]"
"Honduras","2000","0 [0–0]","0","34 000 [30 000–40 000]"
"Hungary","2022","No data","No data","No data"
"Hungary","2021","No data","No data","No data"
"Hungary","2020","No data","No data","No data"
"Hungary","2019","No data","No data","No data"
"Hungary","2018","No data","No data","No data"
"Hungary","2017","No data","No data","No data"
"Hungary","2016","No data","No data","No data"
"Hungary","2015","No data","No data","No data"
"Hungary","2014","No data","No data","No data"
"Hungary","2013","No data","No data","No data"
"Hungary","2012","No data","No data","No data"
"Hungary","2011","No data","No data","No data"
"Hungary","2010","No data","No data","No data"
"Hungary","2009","No data","No data","No data"
"Hungary","2008","No data","No data","No data"
"Hungary","2007","No data","No data","No data"
"Hungary","2006","No data","No data","No data"
"Hungary","2005","No data","No data","No data"
"Hungary","2004","No data","No data","No data"
"Hungary","2003","No data","No data","No data"
"Hungary","2002","No data","No data","No data"
"Hungary","2001","No data","No data","No data"
"Hungary","2000","No data","No data","No data"
"Iceland","2022","85 [66–98]","311","<500 [<500–<500]"
"Iceland","2021","84 [66–97]","298","<500 [<500–<500]"
"Iceland","2020","84 [66–97]","286","<500 [<500–<500]"
"Iceland","2019","82 [65–95]","269","<500 [<500–<500]"
"Iceland","2018","82 [65–95]","253","<500 [<500–<500]"
"Iceland","2017","78 [62–89]","225","<500 [<500–<500]"
"Iceland","2016","74 [60–85]","199","<500 [<500–<500]"
"Iceland","2015","74 [60–85]","189","<500 [<500–<500]"
"Iceland","2014","74 [61–84]","178","<500 [<200–<500]"
"Iceland","2013","74 [61–84]","168","<500 [<200–<500]"
"Iceland","2012","73 [61–82]","157","<500 [<200–<500]"
"Iceland","2011","72 [60–81]","147","<500 [<200–<500]"
"Iceland","2010","69 [58–78]","136","<200 [<200–<500]"
"Iceland","2009","68 [57–76]","127","<200 [<200–<500]"
"Iceland","2008","64 [54–72]","116","<200 [<200–<500]"
"Iceland","2007","62 [52–70]","106","<200 [<200–<200]"
"Iceland","2006","61 [51–68]","95","<200 [<200–<200]"
"Iceland","2005","60 [50–67]","85","<200 [<200–<200]"
"Iceland","2004","57 [48–65]","74","<200 [<200–<200]"
"Iceland","2003","54 [45–61]","64","<200 [<100–<200]"
"Iceland","2002","49 [41–55]","53","<200 [<100–<200]"
"Iceland","2001","43 [37–49]","43","<200 [<100–<200]"
"Iceland","2000","35 [30–40]","32","<100 [<100–<200]"
"India","2022","68 [57–81]","1675533","2 500 000 [2 100 000–3 000 000]"
"India","2021","0 [0–0]","0","0 [0–0]"
"India","2020","0 [0–0]","0","0 [0–0]"
"India","2019","0 [0–0]","0","0 [0–0]"
"India","2018","0 [0–0]","0","0 [0–0]"
"India","2017","0 [0–0]","0","0 [0–0]"
"India","2016","0 [0–0]","0","0 [0–0]"
"India","2015","0 [0–0]","0","0 [0–0]"
"India","2014","0 [0–0]","0","0 [0–0]"
"India","2013","0 [0–0]","0","0 [0–0]"
"India","2012","0 [0–0]","0","0 [0–0]"
"India","2011","0 [0–0]","0","0 [0–0]"
"India","2010","0 [0–0]","0","0 [0–0]"
"India","2009","0 [0–0]","0","0 [0–0]"
"India","2008","0 [0–0]","0","0 [0–0]"
"India","2007","0 [0–0]","0","0 [0–0]"
"India","2006","0 [0–0]","0","0 [0–0]"
"India","2005","0 [0–0]","0","0 [0–0]"
"India","2004","0 [0–0]","0","0 [0–0]"
"India","2003","0 [0–0]","0","0 [0–0]"
"India","2002","0 [0–0]","0","0 [0–0]"
"India","2001","0 [0–0]","0","0 [0–0]"
"India","2000","0 [0–0]","0","0 [0–0]"
"Indonesia","2022","33 [30–36]","179659","540 000 [490 000–590 000]"
"Indonesia","2021","28 [26–31]","153016","540 000 [490 000–590 000]"
"Indonesia","2020","26 [24–28]","142906","550 000 [500 000–600 000]"
"Indonesia","2019","23 [21–25]","127613","550 000 [500 000–600 000]"
"Indonesia","2018","20 [18–22]","108479","550 000 [500 000–600 000]"
"Indonesia","2017","17 [15–18]","91369","550 000 [500 000–590 000]"
"Indonesia","2016","14 [13–16]","77748","540 000 [490 000–590 000]"
"Indonesia","2015","12 [11–13]","63199","530 000 [490 000–580 000]"
"Indonesia","2014","10 [9–10]","50304","520 000 [480 000–570 000]"
"Indonesia","2013","7 [7–8]","37798","510 000 [460 000–560 000]"
"Indonesia","2012","6 [6–7]","31195","490 000 [450 000–530 000]"
"Indonesia","2011","5 [5–6]","24861","470 000 [420 000–510 000]"
"Indonesia","2010","5 [4–5]","20090","440 000 [400 000–480 000]"
"Indonesia","2009","4 [4–4]","16085","400 000 [370 000–440 000]"
"Indonesia","2008","3 [3–3]","10733","370 000 [340 000–400 000]"
"Indonesia","2007","2 [2–2]","7471","330 000 [300 000–360 000]"
"Indonesia","2006","2 [2–2]","4904","290 000 [270 000–320 000]"
"Indonesia","2005","0 [0–0]","605","250 000 [230 000–270 000]"
"Indonesia","2004","0 [0–0]","20","210 000 [190 000–230 000]"
"Indonesia","2003","0 [0–0]","16","170 000 [150 000–180 000]"
"Indonesia","2002","0 [0–0]","12","130 000 [120 000–140 000]"
"Indonesia","2001","0 [0–0]","8","90 000 [82 000–98 000]"
"Indonesia","2000","0 [0–0]","4","60 000 [54 000–65 000]"
"Iran (Islamic Republic of)","2022","37 [28–51]","16672","46 000 [35 000–64 000]"
"Iran (Islamic Republic of)","2021","35 [27–49]","15815","45 000 [35 000–64 000]"
"Iran (Islamic Republic of)","2020","34 [26–48]","15419","46 000 [35 000–64 000]"
"Iran (Islamic Republic of)","2019","33 [25–46]","15051","46 000 [35 000–65 000]"
"Iran (Islamic Republic of)","2018","29 [22–41]","13412","46 000 [35 000–65 000]"
"Iran (Islamic Republic of)","2017","24 [18–33]","11279","47 000 [36 000–65 000]"
"Iran (Islamic Republic of)","2016","19 [14–26]","8982","48 000 [36 000–66 000]"
"Iran (Islamic Republic of)","2015","14 [11–20]","7015","49 000 [36 000–66 000]"
"Iran (Islamic Republic of)","2014","11 [8–15]","5517","50 000 [37 000–67 000]"
"Iran (Islamic Republic of)","2013","8 [6–11]","4266","51 000 [38 000–67 000]"
"Iran (Islamic Republic of)","2012","6 [5–8]","3221","52 000 [39 000–69 000]"
"Iran (Islamic Republic of)","2011","4 [3–6]","2348","53 000 [39 000–70 000]"
"Iran (Islamic Republic of)","2010","3 [2–4]","1684","54 000 [41 000–70 000]"
"Iran (Islamic Republic of)","2009","2 [2–3]","1209","54 000 [41 000–71 000]"
"Iran (Islamic Republic of)","2008","2 [1–2]","819","53 000 [40 000–71 000]"
"Iran (Islamic Republic of)","2007","1 [1–1]","569","52 000 [38 000–68 000]"
"Iran (Islamic Republic of)","2006","1 [1–1]","375","48 000 [35 000–66 000]"
"Iran (Islamic Republic of)","2005","1 [0–1]","237","44 000 [32 000–61 000]"
"Iran (Islamic Republic of)","2004","0 [0–0]","122","38 000 [26 000–56 000]"
"Iran (Islamic Republic of)","2003","0 [0–0]","38","32 000 [20 000–50 000]"
"Iran (Islamic Republic of)","2002","0 [0–0]","23","25 000 [16 000–43 000]"
"Iran (Islamic Republic of)","2001","0 [0–0]","11","20 000 [11 000–37 000]"
"Iran (Islamic Republic of)","2000","0 [0–0]","2","15 000 [7700–31 000]"
"Iraq","2022","30 [23–49]","1208","4000 [3000–6400]"
"Iraq","2021","26 [19–40]","882","3500 [2600–5400]"
"Iraq","2020","22 [17–34]","659","3000 [2300–4600]"
"Iraq","2019","22 [17–33]","572","2600 [2000–4000]"
"Iraq","2018","21 [17–31]","486","2300 [1800–3400]"
"Iraq","2017","20 [16–30]","409","2000 [1600–2900]"
"Iraq","2016","17 [14–25]","313","1800 [1400–2500]"
"Iraq","2015","16 [13–22]","263","1600 [1300–2200]"
"Iraq","2014","16 [13–21]","232","1500 [1200–2000]"
"Iraq","2013","16 [13–20]","211","1400 [1100–1800]"
"Iraq","2012","15 [12–19]","188","1300 [1000–1600]"
"Iraq","2011","15 [12–19]","175","1200 [970–1500]"
"Iraq","2010","15 [12–19]","166","1100 [930–1500]"
"Iraq","2009","14 [12–19]","159","1100 [900–1400]"
"Iraq","2008","14 [11–18]","153","1100 [870–1400]"
"Iraq","2007","14 [11–18]","146","1100 [850–1400]"
"Iraq","2006","12 [9–16]","137","1100 [850–1400]"
"Iraq","2005","11 [8–15]","133","1200 [860–1500]"
"Iraq","2004","10 [7–13]","121","1200 [840–1600]"
"Iraq","2003","10 [7–13]","115","1200 [820–1600]"
"Iraq","2002","9 [6–13]","108","1200 [800–1700]"
"Iraq","2001","8 [5–12]","99","1200 [780–1800]"
"Iraq","2000","9 [5–14]","96","1100 [670–1700]"
"Ireland","2022","No data","No data","No data"
"Ireland","2021","87 [75–100]","6915","7900 [6800–9200]"
"Ireland","2020","86 [74–99]","6568","7700 [6600–8900]"
"Ireland","2019","84 [71–96]","6222","7400 [6300–8500]"
"Ireland","2018","80 [67–91]","5724","7200 [6100–8300]"
"Ireland","2017","76 [64–88]","5251","6900 [5800–7900]"
"Ireland","2016","75 [63–86]","4890","6600 [5500–7600]"
"Ireland","2015","73 [61–84]","4555","6200 [5200–7200]"
"Ireland","2014","71 [60–82]","4217","5900 [5000–6800]"
"Ireland","2013","69 [58–79]","3880","5600 [4700–6400]"
"Ireland","2012","67 [56–76]","3543","5300 [4500–6000]"
"Ireland","2011","64 [54–72]","3205","5000 [4200–5600]"
"Ireland","2010","61 [52–69]","2868","4700 [4000–5300]"
"Ireland","2009","60 [51–68]","2662","4400 [3700–4900]"
"Ireland","2008","60 [51–67]","2456","4100 [3500–4600]"
"Ireland","2007","59 [51–66]","2251","3800 [3300–4300]"
"Ireland","2006","59 [51–66]","2045","3500 [3000–3900]"
"Ireland","2005","59 [51–66]","1840","3100 [2700–3500]"
"Ireland","2004","58 [50–65]","1636","2800 [2500–3200]"
"Ireland","2003","56 [48–63]","1431","2600 [2200–2900]"
"Ireland","2002","53 [46–59]","1226","2300 [2000–2600]"
"Ireland","2001","49 [42–55]","1022","2100 [1800–2300]"
"Ireland","2000","44 [38–49]","818","1900 [1600–2100]"
"Israel","2022","No data","No data","No data"
"Israel","2021","No data","7377","No data"
"Israel","2020","No data","6875","No data"
"Israel","2019","No data","6374","No data"
"Israel","2018","No data","5872","No data"
"Israel","2017","No data","5503","No data"
"Israel","2016","No data","5225","No data"
"Israel","2015","No data","4944","No data"
"Israel","2014","No data","4664","No data"
"Israel","2013","No data","4386","No data"
"Israel","2012","No data","4107","No data"
"Israel","2011","No data","3828","No data"
"Israel","2010","No data","3548","No data"
"Israel","2009","No data","3270","No data"
"Israel","2008","No data","3005","No data"
"Israel","2007","No data","2741","No data"
"Israel","2006","No data","2477","No data"
"Israel","2005","No data","2212","No data"
"Israel","2004","No data","1991","No data"
"Israel","2003","No data","1770","No data"
"Israel","2002","No data","1548","No data"
"Israel","2001","No data","1327","No data"
"Israel","2000","No data","1105","No data"
"Italy","2022","No data","No data","140 000 [120 000–170 000]"
"Italy","2021","No data","No data","140 000 [120 000–170 000]"
"Italy","2020","No data","No data","140 000 [120 000–160 000]"
"Italy","2019","88 [74–100]","123506","140 000 [120 000–160 000]"
"Italy","2018","83 [70–95]","116124","140 000 [120 000–160 000]"
"Italy","2017","79 [67–90]","108733","140 000 [120 000–160 000]"
"Italy","2016","74 [63–84]","99938","130 000 [110 000–150 000]"
"Italy","2015","73 [62–82]","95895","130 000 [110 000–150 000]"
"Italy","2014","71 [61–80]","91854","130 000 [110 000–140 000]"
"Italy","2013","69 [60–77]","87132","130 000 [110 000–140 000]"
"Italy","2012","67 [58–75]","82410","120 000 [110 000–140 000]"
"Italy","2011","65 [56–72]","77253","120 000 [100 000–130 000]"
"Italy","2010","63 [54–69]","72102","120 000 [100 000–130 000]"
"Italy","2009","60 [52–66]","66952","110 000 [96 000–120 000]"
"Italy","2008","57 [50–62]","61803","110 000 [93 000–120 000]"
"Italy","2007","55 [48–59]","56654","100 000 [90 000–110 000]"
"Italy","2006","52 [45–56]","51507","99 000 [86 000–110 000]"
"Italy","2005","49 [43–53]","46362","95 000 [83 000–100 000]"
"Italy","2004","45 [39–49]","41210","91 000 [79 000–98 000]"
"Italy","2003","42 [36–45]","36060","87 000 [75 000–93 000]"
"Italy","2002","38 [33–41]","30909","82 000 [71 000–89 000]"
"Italy","2001","33 [28–36]","25760","78 000 [68 000–85 000]"
"Italy","2000","28 [24–30]","20609","75 000 [65 000–81 000]"
"Jamaica","2022","50 [47–54]","14679","30 000 [28 000–32 000]"
"Jamaica","2021","47 [45–52]","14014","30 000 [28 000–32 000]"
"Jamaica","2020","44 [42–49]","13082","29 000 [28 000–32 000]"
"Jamaica","2019","49 [46–53]","14155","29 000 [28 000–32 000]"
"Jamaica","2018","44 [42–48]","12669","29 000 [27 000–31 000]"
"Jamaica","2017","42 [40–46]","11887","28 000 [27 000–31 000]"
"Jamaica","2016","39 [37–42]","10940","28 000 [27 000–31 000]"
"Jamaica","2015","36 [34–39]","10055","28 000 [27 000–31 000]"
"Jamaica","2014","34 [33–37]","9464","28 000 [26 000–30 000]"
"Jamaica","2013","32 [31–35]","8768","27 000 [26 000–30 000]"
"Jamaica","2012","28 [26–30]","7495","27 000 [26 000–29 000]"
"Jamaica","2011","25 [24–27]","6670","27 000 [25 000–29 000]"
"Jamaica","2010","22 [21–24]","5826","26 000 [25 000–28 000]"
"Jamaica","2009","20 [19–22]","5184","26 000 [24 000–28 000]"
"Jamaica","2008","15 [14–16]","3738","25 000 [24 000–27 000]"
"Jamaica","2007","12 [11–13]","2977","25 000 [24 000–27 000]"
"Jamaica","2006","8 [8–9]","1974","25 000 [23 000–27 000]"
"Jamaica","2005","6 [6–7]","1557","25 000 [23 000–27 000]"
"Jamaica","2004","1 [1–1]","183","25 000 [23 000–27 000]"
"Jamaica","2003","0 [0–0]","107","25 000 [23 000–27 000]"
"Jamaica","2002","0 [0–0]","52","25 000 [23 000–27 000]"
"Jamaica","2001","0 [0–0]","14","25 000 [24 000–27 000]"
"Jamaica","2000","0 [0–0]","5","25 000 [24 000–27 000]"
"Japan","2022","No data","No data","No data"
"Japan","2021","No data","No data","No data"
"Japan","2020","No data","No data","No data"
"Japan","2019","No data","No data","No data"
"Japan","2018","No data","No data","No data"
"Japan","2017","No data","No data","No data"
"Japan","2016","No data","No data","No data"
"Japan","2015","No data","No data","No data"
"Japan","2014","No data","No data","No data"
"Japan","2013","No data","No data","No data"
"Japan","2012","No data","No data","No data"
"Japan","2011","No data","No data","No data"
"Japan","2010","No data","No data","No data"
"Japan","2009","No data","No data","No data"
"Japan","2008","No data","No data","No data"
"Japan","2007","No data","No data","No data"
"Japan","2006","No data","No data","No data"
"Japan","2005","No data","No data","No data"
"Japan","2004","No data","No data","No data"
"Japan","2003","No data","No data","No data"
"Japan","2002","No data","No data","No data"
"Japan","2001","No data","No data","No data"
"Japan","2000","No data","No data","No data"
"Jordan","2022","50 [44–56]","321","640 [560–720]"
"Jordan","2021","44 [39–49]","278","630 [550–700]"
"Jordan","2020","58 [50–64]","347","600 [520–670]"
"Jordan","2019","56 [49–62]","321","570 [<500–640]"
"Jordan","2018","53 [47–59]","291","540 [<500–610]"
"Jordan","2017","48 [41–53]","247","520 [<500–570]"
"Jordan","2016","45 [39–50]","222","<500 [<500–540]"
"Jordan","2015","39 [34–43]","184","<500 [<500–520]"
"Jordan","2014","39 [34–43]","166","<500 [<500–<500]"
"Jordan","2013","40 [35–44]","149","<500 [<500–<500]"
"Jordan","2012","41 [36–46]","134","<500 [<500–<500]"
"Jordan","2011","37 [32–41]","116","<500 [<500–<500]"
"Jordan","2010","35 [30–39]","105","<500 [<500–<500]"
"Jordan","2009","32 [27–35]","89","<500 [<500–<500]"
"Jordan","2008","28 [23–30]","73","<500 [<500–<500]"
"Jordan","2007","26 [22–29]","65","<500 [<500–<500]"
"Jordan","2006","23 [19–25]","54","<500 [<200–<500]"
"Jordan","2005","21 [17–23]","42","<500 [<200–<500]"
"Jordan","2004","16 [13–17]","30","<200 [<200–<500]"
"Jordan","2003","15 [12–16]","26","<200 [<200–<200]"
"Jordan","2002","14 [12–16]","24","<200 [<200–<200]"
"Jordan","2001","14 [11–15]","22","<200 [<200–<200]"
"Jordan","2000","12 [10–14]","18","<200 [<200–<200]"
"Kazakhstan","2022","No data","25642","No data"
"Kazakhstan","2021","No data","22315","No data"
"Kazakhstan","2020","No data","20176","No data"
"Kazakhstan","2019","No data","17535","No data"
"Kazakhstan","2018","No data","14950","No data"
"Kazakhstan","2017","No data","11275","No data"
"Kazakhstan","2016","No data","8003","No data"
"Kazakhstan","2015","No data","6286","No data"
"Kazakhstan","2014","No data","4641","No data"
"Kazakhstan","2013","No data","3573","No data"
"Kazakhstan","2012","No data","2631","No data"
"Kazakhstan","2011","No data","1827","No data"
"Kazakhstan","2010","No data","1239","No data"
"Kazakhstan","2009","No data","898","No data"
"Kazakhstan","2008","No data","565","No data"
"Kazakhstan","2007","No data","401","No data"
"Kazakhstan","2006","No data","273","No data"
"Kazakhstan","2005","No data","197","No data"
"Kazakhstan","2004","No data","16","No data"
"Kazakhstan","2003","No data","14","No data"
"Kazakhstan","2002","No data","7","No data"
"Kazakhstan","2001","No data","4","No data"
"Kazakhstan","2000","No data","1","No data"
"Kenya","2022","94 [84–100]","1297822","1 400 000 [1 200 000–1 600 000]"
"Kenya","2021","93 [83–100]","1275311","1 400 000 [1 200 000–1 600 000]"
"Kenya","2020","82 [73–95]","1123349","1 400 000 [1 200 000–1 600 000]"
"Kenya","2019","80 [72–93]","1107575","1 400 000 [1 200 000–1 600 000]"
"Kenya","2018","79 [70–92]","1092113","1 400 000 [1 200 000–1 600 000]"
"Kenya","2017","80 [72–94]","1112750","1 400 000 [1 200 000–1 600 000]"
"Kenya","2016","74 [66–86]","1018905","1 400 000 [1 200 000–1 600 000]"
"Kenya","2015","65 [58–76]","897644","1 400 000 [1 200 000–1 600 000]"
"Kenya","2014","55 [49–64]","755226","1 400 000 [1 200 000–1 600 000]"
"Kenya","2013","48 [42–55]","656369","1 400 000 [1 200 000–1 600 000]"
"Kenya","2012","44 [39–51]","603997","1 400 000 [1 200 000–1 600 000]"
"Kenya","2011","40 [35–46]","538985","1 400 000 [1 200 000–1 600 000]"
"Kenya","2010","32 [28–37]","432622","1 400 000 [1 200 000–1 600 000]"
"Kenya","2009","25 [23–29]","343929","1 400 000 [1 200 000–1 600 000]"
"Kenya","2008","18 [16–21]","250636","1 400 000 [1 200 000–1 600 000]"
"Kenya","2007","13 [12–16]","184902","1 400 000 [1 200 000–1 600 000]"
"Kenya","2006","9 [8–11]","128722","1 400 000 [1 200 000–1 600 000]"
"Kenya","2005","4 [3–4]","54093","1 400 000 [1 300 000–1 600 000]"
"Kenya","2004","2 [2–2]","24960","1 400 000 [1 300 000–1 700 000]"
"Kenya","2003","0 [0–0]","0","1 500 000 [1 300 000–1 700 000]"
"Kenya","2002","0 [0–0]","0","1 500 000 [1 300 000–1 700 000]"
"Kenya","2001","0 [0–0]","0","1 500 000 [1 300 000–1 800 000]"
"Kenya","2000","0 [0–0]","0","1 500 000 [1 400 000–1 800 000]"
"Kiribati","2022","No data","No data","No data"
"Kiribati","2021","No data","No data","No data"
"Kiribati","2020","No data","No data","No data"
"Kiribati","2019","No data","No data","No data"
"Kiribati","2018","No data","No data","No data"
"Kiribati","2017","No data","No data","No data"
"Kiribati","2016","No data","No data","No data"
"Kiribati","2015","No data","No data","No data"
"Kiribati","2014","No data","No data","No data"
"Kiribati","2013","No data","No data","No data"
"Kiribati","2012","No data","No data","No data"
"Kiribati","2011","No data","No data","No data"
"Kiribati","2010","No data","No data","No data"
"Kiribati","2009","No data","No data","No data"
"Kiribati","2008","No data","No data","No data"
"Kiribati","2007","No data","No data","No data"
"Kiribati","2006","No data","No data","No data"
"Kiribati","2005","No data","No data","No data"
"Kiribati","2004","No data","No data","No data"
"Kiribati","2003","No data","No data","No data"
"Kiribati","2002","No data","No data","No data"
"Kiribati","2001","No data","No data","No data"
"Kiribati","2000","No data","No data","No data"
"Kuwait","2022","93 [84–100]","745","800 [720–890]"
"Kuwait","2021","86 [77–95]","655","770 [690–850]"
"Kuwait","2020","72 [65–80]","535","740 [670–830]"
"Kuwait","2019","61 [55–67]","466","770 [700–860]"
"Kuwait","2018","53 [48–59]","395","740 [670–820]"
"Kuwait","2017","52 [47–57]","349","680 [620–750]"
"Kuwait","2016","52 [47–58]","320","620 [560–680]"
"Kuwait","2015","44 [40–49]","265","600 [550–670]"
"Kuwait","2014","50 [45–55]","257","520 [<500–580]"
"Kuwait","2013","49 [45–55]","242","<500 [<500–550]"
"Kuwait","2012","47 [43–53]","204","<500 [<500–<500]"
"Kuwait","2011","51 [46–57]","189","<500 [<500–<500]"
"Kuwait","2010","43 [39–49]","139","<500 [<500–<500]"
"Kuwait","2009","49 [44–56]","141","<500 [<500–<500]"
"Kuwait","2008","44 [40–50]","112","<500 [<500–<500]"
"Kuwait","2007","56 [50–64]","126","<500 [<500–<500]"
"Kuwait","2006","60 [54–69]","122","<500 [<200–<500]"
"Kuwait","2005","65 [58–74]","117","<200 [<200–<500]"
"Kuwait","2004","59 [53–67]","95","<200 [<200–<200]"
"Kuwait","2003","47 [42–53]","69","<200 [<200–<200]"
"Kuwait","2002","60 [54–68]","79","<200 [<200–<200]"
"Kuwait","2001","49 [44–56]","59","<200 [<200–<200]"
"Kuwait","2000","45 [41–52]","49","<200 [<100–<200]"
"Kyrgyzstan","2022","54 [51–57]","5771","11 000 [10 000–11 000]"
"Kyrgyzstan","2021","50 [47–52]","5044","10 000 [9700–11 000]"
"Kyrgyzstan","2020","46 [44–48]","4442","9600 [9200–10 000]"
"Kyrgyzstan","2019","44 [42–46]","4058","9200 [8800–9600]"
"Kyrgyzstan","2018","43 [41–45]","3710","8600 [8300–9000]"
"Kyrgyzstan","2017","40 [38–41]","3205","8100 [7800–8400]"
"Kyrgyzstan","2016","35 [34–36]","2639","7600 [7300–7900]"
"Kyrgyzstan","2015","30 [29–31]","2076","7000 [6700–7200]"
"Kyrgyzstan","2014","26 [25–27]","1671","6400 [6200–6700]"
"Kyrgyzstan","2013","19 [19–20]","1116","5800 [5700–6000]"
"Kyrgyzstan","2012","13 [12–13]","662","5300 [5100–5400]"
"Kyrgyzstan","2011","10 [10–11]","486","4700 [4500–4800]"
"Kyrgyzstan","2010","9 [8–9]","356","4100 [3900–4300]"
"Kyrgyzstan","2009","7 [7–7]","252","3600 [3300–3700]"
"Kyrgyzstan","2008","5 [4–5]","137","3000 [2800–3100]"
"Kyrgyzstan","2007","3 [3–3]","74","2400 [2200–2600]"
"Kyrgyzstan","2006","3 [2–3]","46","1800 [1600–2000]"
"Kyrgyzstan","2005","3 [2–3]","36","1300 [1100–1500]"
"Kyrgyzstan","2004","0 [0–0]","1","920 [790–1000]"
"Kyrgyzstan","2003","0 [0–0]","0","680 [550–810]"
"Kyrgyzstan","2002","0 [0–0]","0","600 [<500–780]"
"Kyrgyzstan","2001","0 [0–0]","0","<500 [<500–570]"
"Kyrgyzstan","2000","0 [0–0]","0","<100 [<100–<100]"
"Lao People's Democratic Republic","2022","58 [53–65]","10130","17 000 [16 000–19 000]"
"Lao People's Democratic Republic","2021","53 [48–59]","8887","17 000 [15 000–19 000]"
"Lao People's Democratic Republic","2020","50 [46–56]","8189","16 000 [15 000–18 000]"
"Lao People's Democratic Republic","2019","47 [42–51]","7300","16 000 [14 000–17 000]"
"Lao People's Democratic Republic","2018","43 [39–47]","6484","15 000 [14 000–17 000]"
"Lao People's Democratic Republic","2017","39 [35–43]","5631","14 000 [13 000–16 000]"
"Lao People's Democratic Republic","2016","34 [31–37]","4646","14 000 [12 000–15 000]"
"Lao People's Democratic Republic","2015","30 [27–33]","3879","13 000 [12 000–14 000]"
"Lao People's Democratic Republic","2014","27 [24–30]","3336","12 000 [11 000–14 000]"
"Lao People's Democratic Republic","2013","24 [21–26]","2787","12 000 [11 000–13 000]"
"Lao People's Democratic Republic","2012","21 [19–24]","2375","11 000 [10 000–12 000]"
"Lao People's Democratic Republic","2011","19 [17–21]","1988","10 000 [9400–11 000]"
"Lao People's Democratic Republic","2010","18 [16–19]","1690","9600 [8700–11 000]"
"Lao People's Democratic Republic","2009","16 [15–18]","1440","8800 [7900–9700]"
"Lao People's Democratic Republic","2008","13 [12–15]","1081","8000 [7200–8800]"
"Lao People's Democratic Republic","2007","10 [9–11]","736","7200 [6500–8000]"
"Lao People's Democratic Republic","2006","8 [7–9]","508","6500 [5800–7100]"
"Lao People's Democratic Republic","2005","6 [5–6]","326","5700 [5100–6300]"
"Lao People's Democratic Republic","2004","4 [3–4]","175","5000 [4500–5500]"
"Lao People's Democratic Republic","2003","1 [1–1]","38","4300 [3900–4800]"
"Lao People's Democratic Republic","2002","No data","No data","3700 [3300–4100]"
"Lao People's Democratic Republic","2001","0 [0–0]","0","3000 [2700–3300]"
"Lao People's Democratic Republic","2000","0 [0–0]","0","2300 [2100–2600]"
"Latvia","2022","42 [37–48]","3175","7500 [6500–8500]"
"Latvia","2021","42 [37–47]","3075","7300 [6400–8300]"
"Latvia","2020","42 [37–47]","3014","7100 [6300–8000]"
"Latvia","2019","43 [38–47]","2931","6900 [6100–7600]"
"Latvia","2018","38 [34–42]","2521","6600 [5900–7300]"
"Latvia","2017","34 [31–38]","2147","6200 [5600–6900]"
"Latvia","2016","29 [27–32]","1731","5900 [5400–6500]"
"Latvia","2015","17 [15–18]","929","5600 [5100–6100]"
"Latvia","2014","16 [14–17]","840","5400 [4900–5800]"
"Latvia","2013","15 [13–16]","755","5200 [4700–5600]"
"Latvia","2012","13 [12–14]","670","5000 [4600–5500]"
"Latvia","2011","12 [11–13]","584","4900 [4400–5300]"
"Latvia","2010","11 [10–12]","508","4700 [4300–5200]"
"Latvia","2009","10 [9–11]","439","4600 [4200–5000]"
"Latvia","2008","8 [7–8]","334","4400 [4100–4900]"
"Latvia","2007","7 [6–8]","301","4300 [3900–4800]"
"Latvia","2006","4 [3–4]","159","4200 [3800–4600]"
"Latvia","2005","3 [2–3]","106","4100 [3700–4600]"
"Latvia","2004","2 [2–3]","97","4000 [3600–4500]"
"Latvia","2003","2 [2–2]","85","3900 [3500–4400]"
"Latvia","2002","1 [1–2]","56","3800 [3400–4300]"
"Latvia","2001","1 [1–1]","44","3600 [3200–4100]"
"Latvia","2000","1 [1–1]","30","3300 [2900–3800]"
"Lebanon","2022","80 [67–94]","2109","2600 [2200–3100]"
"Lebanon","2021","72 [61–84]","1952","2700 [2300–3200]"
"Lebanon","2020","68 [58–79]","1854","2700 [2300–3100]"
"Lebanon","2019","63 [54–72]","1717","2700 [2300–3100]"
"Lebanon","2018","52 [45–60]","1504","2900 [2500–3300]"
"Lebanon","2017","44 [38–50]","1320","3000 [2600–3400]"
"Lebanon","2016","37 [32–41]","1130","3100 [2700–3500]"
"Lebanon","2015","30 [27–34]","954","3200 [2800–3500]"
"Lebanon","2014","26 [23–29]","832","3200 [2800–3500]"
"Lebanon","2013","25 [22–28]","709","2800 [2500–3100]"
"Lebanon","2012","27 [24–29]","603","2300 [2000–2500]"
"Lebanon","2011","25 [23–28]","516","2000 [1800–2200]"
"Lebanon","2010","23 [20–25]","428","1900 [1700–2100]"
"Lebanon","2009","20 [18–22]","355","1800 [1600–1900]"
"Lebanon","2008","18 [16–19]","288","1600 [1500–1800]"
"Lebanon","2007","16 [15–18]","243","1500 [1300–1600]"
"Lebanon","2006","14 [13–15]","194","1400 [1200–1500]"
"Lebanon","2005","13 [12–14]","163","1300 [1100–1400]"
"Lebanon","2004","12 [10–13]","133","1200 [1000–1300]"
"Lebanon","2003","9 [8–10]","96","1100 [930–1200]"
"Lebanon","2002","7 [6–7]","64","970 [850–1100]"
"Lebanon","2001","4 [4–5]","37","900 [790–1000]"
"Lebanon","2000","2 [2–2]","16","830 [720–930]"
"Lesotho","2022","86 [80–93]","235453","270 000 [250 000–300 000]"
"Lesotho","2021","84 [78–91]","232439","280 000 [260 000–300 000]"
"Lesotho","2020","81 [75–88]","227806","280 000 [260 000–310 000]"
"Lesotho","2019","77 [72–84]","220828","290 000 [260 000–310 000]"
"Lesotho","2018","71 [66–78]","206226","290 000 [270 000–320 000]"
"Lesotho","2017","69 [64–76]","201509","290 000 [270 000–320 000]"
"Lesotho","2016","62 [57–68]","181169","290 000 [270 000–330 000]"
"Lesotho","2015","52 [48–58]","153459","290 000 [270 000–330 000]"
"Lesotho","2014","45 [42–50]","132449","290 000 [270 000–330 000]"
"Lesotho","2013","41 [38–46]","120871","290 000 [270 000–330 000]"
"Lesotho","2012","38 [35–42]","109090","290 000 [270 000–320 000]"
"Lesotho","2011","34 [32–38]","98174","290 000 [260 000–320 000]"
"Lesotho","2010","34 [31–37]","94288","280 000 [260 000–310 000]"
"Lesotho","2009","28 [26–31]","76062","270 000 [260 000–310 000]"
"Lesotho","2008","20 [19–23]","54979","270 000 [250 000–300 000]"
"Lesotho","2007","15 [14–17]","39860","260 000 [240 000–290 000]"
"Lesotho","2006","7 [6–7]","17215","260 000 [240 000–290 000]"
"Lesotho","2005","3 [3–4]","8467","250 000 [230 000–280 000]"
"Lesotho","2004","1 [1–1]","1836","250 000 [230 000–270 000]"
"Lesotho","2003","0 [0–1]","1109","240 000 [220 000–270 000]"
"Lesotho","2002","0 [0–0]","382","240 000 [220 000–260 000]"
"Lesotho","2001","0 [0–0]","0","230 000 [210 000–250 000]"
"Lesotho","2000","0 [0–0]","0","220 000 [200 000–240 000]"
"Liberia","2022","72 [61–92]","24853","34 000 [29 000–44 000]"
"Liberia","2021","61 [53–78]","21067","34 000 [30 000–44 000]"
"Liberia","2020","54 [46–68]","18515","34 000 [30 000–44 000]"
"Liberia","2019","45 [39–56]","15423","34 000 [30 000–43 000]"
"Liberia","2018","40 [35–50]","13880","35 000 [30 000–43 000]"
"Liberia","2017","33 [29–40]","11602","35 000 [31 000–43 000]"
"Liberia","2016","22 [20–27]","8076","36 000 [32 000–44 000]"
"Liberia","2015","20 [18–24]","7391","37 000 [33 000–44 000]"
"Liberia","2014","18 [16–22]","6910","38 000 [34 000–45 000]"
"Liberia","2013","16 [15–19]","6429","39 000 [35 000–46 000]"
"Liberia","2012","14 [13–16]","5478","40 000 [36 000–46 000]"
"Liberia","2011","14 [13–17]","5839","41 000 [37 000–47 000]"
"Liberia","2010","11 [10–13]","4412","40 000 [36 000–46 000]"
"Liberia","2009","7 [7–9]","2970","40 000 [36 000–46 000]"
"Liberia","2008","5 [5–6]","2017","40 000 [36 000–46 000]"
"Liberia","2007","4 [3–4]","1414","40 000 [36 000–46 000]"
"Liberia","2006","2 [2–3]","916","40 000 [35 000–46 000]"
"Liberia","2005","0 [0–0]","0","39 000 [34 000–46 000]"
"Liberia","2004","0 [0–0]","0","38 000 [33 000–45 000]"
"Liberia","2003","0 [0–0]","0","38 000 [33 000–45 000]"
"Liberia","2002","0 [0–0]","0","39 000 [34 000–47 000]"
"Liberia","2001","0 [0–0]","0","39 000 [33 000–48 000]"
"Liberia","2000","0 [0–0]","0","38 000 [32 000–48 000]"
"Libya","2022","64 [58–71]","5083","7900 [7100–8700]"
"Libya","2021","62 [56–68]","4780","7700 [7000–8400]"
"Libya","2020","61 [56–67]","4575","7500 [6800–8100]"
"Libya","2019","61 [56–66]","4398","7200 [6600–7800]"
"Libya","2018","59 [54–63]","4067","6900 [6400–7500]"
"Libya","2017","53 [49–57]","3537","6600 [6100–7100]"
"Libya","2016","53 [49–56]","3324","6300 [5800–6700]"
"Libya","2015","51 [47–54]","3046","6000 [5500–6400]"
"Libya","2014","47 [44–50]","2659","5600 [5200–6000]"
"Libya","2013","45 [42–47]","2346","5300 [4900–5600]"
"Libya","2012","44 [41–47]","2148","4900 [4500–5100]"
"Libya","2011","43 [40–45]","1906","4500 [4200–4700]"
"Libya","2010","35 [32–37]","1726","5000 [4600–5300]"
"Libya","2009","32 [30–34]","1429","4500 [4200–4700]"
"Libya","2008","28 [26–29]","1091","3900 [3700–4200]"
"Libya","2007","24 [22–26]","830","3400 [3200–3700]"
"Libya","2006","21 [20–23]","632","3000 [2700–3200]"
"Libya","2005","20 [18–21]","498","2500 [2300–2700]"
"Libya","2004","18 [16–19]","376","2100 [2000–2300]"
"Libya","2003","13 [12–14]","234","1800 [1600–1900]"
"Libya","2002","16 [15–18]","238","1500 [1300–1600]"
"Libya","2001","15 [14–16]","176","1200 [1100–1300]"
"Libya","2000","14 [13–16]","132","940 [850–1000]"
"Lithuania","2022","41 [36–46]","1493","3600 [3200–4100]"
"Lithuania","2021","37 [32–42]","1311","3600 [3100–4000]"
"Lithuania","2020","36 [31–41]","1248","3500 [3000–4000]"
"Lithuania","2019","36 [31–41]","1223","3400 [2900–3800]"
"Lithuania","2018","34 [29–38]","1084","3200 [2800–3700]"
"Lithuania","2017","25 [22–29]","781","3100 [2700–3500]"
"Lithuania","2016","22 [19–25]","652","3000 [2600–3400]"
"Lithuania","2015","20 [17–23]","569","2800 [2400–3200]"
"Lithuania","2014","13 [11–15]","353","2700 [2300–3100]"
"Lithuania","2013","17 [14–19]","428","2500 [2200–2900]"
"Lithuania","2012","11 [10–13]","270","2400 [2000–2700]"
"Lithuania","2011","9 [8–10]","204","2300 [1900–2600]"
"Lithuania","2010","7 [6–8]","156","2200 [1800–2500]"
"Lithuania","2009","7 [6–8]","146","2000 [1800–2300]"
"Lithuania","2008","7 [6–7]","127","1900 [1700–2200]"
"Lithuania","2007","5 [4–6]","93","1900 [1600–2100]"
"Lithuania","2006","4 [3–5]","71","1800 [1500–2000]"
"Lithuania","2005","3 [3–4]","56","1700 [1400–1900]"
"Lithuania","2004","3 [2–3]","46","1600 [1400–1900]"
"Lithuania","2003","2 [2–2]","28","1500 [1300–1800]"
"Lithuania","2002","0 [0–0]","0","1500 [1300–1700]"
"Lithuania","2001","0 [0–0]","0","1400 [1200–1600]"
"Lithuania","2000","0 [0–0]","0","1100 [930–1300]"
"Luxembourg","2022","89 [76–98]","1186","1300 [1100–1500]"
"Luxembourg","2021","81 [70–90]","1047","1300 [1100–1400]"
"Luxembourg","2020","77 [67–86]","964","1300 [1100–1400]"
"Luxembourg","2019","77 [67–86]","931","1200 [1000–1300]"
"Luxembourg","2018","76 [66–84]","876","1200 [1000–1300]"
"Luxembourg","2017","76 [66–84]","829","1100 [950–1200]"
"Luxembourg","2016","73 [64–81]","762","1000 [900–1200]"
"Luxembourg","2015","70 [61–78]","697","1000 [870–1100]"
"Luxembourg","2014","68 [59–76]","639","940 [810–1000]"
"Luxembourg","2013","63 [55–70]","564","890 [780–980]"
"Luxembourg","2012","63 [55–70]","527","840 [730–920]"
"Luxembourg","2011","60 [52–66]","465","780 [680–860]"
"Luxembourg","2010","57 [50–63]","409","720 [630–800]"
"Luxembourg","2009","54 [47–60]","366","680 [590–740]"
"Luxembourg","2008","53 [46–58]","337","640 [560–700]"
"Luxembourg","2007","50 [43–54]","295","600 [520–650]"
"Luxembourg","2006","51 [44–56]","283","560 [<500–610]"
"Luxembourg","2005","48 [41–52]","248","520 [<500–570]"
"Luxembourg","2004","44 [38–49]","215","<500 [<500–540]"
"Luxembourg","2003","43 [38–48]","200","<500 [<500–510]"
"Luxembourg","2002","45 [39–50]","193","<500 [<500–<500]"
"Luxembourg","2001","44 [38–48]","176","<500 [<500–<500]"
"Luxembourg","2000","43 [37–48]","162","<500 [<500–<500]"
"Madagascar","2022","18 [15–21]","12263","70 000 [59 000–85 000]"
"Madagascar","2021","14 [12–17]","8995","64 000 [54 000–77 000]"
"Madagascar","2020","10 [9–12]","5885","59 000 [50 000–69 000]"
"Madagascar","2019","10 [8–11]","5166","54 000 [46 000–62 000]"
"Madagascar","2018","7 [6–8]","3510","49 000 [42 000–55 000]"
"Madagascar","2017","5 [5–6]","2321","44 000 [38 000–50 000]"
"Madagascar","2016","4 [4–5]","1706","39 000 [34 000–45 000]"
"Madagascar","2015","4 [3–4]","1234","35 000 [30 000–40 000]"
"Madagascar","2014","3 [2–3]","773","30 000 [26 000–35 000]"
"Madagascar","2013","2 [2–2]","519","27 000 [23 000–31 000]"
"Madagascar","2012","2 [1–2]","371","23 000 [20 000–27 000]"
"Madagascar","2011","2 [2–2]","396","20 000 [17 000–24 000]"
"Madagascar","2010","2 [1–2]","266","17 000 [14 000–21 000]"
"Madagascar","2009","1 [1–2]","214","14 000 [12 000–18 000]"
"Madagascar","2008","1 [1–2]","162","12 000 [9600–16 000]"
"Madagascar","2007","1 [1–2]","139","10 000 [7800–14 000]"
"Madagascar","2006","1 [1–2]","89","8300 [6200–12 000]"
"Madagascar","2005","1 [0–1]","36","6800 [4800–10 000]"
"Madagascar","2004","0 [0–1]","21","5500 [3800–8600]"
"Madagascar","2003","0 [0–0]","6","4400 [2900–7400]"
"Madagascar","2002","0 [0–0]","0","3400 [2200–6200]"
"Madagascar","2001","0 [0–0]","0","2600 [1600–5100]"
"Madagascar","2000","0 [0–0]","0","2000 [1100–4200]"
"Malawi","2022","93 [88–98]","931916","1 000 000 [950 000–1 100 000]"
"Malawi","2021","89 [84–94]","897619","1 000 000 [960 000–1 100 000]"
"Malawi","2020","85 [81–90]","862212","1 000 000 [970 000–1 100 000]"
"Malawi","2019","82 [78–86]","830098","1 000 000 [970 000–1 100 000]"
"Malawi","2018","80 [76–85]","814275","1 000 000 [970 000–1 100 000]"
"Malawi","2017","74 [71–78]","750631","1 000 000 [970 000–1 100 000]"
"Malawi","2016","68 [65–71]","679062","1 000 000 [960 000–1 100 000]"
"Malawi","2015","60 [57–63]","595634","990 000 [950 000–1 000 000]"
"Malawi","2014","55 [53–58]","539239","980 000 [930 000–1 000 000]"
"Malawi","2013","49 [47–52]","472859","960 000 [910 000–1 000 000]"
"Malawi","2012","43 [41–45]","404900","940 000 [900 000–1 000 000]"
"Malawi","2011","35 [33–37]","323566","930 000 [880 000–980 000]"
"Malawi","2010","28 [26–29]","250953","910 000 [870 000–970 000]"
"Malawi","2009","22 [21–24]","198844","900 000 [850 000–950 000]"
"Malawi","2008","17 [16–18]","152298","890 000 [840 000–940 000]"
"Malawi","2007","11 [10–12]","96710","880 000 [840 000–940 000]"
"Malawi","2006","6 [6–7]","57354","880 000 [830 000–950 000]"
"Malawi","2005","3 [3–3]","28110","890 000 [840 000–960 000]"
"Malawi","2004","1 [1–1]","10344","910 000 [850 000–970 000]"
"Malawi","2003","0 [0–0]","0","920 000 [870 000–990 000]"
"Malawi","2002","0 [0–0]","0","930 000 [880 000–1 000 000]"
"Malawi","2001","0 [0–0]","0","940 000 [880 000–1 000 000]"
"Malawi","2000","0 [0–0]","0","930 000 [870 000–1 000 000]"
"Malaysia","2022","55 [49–60]","47067","86 000 [78 000–95 000]"
"Malaysia","2021","55 [50–60]","47009","86 000 [78 000–95 000]"
"Malaysia","2020","55 [50–60]","46931","85 000 [78 000–94 000]"
"Malaysia","2019","52 [47–57]","44168","85 000 [77 000–93 000]"
"Malaysia","2018","49 [45–54]","41401","84 000 [76 000–92 000]"
"Malaysia","2017","47 [43–51]","39018","83 000 [75 000–91 000]"
"Malaysia","2016","44 [40–47]","35850","82 000 [74 000–89 000]"
"Malaysia","2015","32 [29–34]","25583","81 000 [73 000–88 000]"
"Malaysia","2014","27 [24–29]","21541","80 000 [72 000–86 000]"
"Malaysia","2013","22 [20–24]","17265","78 000 [71 000–86 000]"
"Malaysia","2012","19 [18–21]","14993","77 000 [70 000–84 000]"
"Malaysia","2011","19 [17–21]","14410","76 000 [68 000–82 000]"
"Malaysia","2010","18 [16–19]","13091","74 000 [66 000–81 000]"
"Malaysia","2009","16 [15–18]","11771","72 000 [64 000–79 000]"
"Malaysia","2008","15 [13–17]","10443","69 000 [61 000–77 000]"
"Malaysia","2007","14 [12–15]","9111","67 000 [59 000–75 000]"
"Malaysia","2006","12 [10–14]","7777","65 000 [57 000–73 000]"
"Malaysia","2005","10 [9–12]","6439","63 000 [54 000–71 000]"
"Malaysia","2004","8 [7–10]","5100","61 000 [52 000–69 000]"
"Malaysia","2003","6 [5–7]","3759","59 000 [50 000–67 000]"
"Malaysia","2002","4 [4–5]","2418","57 000 [48 000–65 000]"
"Malaysia","2001","2 [2–2]","1077","55 000 [47 000–63 000]"
"Malaysia","2000","0 [0–0]","147","53 000 [45 000–61 000]"
"Maldives","2022","67 [57–91]","40","<100 [<100–<100]"
"Maldives","2021","70 [60–95]","39","<100 [<100–<100]"
"Maldives","2020","71 [62–94]","37","<100 [<100–<100]"
"Maldives","2019","71 [62–93]","34","<100 [<100–<100]"
"Maldives","2018","57 [49–72]","25","<100 [<100–<100]"
"Maldives","2017","63 [53–78]","25","<100 [<100–<100]"
"Maldives","2016","64 [55–80]","23","<100 [<100–<100]"
"Maldives","2015","72 [63–92]","23","<100 [<100–<100]"
"Maldives","2014","72 [62–92]","21","<100 [<100–<100]"
"Maldives","2013","73 [65–96]","19","<100 [<100–<100]"
"Maldives","2012","75 [66–97]","18","<100 [<100–<100]"
"Maldives","2011","68 [59–90]","15","<100 [<100–<100]"
"Maldives","2010","70 [63–95]","14","<100 [<100–<100]"
"Maldives","2009","78 [69–100]","14","<100 [<100–<100]"
"Maldives","2008","81 [71–100]","13","<100 [<100–<100]"
"Maldives","2007","86 [73–100]","12","<100 [<100–<100]"
"Maldives","2006","0 [0–0]","0","<100 [<100–<100]"
"Maldives","2005","0 [0–0]","0","<100 [<100–<100]"
"Maldives","2004","0 [0–0]","0","<100 [<100–<100]"
"Maldives","2003","0 [0–0]","0","<100 [<100–<100]"
"Maldives","2002","0 [0–0]","0","<100 [<100–<100]"
"Maldives","2001","0 [0–0]","0","<100 [<100–<100]"
"Maldives","2000","0 [0–0]","0","<100 [<100–<100]"
"Mali","2022","50 [40–64]","59982","120 000 [94 000–150 000]"
"Mali","2021","45 [36–57]","53577","120 000 [95 000–150 000]"
"Mali","2020","46 [37–57]","54790","120 000 [95 000–150 000]"
"Mali","2019","37 [30–46]","44563","120 000 [96 000–150 000]"
"Mali","2018","39 [31–47]","46183","120 000 [96 000–140 000]"
"Mali","2017","35 [29–42]","41688","120 000 [97 000–140 000]"
"Mali","2016","32 [26–39]","37902","120 000 [97 000–140 000]"
"Mali","2015","30 [25–35]","34974","120 000 [97 000–140 000]"
"Mali","2014","27 [22–32]","31472","120 000 [97 000–140 000]"
"Mali","2013","24 [20–29]","28725","120 000 [98 000–140 000]"
"Mali","2012","25 [21–29]","28751","120 000 [99 000–140 000]"
"Mali","2011","25 [21–30]","29237","120 000 [100 000–140 000]"
"Mali","2010","21 [18–25]","24777","120 000 [99 000–140 000]"
"Mali","2009","18 [16–22]","21100","110 000 [97 000–130 000]"
"Mali","2008","15 [13–18]","17098","110 000 [95 000–130 000]"
"Mali","2007","11 [9–13]","12226","110 000 [94 000–130 000]"
"Mali","2006","7 [6–8]","7768","110 000 [94 000–130 000]"
"Mali","2005","3 [2–3]","2972","110 000 [93 000–130 000]"
"Mali","2004","3 [3–4]","3300","110 000 [93 000–130 000]"
"Mali","2003","1 [1–1]","1073","110 000 [91 000–130 000]"
"Mali","2002","0 [0–0]","436","110 000 [89 000–130 000]"
"Mali","2001","0 [0–0]","103","110 000 [88 000–130 000]"
"Mali","2000","0 [0–0]","0","110 000 [86 000–130 000]"
"Malta","2022","65 [51–84]","569","870 [670–1100]"
"Malta","2021","62 [48–80]","513","820 [640–1100]"
"Malta","2020","64 [50–82]","499","780 [610–990]"
"Malta","2019","66 [52–84]","484","730 [570–930]"
"Malta","2018","61 [47–77]","415","680 [530–870]"
"Malta","2017","53 [42–67]","341","640 [500–810]"
"Malta","2016","51 [40–63]","305","600 [<500–750]"
"Malta","2015","50 [39–62]","281","560 [<500–690]"
"Malta","2014","46 [37–57]","235","510 [<500–620]"
"Malta","2013","43 [34–53]","200","<500 [<500–560]"
"Malta","2012","42 [33–51]","175","<500 [<500–510]"
"Malta","2011","38 [30–45]","143","<500 [<500–<500]"
"Malta","2010","37 [29–44]","126","<500 [<500–<500]"
"Malta","2009","34 [27–40]","106","<500 [<500–<500]"
"Malta","2008","31 [25–36]","86","<500 [<500–<500]"
"Malta","2007","26 [22–31]","67","<500 [<500–<500]"
"Malta","2006","24 [20–28]","55","<500 [<200–<500]"
"Malta","2005","25 [20–29]","51","<500 [<200–<500]"
"Malta","2004","21 [17–24]","38","<200 [<200–<500]"
"Malta","2003","23 [18–27]","37","<200 [<200–<200]"
"Malta","2002","23 [18–27]","32","<200 [<200–<200]"
"Malta","2001","25 [19–30]","30","<200 [<100–<200]"
"Malta","2000","25 [20–31]","26","<200 [<100–<200]"
"Marshall Islands","2022","No data","No data","No data"
"Marshall Islands","2021","No data","No data","No data"
"Marshall Islands","2020","No data","No data","No data"
"Marshall Islands","2019","No data","No data","No data"
"Marshall Islands","2018","No data","No data","No data"
"Marshall Islands","2017","No data","No data","No data"
"Marshall Islands","2016","No data","No data","No data"
"Marshall Islands","2015","No data","No data","No data"
"Marshall Islands","2014","No data","No data","No data"
"Marshall Islands","2013","No data","No data","No data"
"Marshall Islands","2012","No data","No data","No data"
"Marshall Islands","2011","No data","No data","No data"
"Marshall Islands","2010","No data","No data","No data"
"Marshall Islands","2009","No data","No data","No data"
"Marshall Islands","2008","No data","No data","No data"
"Marshall Islands","2007","No data","No data","No data"
"Marshall Islands","2006","No data","No data","No data"
"Marshall Islands","2005","No data","No data","No data"
"Marshall Islands","2004","No data","No data","No data"
"Marshall Islands","2003","No data","No data","No data"
"Marshall Islands","2002","No data","No data","No data"
"Marshall Islands","2001","No data","No data","No data"
"Marshall Islands","2000","No data","No data","No data"
"Mauritania","2022","45 [35–60]","3755","8300 [6600–11 000]"
"Mauritania","2021","44 [35–58]","3623","8200 [6600–11 000]"
"Mauritania","2020","41 [34–54]","3384","8200 [6700–11 000]"
"Mauritania","2019","40 [33–51]","3273","8200 [6700–10 000]"
"Mauritania","2018","37 [31–46]","3032","8200 [6900–10 000]"
"Mauritania","2017","37 [31–45]","3021","8300 [7000–10 000]"
"Mauritania","2016","31 [27–38]","2615","8300 [7100–10 000]"
"Mauritania","2015","29 [25–34]","2458","8500 [7200–10 000]"
"Mauritania","2014","26 [23–31]","2263","8600 [7400–10 000]"
"Mauritania","2013","24 [21–28]","2143","8800 [7700–10 000]"
"Mauritania","2012","20 [18–23]","1830","9000 [7900–10 000]"
"Mauritania","2011","19 [16–21]","1738","9200 [8000–10 000]"
"Mauritania","2010","17 [15–20]","1619","9300 [8200–11 000]"
"Mauritania","2009","15 [13–17]","1417","9500 [8300–11 000]"
"Mauritania","2008","12 [10–13]","1107","9500 [8400–11 000]"
"Mauritania","2007","9 [8–10]","845","9500 [8400–11 000]"
"Mauritania","2006","6 [5–6]","523","9500 [8400–11 000]"
"Mauritania","2005","3 [2–3]","254","9400 [8200–11 000]"
"Mauritania","2004","1 [1–1]","71","9200 [8000–11 000]"
"Mauritania","2003","0 [0–0]","19","9000 [7700–10 000]"
"Mauritania","2002","0 [0–0]","9","8600 [7300–10 000]"
"Mauritania","2001","0 [0–0]","4","8200 [6900–9700]"
"Mauritania","2000","0 [0–0]","2","7700 [6300–9200]"
"Mauritius","2022","No data","No data","No data"
"Mauritius","2021","No data","No data","No data"
"Mauritius","2020","No data","No data","No data"
"Mauritius","2019","No data","No data","No data"
"Mauritius","2018","No data","No data","No data"
"Mauritius","2017","No data","No data","No data"
"Mauritius","2016","No data","No data","No data"
"Mauritius","2015","No data","No data","No data"
"Mauritius","2014","No data","No data","No data"
"Mauritius","2013","No data","No data","No data"
"Mauritius","2012","No data","No data","No data"
"Mauritius","2011","No data","No data","No data"
"Mauritius","2010","No data","No data","No data"
"Mauritius","2009","No data","No data","No data"
"Mauritius","2008","No data","No data","No data"
"Mauritius","2007","No data","No data","No data"
"Mauritius","2006","No data","No data","No data"
"Mauritius","2005","No data","No data","No data"
"Mauritius","2004","No data","No data","No data"
"Mauritius","2003","No data","No data","No data"
"Mauritius","2002","No data","No data","No data"
"Mauritius","2001","No data","No data","No data"
"Mauritius","2000","No data","No data","No data"
"Mexico","2022","62 [55–67]","229538","370 000 [330 000–400 000]"
"Mexico","2021","60 [54–65]","215295","360 000 [320 000–390 000]"
"Mexico","2020","58 [52–63]","200350","340 000 [310 000–370 000]"
"Mexico","2019","52 [47–57]","174176","330 000 [300 000–360 000]"
"Mexico","2018","52 [46–56]","164518","320 000 [290 000–340 000]"
"Mexico","2017","46 [41–50]","141270","310 000 [280 000–330 000]"
"Mexico","2016","45 [40–48]","131879","290 000 [270 000–320 000]"
"Mexico","2015","42 [38–45]","117557","280 000 [250 000–300 000]"
"Mexico","2014","36 [33–39]","97402","270 000 [240 000–290 000]"
"Mexico","2013","35 [31–37]","89413","260 000 [230 000–280 000]"
"Mexico","2012","34 [31–37]","84122","250 000 [220 000–270 000]"
"Mexico","2011","30 [28–33]","71839","240 000 [210 000–250 000]"
"Mexico","2010","29 [26–31]","64987","220 000 [210 000–240 000]"
"Mexico","2009","28 [25–30]","59054","210 000 [200 000–230 000]"
"Mexico","2008","26 [24–28]","52880","200 000 [190 000–220 000]"
"Mexico","2007","24 [22–26]","46385","190 000 [180 000–200 000]"
"Mexico","2006","22 [20–23]","39608","180 000 [170 000–190 000]"
"Mexico","2005","19 [17–20]","32206","170 000 [160 000–180 000]"
"Mexico","2004","17 [16–18]","28011","160 000 [150 000–170 000]"
"Mexico","2003","16 [15–17]","24514","150 000 [140 000–160 000]"
"Mexico","2002","13 [12–14]","18313","140 000 [130 000–150 000]"
"Mexico","2001","10 [9–11]","13557","130 000 [120 000–140 000]"
"Mexico","2000","8 [7–9]","10270","130 000 [120 000–130 000]"
"Micronesia (Federated States of)","2022","No data","No data","No data"
"Micronesia (Federated States of)","2021","No data","No data","No data"
"Micronesia (Federated States of)","2020","No data","No data","No data"
"Micronesia (Federated States of)","2019","No data","No data","No data"
"Micronesia (Federated States of)","2018","No data","No data","No data"
"Micronesia (Federated States of)","2017","No data","No data","No data"
"Micronesia (Federated States of)","2016","No data","No data","No data"
"Micronesia (Federated States of)","2015","No data","No data","No data"
"Micronesia (Federated States of)","2014","No data","No data","No data"
"Micronesia (Federated States of)","2013","No data","No data","No data"
"Micronesia (Federated States of)","2012","No data","No data","No data"
"Micronesia (Federated States of)","2011","No data","No data","No data"
"Micronesia (Federated States of)","2010","No data","No data","No data"
"Micronesia (Federated States of)","2009","No data","No data","No data"
"Micronesia (Federated States of)","2008","No data","No data","No data"
"Micronesia (Federated States of)","2007","No data","No data","No data"
"Micronesia (Federated States of)","2006","No data","No data","No data"
"Micronesia (Federated States of)","2005","No data","No data","No data"
"Micronesia (Federated States of)","2004","No data","No data","No data"
"Micronesia (Federated States of)","2003","No data","No data","No data"
"Micronesia (Federated States of)","2002","No data","No data","No data"
"Micronesia (Federated States of)","2001","No data","No data","No data"
"Micronesia (Federated States of)","2000","No data","No data","No data"
"Monaco","2022","No data","No data","No data"
"Monaco","2021","No data","No data","No data"
"Monaco","2020","No data","No data","No data"
"Monaco","2019","No data","No data","No data"
"Monaco","2018","No data","No data","No data"
"Monaco","2017","No data","No data","No data"
"Monaco","2016","No data","No data","No data"
"Monaco","2015","No data","No data","No data"
"Monaco","2014","No data","No data","No data"
"Monaco","2013","No data","No data","No data"
"Monaco","2012","No data","No data","No data"
"Monaco","2011","No data","No data","No data"
"Monaco","2010","No data","No data","No data"
"Monaco","2009","No data","No data","No data"
"Monaco","2008","No data","No data","No data"
"Monaco","2007","No data","No data","No data"
"Monaco","2006","No data","No data","No data"
"Monaco","2005","No data","No data","No data"
"Monaco","2004","No data","No data","No data"
"Monaco","2003","No data","No data","No data"
"Monaco","2002","No data","No data","No data"
"Monaco","2001","No data","No data","No data"
"Monaco","2000","No data","No data","No data"
"Mongolia","2022","40 [35–45]","254","630 [560–710]"
"Mongolia","2021","38 [34–43]","238","620 [550–690]"
"Mongolia","2020","37 [33–41]","223","610 [540–670]"
"Mongolia","2019","34 [30–38]","198","590 [520–650]"
"Mongolia","2018","34 [30–38]","195","580 [510–640]"
"Mongolia","2017","32 [29–36]","181","560 [<500–620]"
"Mongolia","2016","29 [25–32]","156","540 [<500–600]"
"Mongolia","2015","28 [25–31]","147","520 [<500–580]"
"Mongolia","2014","25 [22–28]","126","<500 [<500–550]"
"Mongolia","2013","20 [18–22]","94","<500 [<500–520]"
"Mongolia","2012","12 [11–14]","53","<500 [<500–<500]"
"Mongolia","2011","9 [8–10]","38","<500 [<500–<500]"
"Mongolia","2010","7 [6–7]","25","<500 [<500–<500]"
"Mongolia","2009","3 [3–3]","10","<500 [<500–<500]"
"Mongolia","2008","2 [1–2]","5","<500 [<500–<500]"
"Mongolia","2007","1 [1–1]","3","<500 [<500–<500]"
"Mongolia","2006","1 [1–1]","2","<500 [<500–<500]"
"Mongolia","2005","0 [0–1]","1","<500 [<200–<500]"
"Mongolia","2004","1 [1–1]","1","<200 [<200–<200]"
"Mongolia","2003","1 [1–1]","1","<200 [<200–<200]"
"Mongolia","2002","0 [0–0]","0","<100 [<100–<200]"
"Mongolia","2001","0 [0–0]","0","<100 [<100–<100]"
"Mongolia","2000","0 [0–0]","0","<100 [<100–<100]"
"Montenegro","2022","57 [45–69]","232","<500 [<500–500]"
"Montenegro","2021","51 [41–63]","204","<500 [<500–<500]"
"Montenegro","2020","51 [41–62]","195","<500 [<500–<500]"
"Montenegro","2019","49 [40–60]","181","<500 [<500–<500]"
"Montenegro","2018","46 [38–56]","161","<500 [<500–<500]"
"Montenegro","2017","43 [35–52]","140","<500 [<500–<500]"
"Montenegro","2016","37 [30–45]","115","<500 [<500–<500]"
"Montenegro","2015","32 [26–39]","92","<500 [<500–<500]"
"Montenegro","2014","31 [25–37]","81","<500 [<500–<500]"
"Montenegro","2013","28 [23–33]","67","<500 [<500–<500]"
"Montenegro","2012","25 [21–30]","55","<500 [<200–<500]"
"Montenegro","2011","24 [20–29]","48","<200 [<200–<500]"
"Montenegro","2010","25 [21–30]","44","<200 [<200–<500]"
"Montenegro","2009","22 [18–27]","34","<200 [<200–<200]"
"Montenegro","2008","21 [17–27]","29","<200 [<200–<200]"
"Montenegro","2007","20 [16–26]","25","<200 [<100–<200]"
"Montenegro","2006","20 [16–25]","21","<200 [<100–<200]"
"Montenegro","2005","20 [15–24]","18","<100 [<100–<200]"
"Montenegro","2004","15 [12–19]","12","<100 [<100–<200]"
"Montenegro","2003","13 [10–17]","9","<100 [<100–<100]"
"Montenegro","2002","11 [8–14]","7","<100 [<100–<100]"
"Montenegro","2001","11 [7–14]","6","<100 [<100–<100]"
"Montenegro","2000","8 [5–11]","4","<100 [<100–<100]"
"Morocco","2022","74 [68–84]","15893","21 000 [20 000–24 000]"
"Morocco","2021","72 [66–81]","15253","21 000 [19 000–24 000]"
"Morocco","2020","67 [62–76]","14008","21 000 [19 000–24 000]"
"Morocco","2019","63 [57–70]","12870","21 000 [19 000–23 000]"
"Morocco","2018","58 [53–65]","11771","20 000 [19 000–23 000]"
"Morocco","2017","51 [46–57]","10129","20 000 [18 000–23 000]"
"Morocco","2016","47 [43–53]","9348","20 000 [18 000–22 000]"
"Morocco","2015","41 [37–46]","7906","19 000 [18 000–22 000]"
"Morocco","2014","34 [31–38]","6514","19 000 [18 000–22 000]"
"Morocco","2013","30 [27–34]","5660","19 000 [17 000–21 000]"
"Morocco","2012","25 [23–28]","4639","19 000 [17 000–21 000]"
"Morocco","2011","20 [18–22]","3594","18 000 [16 000–20 000]"
"Morocco","2010","16 [15–18]","2846","18 000 [16 000–20 000]"
"Morocco","2009","14 [13–16]","2382","17 000 [15 000–19 000]"
"Morocco","2008","12 [11–14]","2016","16 000 [15 000–19 000]"
"Morocco","2007","10 [9–11]","1521","16 000 [14 000–18 000]"
"Morocco","2006","8 [7–10]","1281","15 000 [13 000–17 000]"
"Morocco","2005","7 [6–9]","1064","14 000 [13 000–17 000]"
"Morocco","2004","6 [5–7]","857","14 000 [12 000–16 000]"
"Morocco","2003","4 [4–5]","539","13 000 [11 000–15 000]"
"Morocco","2002","0 [0–0]","0","12 000 [10 000–15 000]"
"Morocco","2001","0 [0–0]","0","11 000 [9500–14 000]"
"Morocco","2000","0 [0–0]","0","10 000 [8600–13 000]"
"Mozambique","2022","81 [75–88]","1962966","2 400 000 [2 300 000–2 600 000]"
"Mozambique","2021","71 [66–77]","1702453","2 400 000 [2 200 000–2 600 000]"
"Mozambique","2020","59 [56–64]","1399201","2 400 000 [2 200 000–2 500 000]"
"Mozambique","2019","59 [55–63]","1338100","2 300 000 [2 200 000–2 400 000]"
"Mozambique","2018","55 [52–58]","1212562","2 200 000 [2 100 000–2 400 000]"
"Mozambique","2017","54 [51–57]","1156101","2 100 000 [2 000 000–2 300 000]"
"Mozambique","2016","48 [45–51]","990085","2 100 000 [2 000 000–2 200 000]"
"Mozambique","2015","40 [38–43]","802659","2 000 000 [1 900 000–2 100 000]"
"Mozambique","2014","34 [32–36]","646312","1 900 000 [1 800 000–2 000 000]"
"Mozambique","2013","26 [24–28]","469607","1 800 000 [1 700 000–2 000 000]"
"Mozambique","2012","18 [17–19]","308577","1 800 000 [1 700 000–1 900 000]"
"Mozambique","2011","16 [15–18]","273561","1 700 000 [1 600 000–1 800 000]"
"Mozambique","2010","14 [13–15]","218991","1 600 000 [1 500 000–1 700 000]"
"Mozambique","2009","11 [10–12]","170198","1 500 000 [1 400 000–1 700 000]"
"Mozambique","2008","9 [9–10]","137723","1 500 000 [1 400 000–1 600 000]"
"Mozambique","2007","7 [6–7]","94410","1 400 000 [1 300 000–1 500 000]"
"Mozambique","2006","3 [3–4]","44100","1 300 000 [1 200 000–1 500 000]"
"Mozambique","2005","1 [1–2]","18955","1 300 000 [1 200 000–1 400 000]"
"Mozambique","2004","1 [1–1]","7454","1 200 000 [1 100 000–1 300 000]"
"Mozambique","2003","0 [0–0]","3312","1 100 000 [1 100 000–1 300 000]"
"Mozambique","2002","0 [0–0]","0","1 100 000 [970 000–1 200 000]"
"Mozambique","2001","0 [0–0]","0","990 000 [890 000–1 100 000]"
"Mozambique","2000","0 [0–0]","0","890 000 [800 000–1 000 000]"
"Myanmar","2022","74 [59–90]","208480","280 000 [220 000–340 000]"
"Myanmar","2021","69 [56–82]","191588","280 000 [220 000–330 000]"
"Myanmar","2020","73 [60–85]","199232","270 000 [230 000–320 000]"
"Myanmar","2019","68 [57–79]","184624","270 000 [230 000–320 000]"
"Myanmar","2018","62 [52–71]","166969","270 000 [230 000–310 000]"
"Myanmar","2017","55 [48–63]","146826","270 000 [230 000–310 000]"
"Myanmar","2016","48 [42–55]","127402","260 000 [230 000–300 000]"
"Myanmar","2015","41 [36–46]","106320","260 000 [230 000–290 000]"
"Myanmar","2014","33 [29–37]","85361","260 000 [230 000–290 000]"
"Myanmar","2013","27 [24–30]","67643","250 000 [220 000–280 000]"
"Myanmar","2012","22 [19–24]","53709","250 000 [220 000–280 000]"
"Myanmar","2011","16 [15–18]","40128","250 000 [220 000–270 000]"
"Myanmar","2010","12 [11–14]","29826","240 000 [220 000–270 000]"
"Myanmar","2009","9 [8–10]","21137","240 000 [210 000–270 000]"
"Myanmar","2008","6 [6–7]","15192","240 000 [210 000–260 000]"
"Myanmar","2007","5 [4–5]","11193","230 000 [210 000–260 000]"
"Myanmar","2006","3 [3–3]","6577","230 000 [200 000–250 000]"
"Myanmar","2005","1 [1–1]","2663","220 000 [200 000–240 000]"
"Myanmar","2004","0 [0–0]","485","210 000 [190 000–240 000]"
"Myanmar","2003","0 [0–0]","121","200 000 [180 000–230 000]"
"Myanmar","2002","0 [0–0]","17","190 000 [170 000–210 000]"
"Myanmar","2001","0 [0–0]","0","180 000 [160 000–200 000]"
"Myanmar","2000","0 [0–0]","0","160 000 [140 000–180 000]"
"Namibia","2022","91 [84–100]","197032","220 000 [200 000–240 000]"
"Namibia","2021","88 [81–98]","190445","220 000 [200 000–240 000]"
"Namibia","2020","84 [77–94]","181696","220 000 [200 000–240 000]"
"Namibia","2019","82 [76–91]","177175","210 000 [200 000–240 000]"
"Namibia","2018","75 [69–83]","160473","210 000 [200 000–240 000]"
"Namibia","2017","71 [66–79]","150850","210 000 [200 000–230 000]"
"Namibia","2016","63 [59–69]","131898","210 000 [190 000–230 000]"
"Namibia","2015","63 [59–70]","130272","210 000 [190 000–230 000]"
"Namibia","2014","56 [53–61]","113832","200 000 [190 000–220 000]"
"Namibia","2013","58 [54–63]","114260","200 000 [190 000–220 000]"
"Namibia","2012","54 [51–59]","105153","190 000 [180 000–210 000]"
"Namibia","2011","49 [46–54]","94197","190 000 [180 000–210 000]"
"Namibia","2010","42 [39–45]","77453","190 000 [170 000–200 000]"
"Namibia","2009","35 [33–38]","64637","180 000 [170 000–200 000]"
"Namibia","2008","32 [30–35]","57289","180 000 [170 000–190 000]"
"Namibia","2007","26 [24–28]","44802","170 000 [160 000–190 000]"
"Namibia","2006","16 [14–17]","26633","170 000 [160 000–190 000]"
"Namibia","2005","8 [7–9]","13566","170 000 [160 000–180 000]"
"Namibia","2004","3 [3–4]","5480","170 000 [150 000–180 000]"
"Namibia","2003","0 [0–0]","214","160 000 [150 000–180 000]"
"Namibia","2002","0 [0–0]","0","160 000 [150 000–180 000]"
"Namibia","2001","0 [0–0]","0","160 000 [140 000–170 000]"
"Namibia","2000","0 [0–0]","0","150 000 [140 000–160 000]"
"Nauru","2022","No data","No data","No data"
"Nauru","2021","No data","No data","No data"
"Nauru","2020","No data","No data","No data"
"Nauru","2019","No data","No data","No data"
"Nauru","2018","No data","No data","No data"
"Nauru","2017","No data","No data","No data"
"Nauru","2016","No data","No data","No data"
"Nauru","2015","No data","No data","No data"
"Nauru","2014","No data","No data","No data"
"Nauru","2013","No data","No data","No data"
"Nauru","2012","No data","No data","No data"
"Nauru","2011","No data","No data","No data"
"Nauru","2010","No data","No data","No data"
"Nauru","2009","No data","No data","No data"
"Nauru","2008","No data","No data","No data"
"Nauru","2007","No data","No data","No data"
"Nauru","2006","No data","No data","No data"
"Nauru","2005","No data","No data","No data"
"Nauru","2004","No data","No data","No data"
"Nauru","2003","No data","No data","No data"
"Nauru","2002","No data","No data","No data"
"Nauru","2001","No data","No data","No data"
"Nauru","2000","No data","No data","No data"
"Nepal","2022","78 [70–85]","23362","30 000 [27 000–33 000]"
"Nepal","2021","72 [65–79]","21723","30 000 [27 000–33 000]"
"Nepal","2020","66 [60–72]","19827","30 000 [27 000–33 000]"
"Nepal","2019","63 [57–68]","18628","30 000 [27 000–32 000]"
"Nepal","2018","56 [51–61]","16914","30 000 [27 000–32 000]"
"Nepal","2017","50 [46–55]","15260","30 000 [28 000–33 000]"
"Nepal","2016","43 [39–46]","13069","31 000 [28 000–33 000]"
"Nepal","2015","38 [35–42]","11922","31 000 [28 000–34 000]"
"Nepal","2014","33 [30–36]","10407","31 000 [29 000–34 000]"
"Nepal","2013","28 [25–30]","8866","32 000 [29 000–35 000]"
"Nepal","2012","24 [21–26]","7719","33 000 [30 000–36 000]"
"Nepal","2011","19 [18–21]","6484","33 000 [30 000–37 000]"
"Nepal","2010","14 [13–16]","4867","34 000 [30 000–37 000]"
"Nepal","2009","10 [9–12]","3557","34 000 [30 000–37 000]"
"Nepal","2008","7 [7–8]","2536","34 000 [30 000–38 000]"
"Nepal","2007","4 [4–4]","1333","34 000 [30 000–38 000]"
"Nepal","2006","2 [1–2]","542","33 000 [29 000–37 000]"
"Nepal","2005","1 [0–1]","172","33 000 [29 000–36 000]"
"Nepal","2004","0 [0–0]","50","31 000 [27 000–35 000]"
"Nepal","2003","0 [0–0]","0","29 000 [25 000–33 000]"
"Nepal","2002","0 [0–0]","0","26 000 [23 000–30 000]"
"Nepal","2001","0 [0–0]","0","23 000 [20 000–26 000]"
"Nepal","2000","0 [0–0]","0","20 000 [17 000–22 000]"
"Netherlands (Kingdom of the)","2022","No data","No data","No data"
"Netherlands (Kingdom of the)","2021","88 [76–100]","21397","24 000 [21 000–28 000]"
"Netherlands (Kingdom of the)","2020","87 [75–98]","21097","24 000 [21 000–27 000]"
"Netherlands (Kingdom of the)","2019","86 [75–96]","20789","24 000 [21 000–27 000]"
"Netherlands (Kingdom of the)","2018","84 [74–93]","20163","24 000 [21 000–27 000]"
"Netherlands (Kingdom of the)","2017","82 [73–91]","19552","24 000 [21 000–26 000]"
"Netherlands (Kingdom of the)","2016","80 [71–89]","18815","23 000 [21 000–26 000]"
"Netherlands (Kingdom of the)","2015","79 [70–87]","18094","23 000 [20 000–25 000]"
"Netherlands (Kingdom of the)","2014","77 [68–84]","17152","22 000 [20 000–25 000]"
"Netherlands (Kingdom of the)","2013","73 [66–81]","15990","22 000 [20 000–24 000]"
"Netherlands (Kingdom of the)","2012","70 [63–77]","14818","21 000 [19 000–23 000]"
"Netherlands (Kingdom of the)","2011","68 [61–74]","13760","20 000 [18 000–22 000]"
"Netherlands (Kingdom of the)","2010","65 [59–72]","12735","20 000 [18 000–22 000]"
"Netherlands (Kingdom of the)","2009","62 [56–68]","11583","19 000 [17 000–21 000]"
"Netherlands (Kingdom of the)","2008","59 [53–65]","10467","18 000 [16 000–20 000]"
"Netherlands (Kingdom of the)","2007","56 [50–62]","9470","17 000 [15 000–19 000]"
"Netherlands (Kingdom of the)","2006","54 [48–59]","8605","16 000 [14 000–18 000]"
"Netherlands (Kingdom of the)","2005","53 [47–58]","7967","15 000 [13 000–17 000]"
"Netherlands (Kingdom of the)","2004","52 [46–58]","7406","14 000 [13 000–16 000]"
"Netherlands (Kingdom of the)","2003","51 [45–57]","6798","13 000 [12 000–15 000]"
"Netherlands (Kingdom of the)","2002","50 [44–56]","6198","12 000 [11 000–14 000]"
"Netherlands (Kingdom of the)","2001","48 [42–53]","5514","12 000 [10 000–13 000]"
"Netherlands (Kingdom of the)","2000","45 [39–50]","4811","11 000 [9400–12 000]"
"New Zealand","2022","85 [71–97]","3028","3600 [3000–4100]"
"New Zealand","2021","83 [69–95]","2963","3600 [3000–4000]"
"New Zealand","2020","82 [68–93]","2876","3500 [2900–4000]"
"New Zealand","2019","80 [66–90]","2740","3400 [2900–3900]"
"New Zealand","2018","81 [68–91]","2661","3300 [2700–3700]"
"New Zealand","2017","78 [65–88]","2491","3200 [2700–3600]"
"New Zealand","2016","74 [62–83]","2294","3100 [2600–3500]"
"New Zealand","2015","70 [59–79]","2082","3000 [2500–3400]"
"New Zealand","2014","66 [56–75]","1887","2900 [2400–3200]"
"New Zealand","2013","64 [54–73]","1737","2700 [2300–3100]"
"New Zealand","2012","63 [53–71]","1616","2600 [2200–2900]"
"New Zealand","2011","62 [53–70]","1517","2400 [2100–2800]"
"New Zealand","2010","58 [50–66]","1348","2300 [2000–2600]"
"New Zealand","2009","55 [48–63]","1204","2200 [1900–2500]"
"New Zealand","2008","53 [46–60]","1090","2000 [1800–2300]"
"New Zealand","2007","53 [45–60]","1010","1900 [1600–2200]"
"New Zealand","2006","51 [44–58]","917","1800 [1600–2000]"
"New Zealand","2005","52 [45–58]","863","1700 [1400–1900]"
"New Zealand","2004","49 [43–56]","772","1600 [1400–1800]"
"New Zealand","2003","46 [40–51]","671","1500 [1300–1600]"
"New Zealand","2002","42 [37–48]","580","1400 [1200–1500]"
"New Zealand","2001","39 [34–43]","498","1300 [1100–1400]"
"New Zealand","2000","35 [30–39]","426","1200 [1100–1400]"
"Nicaragua","2022","56 [45–69]","6581","12 000 [9600–15 000]"
"Nicaragua","2021","50 [41–62]","5885","12 000 [9400–14 000]"
"Nicaragua","2020","50 [41–62]","5775","11 000 [9300–14 000]"
"Nicaragua","2019","51 [41–63]","5696","11 000 [9100–14 000]"
"Nicaragua","2018","47 [38–57]","5113","11 000 [9000–14 000]"
"Nicaragua","2017","40 [33–50]","4320","11 000 [8900–13 000]"
"Nicaragua","2016","37 [30–45]","3841","10 000 [8600–13 000]"
"Nicaragua","2015","33 [27–41]","3350","10 000 [8400–13 000]"
"Nicaragua","2014","30 [24–37]","2935","9900 [8200–12 000]"
"Nicaragua","2013","25 [21–32]","2445","9600 [7900–12 000]"
"Nicaragua","2012","23 [19–29]","2177","9300 [7600–12 000]"
"Nicaragua","2011","20 [16–25]","1766","9000 [7300–11 000]"
"Nicaragua","2010","16 [13–20]","1341","8600 [7000–11 000]"
"Nicaragua","2009","13 [10–17]","1088","8300 [6600–10 000]"
"Nicaragua","2008","10 [8–12]","765","7900 [6300–10 000]"
"Nicaragua","2007","7 [5–9]","529","7500 [5900–9600]"
"Nicaragua","2006","5 [4–6]","335","7200 [5500–9100]"
"Nicaragua","2005","2 [2–3]","163","6800 [5200–8600]"
"Nicaragua","2004","1 [1–1]","52","6400 [4900–8200]"
"Nicaragua","2003","0 [0–0]","22","6100 [4600–7700]"
"Nicaragua","2002","0 [0–0]","0","5700 [4400–7400]"
"Nicaragua","2001","0 [0–0]","0","5300 [4100–7000]"
"Nicaragua","2000","0 [0–0]","0","4800 [3600–6300]"
"Niger","2022","75 [67–84]","25243","34 000 [31 000–38 000]"
"Niger","2021","72 [65–81]","24291","34 000 [31 000–38 000]"
"Niger","2020","63 [57–70]","21330","34 000 [31 000–38 000]"
"Niger","2019","61 [55–67]","20427","34 000 [31 000–37 000]"
"Niger","2018","59 [53–65]","19793","34 000 [31 000–37 000]"
"Niger","2017","55 [50–61]","18425","34 000 [31 000–37 000]"
"Niger","2016","43 [39–48]","14729","34 000 [31 000–38 000]"
"Niger","2015","37 [34–42]","12887","35 000 [31 000–39 000]"
"Niger","2014","32 [29–36]","11286","35 000 [32 000–39 000]"
"Niger","2013","34 [30–38]","12071","36 000 [32 000–40 000]"
"Niger","2012","31 [27–34]","11182","37 000 [33 000–41 000]"
"Niger","2011","25 [22–28]","9420","37 000 [33 000–42 000]"
"Niger","2010","19 [17–21]","7296","39 000 [34 000–43 000]"
"Niger","2009","16 [14–18]","6445","40 000 [36 000–45 000]"
"Niger","2008","7 [6–7]","2747","42 000 [37 000–47 000]"
"Niger","2007","5 [5–6]","2371","44 000 [39 000–50 000]"
"Niger","2006","4 [3–4]","1722","46 000 [41 000–53 000]"
"Niger","2005","1 [1–2]","695","48 000 [42 000–55 000]"
"Niger","2004","0 [0–0]","102","50 000 [44 000–58 000]"
"Niger","2003","0 [0–0]","0","52 000 [46 000–60 000]"
"Niger","2002","0 [0–0]","0","53 000 [47 000–62 000]"
"Niger","2001","0 [0–0]","0","54 000 [47 000–62 000]"
"Niger","2000","0 [0–0]","0","53 000 [47 000–61 000]"
"Nigeria","2022","No data","No data","No data"
"Nigeria","2021","No data","No data","No data"
"Nigeria","2020","No data","No data","No data"
"Nigeria","2019","No data","No data","No data"
"Nigeria","2018","No data","No data","No data"
"Nigeria","2017","No data","No data","No data"
"Nigeria","2016","No data","No data","No data"
"Nigeria","2015","No data","No data","No data"
"Nigeria","2014","No data","No data","No data"
"Nigeria","2013","No data","No data","No data"
"Nigeria","2012","No data","No data","No data"
"Nigeria","2011","No data","No data","No data"
"Nigeria","2010","No data","No data","No data"
"Nigeria","2009","No data","No data","No data"
"Nigeria","2008","No data","No data","No data"
"Nigeria","2007","No data","No data","No data"
"Nigeria","2006","No data","No data","No data"
"Nigeria","2005","No data","No data","No data"
"Nigeria","2004","No data","No data","No data"
"Nigeria","2003","No data","No data","No data"
"Nigeria","2002","No data","No data","No data"
"Nigeria","2001","No data","No data","No data"
"Nigeria","2000","No data","No data","No data"
"Niue","2022","No data","No data","No data"
"Niue","2021","No data","No data","No data"
"Niue","2020","No data","No data","No data"
"Niue","2019","No data","No data","No data"
"Niue","2018","No data","No data","No data"
"Niue","2017","No data","No data","No data"
"Niue","2016","No data","No data","No data"
"Niue","2015","No data","No data","No data"
"Niue","2014","No data","No data","No data"
"Niue","2013","No data","No data","No data"
"Niue","2012","No data","No data","No data"
"Niue","2011","No data","No data","No data"
"Niue","2010","No data","No data","No data"
"Niue","2009","No data","No data","No data"
"Niue","2008","No data","No data","No data"
"Niue","2007","No data","No data","No data"
"Niue","2006","No data","No data","No data"
"Niue","2005","No data","No data","No data"
"Niue","2004","No data","No data","No data"
"Niue","2003","No data","No data","No data"
"Niue","2002","No data","No data","No data"
"Niue","2001","No data","No data","No data"
"Niue","2000","No data","No data","No data"
"North Macedonia","2022","No data","No data","600 [<500–1000]"
"North Macedonia","2021","No data","No data","550 [<500–890]"
"North Macedonia","2020","59 [45–91]","299","500 [<500–770]"
"North Macedonia","2019","57 [45–82]","260","<500 [<500–670]"
"North Macedonia","2018","57 [46–78]","236","<500 [<500–570]"
"North Macedonia","2017","52 [44–68]","195","<500 [<500–<500]"
"North Macedonia","2016","50 [42–62]","167","<500 [<500–<500]"
"North Macedonia","2015","45 [39–54]","134","<500 [<500–<500]"
"North Macedonia","2014","36 [32–42]","96","<500 [<500–<500]"
"North Macedonia","2013","34 [30–38]","78","<500 [<500–<500]"
"North Macedonia","2012","31 [28–34]","62","<500 [<200–<500]"
"North Macedonia","2011","26 [23–29]","46","<200 [<200–<200]"
"North Macedonia","2010","24 [21–27]","37","<200 [<200–<200]"
"North Macedonia","2009","19 [16–21]","25","<200 [<200–<200]"
"North Macedonia","2008","21 [17–24]","24","<200 [<100–<200]"
"North Macedonia","2007","16 [13–19]","16","<100 [<100–<200]"
"North Macedonia","2006","13 [10–16]","11","<100 [<100–<200]"
"North Macedonia","2005","10 [7–12]","7","<100 [<100–<100]"
"North Macedonia","2004","3 [2–4]","2","<100 [<100–<100]"
"North Macedonia","2003","11 [7–14]","6","<100 [<100–<100]"
"North Macedonia","2002","11 [6–15]","5","<100 [<100–<100]"
"North Macedonia","2001","12 [7–18]","5","<100 [<100–<100]"
"North Macedonia","2000","11 [6–17]","4","<100 [<100–<100]"
"Norway","2022","No data","4516","No data"
"Norway","2021","No data","4278","No data"
"Norway","2020","No data","4176","No data"
"Norway","2019","No data","4042","No data"
"Norway","2018","No data","3920","No data"
"Norway","2017","No data","3799","No data"
"Norway","2016","No data","3676","No data"
"Norway","2015","No data","3555","No data"
"Norway","2014","No data","3406","No data"
"Norway","2013","No data","3259","No data"
"Norway","2012","No data","3111","No data"
"Norway","2011","No data","2964","No data"
"Norway","2010","No data","2816","No data"
"Norway","2009","No data","2667","No data"
"Norway","2008","No data","2520","No data"
"Norway","2007","No data","2373","No data"
"Norway","2006","No data","2125","No data"
"Norway","2005","No data","1878","No data"
"Norway","2004","No data","1631","No data"
"Norway","2003","No data","1384","No data"
"Norway","2002","No data","1138","No data"
"Norway","2001","No data","892","No data"
"Norway","2000","No data","672","No data"
"Oman","2022","71 [65–75]","1801","2500 [2300–2700]"
"Oman","2021","66 [61–71]","1617","2400 [2200–2600]"
"Oman","2020","61 [56–65]","1454","2400 [2200–2600]"
"Oman","2019","60 [55–64]","1494","2500 [2300–2700]"
"Oman","2018","52 [48–56]","1317","2500 [2300–2700]"
"Oman","2017","47 [44–51]","1190","2500 [2300–2700]"
"Oman","2016","43 [39–46]","1054","2500 [2300–2600]"
"Oman","2015","39 [36–42]","919","2300 [2200–2500]"
"Oman","2014","41 [38–44]","908","2200 [2000–2400]"
"Oman","2013","40 [37–43]","847","2100 [1900–2300]"
"Oman","2012","38 [35–41]","737","1900 [1800–2100]"
"Oman","2011","40 [37–42]","656","1600 [1500–1800]"
"Oman","2010","39 [35–41]","537","1400 [1300–1500]"
"Oman","2009","38 [35–41]","441","1200 [1100–1200]"
"Oman","2008","32 [30–35]","354","1100 [1000–1200]"
"Oman","2007","26 [24–28]","270","1000 [940–1100]"
"Oman","2006","23 [21–24]","223","980 [890–1000]"
"Oman","2005","22 [20–24]","208","930 [850–990]"
"Oman","2004","22 [20–24]","194","880 [800–940]"
"Oman","2003","21 [19–23]","179","840 [750–890]"
"Oman","2002","21 [19–22]","164","790 [700–840]"
"Oman","2001","20 [18–22]","150","740 [660–800]"
"Oman","2000","19 [17–21]","135","700 [610–750]"
"Pakistan","2022","13 [12–14]","34386","270 000 [250 000–290 000]"
"Pakistan","2021","11 [10–12]","26626","250 000 [220 000–260 000]"
"Pakistan","2020","11 [10–12]","24362","220 000 [200 000–240 000]"
"Pakistan","2019","11 [10–12]","22947","200 000 [180 000–220 000]"
"Pakistan","2018","9 [8–9]","15821","180 000 [160 000–200 000]"
"Pakistan","2017","7 [6–8]","12046","170 000 [150 000–180 000]"
"Pakistan","2016","6 [5–6]","8888","150 000 [140 000–170 000]"
"Pakistan","2015","5 [4–5]","6564","140 000 [120 000–150 000]"
"Pakistan","2014","4 [4–4]","5019","120 000 [110 000–140 000]"
"Pakistan","2013","3 [3–3]","3412","110 000 [98 000–120 000]"
"Pakistan","2012","3 [3–4]","3134","98 000 [86 000–110 000]"
"Pakistan","2011","2 [2–3]","2018","86 000 [75 000–96 000]"
"Pakistan","2010","3 [2–3]","1906","75 000 [64 000–84 000]"
"Pakistan","2009","2 [2–2]","1320","63 000 [54 000–71 000]"
"Pakistan","2008","2 [2–2]","907","50 000 [43 000–57 000]"
"Pakistan","2007","1 [1–2]","550","38 000 [32 000–43 000]"
"Pakistan","2006","1 [1–1]","164","26 000 [22 000–30 000]"
"Pakistan","2005","1 [1–1]","115","17 000 [14 000–19 000]"
"Pakistan","2004","1 [1–2]","100","7500 [6500–8500]"
"Pakistan","2003","3 [2–3]","51","2000 [1700–2200]"
"Pakistan","2002","3 [2–3]","27","1000 [880–1100]"
"Pakistan","2001","1 [0–1]","4","740 [640–840]"
"Pakistan","2000","0 [0–0]","2","550 [<500–630]"
"Palau","2022","No data","No data","No data"
"Palau","2021","No data","No data","No data"
"Palau","2020","No data","No data","No data"
"Palau","2019","No data","No data","No data"
"Palau","2018","No data","No data","No data"
"Palau","2017","No data","No data","No data"
"Palau","2016","No data","No data","No data"
"Palau","2015","No data","No data","No data"
"Palau","2014","No data","No data","No data"
"Palau","2013","No data","No data","No data"
"Palau","2012","No data","No data","No data"
"Palau","2011","No data","No data","No data"
"Palau","2010","No data","No data","No data"
"Palau","2009","No data","No data","No data"
"Palau","2008","No data","No data","No data"
"Palau","2007","No data","No data","No data"
"Palau","2006","No data","No data","No data"
"Palau","2005","No data","No data","No data"
"Palau","2004","No data","No data","No data"
"Palau","2003","No data","No data","No data"
"Palau","2002","No data","No data","No data"
"Palau","2001","No data","No data","No data"
"Palau","2000","No data","No data","No data"
"Panama","2022","66 [59–72]","19001","29 000 [26 000–31 000]"
"Panama","2021","52 [47–57]","14699","28 000 [25 000–30 000]"
"Panama","2020","53 [47–57]","14458","27 000 [25 000–29 000]"
"Panama","2019","54 [49–58]","14334","27 000 [24 000–28 000]"
"Panama","2018","53 [47–56]","13473","26 000 [23 000–28 000]"
"Panama","2017","53 [48–57]","13128","25 000 [22 000–26 000]"
"Panama","2016","49 [44–52]","11569","24 000 [22 000–25 000]"
"Panama","2015","42 [38–45]","9659","23 000 [21 000–24 000]"
"Panama","2014","40 [36–42]","8749","22 000 [20 000–24 000]"
"Panama","2013","38 [34–40]","8006","21 000 [19 000–23 000]"
"Panama","2012","33 [30–35]","6671","20 000 [19 000–22 000]"
"Panama","2011","31 [29–33]","6180","20 000 [18 000–21 000]"
"Panama","2010","29 [26–30]","5406","19 000 [17 000–20 000]"
"Panama","2009","27 [25–29]","4909","18 000 [17 000–19 000]"
"Panama","2008","21 [19–23]","3666","17 000 [16 000–18 000]"
"Panama","2007","20 [18–21]","3256","17 000 [15 000–18 000]"
"Panama","2006","18 [17–19]","2855","16 000 [15 000–17 000]"
"Panama","2005","16 [15–17]","2437","15 000 [14 000–16 000]"
"Panama","2004","14 [13–15]","2069","14 000 [13 000–15 000]"
"Panama","2003","13 [12–13]","1743","14 000 [13 000–15 000]"
"Panama","2002","11 [10–12]","1462","13 000 [12 000–14 000]"
"Panama","2001","9 [8–10]","1090","12 000 [11 000–13 000]"
"Panama","2000","7 [6–7]","750","11 000 [10 000–12 000]"
"Papua New Guinea","2022","61 [55–69]","43816","72 000 [66 000–82 000]"
"Papua New Guinea","2021","57 [52–65]","38376","67 000 [62 000–76 000]"
"Papua New Guinea","2020","57 [53–65]","35840","62 000 [57 000–71 000]"
"Papua New Guinea","2019","55 [51–62]","32018","58 000 [53 000–66 000]"
"Papua New Guinea","2018","54 [50–61]","29420","54 000 [50 000–61 000]"
"Papua New Guinea","2017","52 [48–58]","26393","51 000 [47 000–57 000]"
"Papua New Guinea","2016","50 [46–56]","23875","48 000 [44 000–53 000]"
"Papua New Guinea","2015","47 [43–52]","21198","45 000 [42 000–50 000]"
"Papua New Guinea","2014","43 [39–47]","18344","43 000 [40 000–47 000]"
"Papua New Guinea","2013","36 [33–40]","14790","41 000 [37 000–45 000]"
"Papua New Guinea","2012","30 [27–33]","11764","39 000 [36 000–43 000]"
"Papua New Guinea","2011","25 [23–28]","9395","37 000 [34 000–41 000]"
"Papua New Guinea","2010","21 [19–24]","7560","36 000 [32 000–39 000]"
"Papua New Guinea","2009","18 [17–20]","6202","34 000 [31 000–37 000]"
"Papua New Guinea","2008","15 [14–17]","4847","32 000 [29 000–35 000]"
"Papua New Guinea","2007","12 [10–13]","3514","30 000 [27 000–33 000]"
"Papua New Guinea","2006","5 [4–5]","1320","28 000 [25 000–31 000]"
"Papua New Guinea","2005","1 [1–1]","264","26 000 [23 000–30 000]"
"Papua New Guinea","2004","0 [0–0]","22","24 000 [21 000–27 000]"
"Papua New Guinea","2003","0 [0–0]","0","21 000 [18 000–25 000]"
"Papua New Guinea","2002","0 [0–0]","0","18 000 [16 000–22 000]"
"Papua New Guinea","2001","0 [0–0]","0","16 000 [13 000–19 000]"
"Papua New Guinea","2000","0 [0–0]","0","13 000 [11 000–16 000]"
"Paraguay","2022","56 [52–61]","11891","21 000 [19 000–23 000]"
"Paraguay","2021","53 [49–57]","10781","20 000 [19 000–22 000]"
"Paraguay","2020","50 [46–54]","9778","19 000 [18 000–21 000]"
"Paraguay","2019","51 [47–55]","9480","19 000 [17 000–20 000]"
"Paraguay","2018","48 [44–52]","8549","18 000 [16 000–19 000]"
"Paraguay","2017","47 [43–50]","7833","17 000 [15 000–18 000]"
"Paraguay","2016","41 [37–44]","6496","16 000 [14 000–17 000]"
"Paraguay","2015","37 [34–39]","5505","15 000 [14 000–16 000]"
"Paraguay","2014","35 [32–37]","4882","14 000 [13 000–15 000]"
"Paraguay","2013","32 [30–34]","4227","13 000 [12 000–14 000]"
"Paraguay","2012","30 [27–32]","3578","12 000 [11 000–13 000]"
"Paraguay","2011","28 [26–30]","3119","11 000 [10 000–12 000]"
"Paraguay","2010","29 [26–31]","2955","10 000 [9400–11 000]"
"Paraguay","2009","23 [21–25]","2190","9400 [8600–10 000]"
"Paraguay","2008","19 [17–20]","1595","8600 [7900–9200]"
"Paraguay","2007","14 [13–15]","1078","7900 [7300–8500]"
"Paraguay","2006","10 [10–11]","756","7200 [6600–7800]"
"Paraguay","2005","7 [7–8]","483","6700 [6100–7200]"
"Paraguay","2004","0 [0–0]","0","6200 [5700–6700]"
"Paraguay","2003","0 [0–0]","0","5700 [5200–6200]"
"Paraguay","2002","0 [0–0]","0","5300 [4800–5800]"
"Paraguay","2001","0 [0–0]","0","4800 [4300–5300]"
"Paraguay","2000","0 [0–0]","0","4300 [3800–4700]"
"Peru","2022","82 [70–100]","86999","110 000 [90 000–130 000]"
"Peru","2021","78 [67–94]","79924","100 000 [87 000–120 000]"
"Peru","2020","73 [63–87]","71630","97 000 [83 000–120 000]"
"Peru","2019","73 [62–86]","67668","93 000 [80 000–110 000]"
"Peru","2018","65 [56–76]","57801","89 000 [77 000–100 000]"
"Peru","2017","58 [51–68]","49005","84 000 [73 000–98 000]"
"Peru","2016","54 [47–64]","43638","80 000 [70 000–94 000]"
"Peru","2015","48 [42–57]","37201","77 000 [67 000–90 000]"
"Peru","2014","44 [39–52]","33106","75 000 [65 000–87 000]"
"Peru","2013","39 [34–45]","28391","73 000 [64 000–84 000]"
"Peru","2012","39 [34–45]","27584","71 000 [62 000–82 000]"
"Peru","2011","31 [27–36]","21554","70 000 [61 000–81 000]"
"Peru","2010","29 [25–34]","20064","69 000 [60 000–80 000]"
"Peru","2009","22 [19–25]","14998","69 000 [60 000–80 000]"
"Peru","2008","15 [13–17]","10236","69 000 [60 000–80 000]"
"Peru","2007","12 [11–14]","8512","69 000 [61 000–81 000]"
"Peru","2006","8 [7–9]","5287","70 000 [61 000–82 000]"
"Peru","2005","5 [4–6]","3535","71 000 [62 000–83 000]"
"Peru","2004","2 [2–2]","1250","72 000 [64 000–84 000]"
"Peru","2003","3 [2–3]","1900","74 000 [65 000–86 000]"
"Peru","2002","1 [1–1]","950","75 000 [66 000–87 000]"
"Peru","2001","0 [0–0]","80","76 000 [67 000–88 000]"
"Peru","2000","0 [0–0]","40","77 000 [68 000–90 000]"
"Philippines","2022","41 [34–48]","67998","160 000 [140 000–190 000]"
"Philippines","2021","38 [32–44]","54382","140 000 [120 000–160 000]"
"Philippines","2020","39 [33–45]","47717","120 000 [100 000–140 000]"
"Philippines","2019","41 [34–47]","42750","100 000 [87 000–120 000]"
"Philippines","2018","37 [31–43]","33348","89 000 [75 000–100 000]"
"Philippines","2017","32 [27–38]","24548","76 000 [63 000–88 000]"
"Philippines","2016","28 [23–32]","17678","63 000 [53 000–74 000]"
"Philippines","2015","23 [19–27]","12073","53 000 [44 000–61 000]"
"Philippines","2014","19 [16–22]","8078","43 000 [36 000–50 000]"
"Philippines","2013","15 [12–17]","5117","35 000 [29 000–40 000]"
"Philippines","2012","13 [11–15]","3643","28 000 [23 000–32 000]"
"Philippines","2011","12 [10–14]","2627","22 000 [18 000–25 000]"
"Philippines","2010","8 [6–9]","1294","17 000 [14 000–19 000]"
"Philippines","2009","7 [6–8]","849","12 000 [10 000–14 000]"
"Philippines","2008","6 [5–7]","583","9100 [7600–11 000]"
"Philippines","2007","5 [5–6]","367","6800 [5700–7900]"
"Philippines","2006","4 [3–5]","204","5200 [4400–6000]"
"Philippines","2005","1 [1–2]","57","4000 [3400–4600]"
"Philippines","2004","No data","No data","3000 [2600–3500]"
"Philippines","2003","0 [0–0]","0","2300 [2000–2600]"
"Philippines","2002","0 [0–0]","0","1800 [1500–2000]"
"Philippines","2001","0 [0–0]","0","1300 [1200–1500]"
"Philippines","2000","0 [0–0]","0","1000 [890–1200]"
"Poland","2022","No data","No data","No data"
"Poland","2021","71 [66–77]","14489","20 000 [19 000–22 000]"
"Poland","2020","70 [64–76]","13475","19 000 [18 000–21 000]"
"Poland","2019","68 [63–74]","12471","18 000 [17 000–20 000]"
"Poland","2018","63 [58–68]","11063","17 000 [16 000–19 000]"
"Poland","2017","64 [58–69]","10496","17 000 [15 000–18 000]"
"Poland","2016","61 [56–66]","9537","16 000 [14 000–17 000]"
"Poland","2015","58 [53–63]","8606","15 000 [14 000–16 000]"
"Poland","2014","56 [52–60]","7881","14 000 [13 000–15 000]"
"Poland","2013","53 [49–57]","7110","13 000 [12 000–14 000]"
"Poland","2012","50 [46–53]","6297","13 000 [12 000–14 000]"
"Poland","2011","46 [43–49]","5574","12 000 [11 000–13 000]"
"Poland","2010","43 [40–46]","4995","12 000 [11 000–12 000]"
"Poland","2009","42 [39–45]","4589","11 000 [10 000–12 000]"
"Poland","2008","40 [37–43]","4167","10 000 [9700–11 000]"
"Poland","2007","38 [35–40]","3763","10 000 [9300–11 000]"
"Poland","2006","35 [32–38]","3343","9600 [8900–10 000]"
"Poland","2005","32 [30–34]","2924","9100 [8500–9800]"
"Poland","2004","29 [27–31]","2512","8700 [8200–9400]"
"Poland","2003","25 [24–27]","2096","8300 [7700–9000]"
"Poland","2002","21 [20–23]","1682","7900 [7300–8400]"
"Poland","2001","20 [18–21]","1444","7400 [6800–7900]"
"Poland","2000","18 [16–19]","1199","6800 [6200–7400]"
"Portugal","2022","No data","No data","46 000 [40 000–51 000]"
"Portugal","2021","No data","No data","46 000 [40 000–50 000]"
"Portugal","2020","No data","No data","45 000 [40 000–50 000]"
"Portugal","2019","No data","No data","45 000 [40 000–49 000]"
"Portugal","2018","No data","No data","44 000 [39 000–49 000]"
"Portugal","2017","82 [73–90]","35811","44 000 [39 000–48 000]"
"Portugal","2016","72 [65–80]","31344","43 000 [39 000–47 000]"
"Portugal","2015","70 [63–76]","29788","43 000 [38 000–47 000]"
"Portugal","2014","67 [60–73]","28234","42 000 [38 000–46 000]"
"Portugal","2013","63 [56–68]","26214","42 000 [37 000–45 000]"
"Portugal","2012","59 [53–64]","24195","41 000 [37 000–45 000]"
"Portugal","2011","55 [49–59]","22174","41 000 [37 000–44 000]"
"Portugal","2010","50 [45–54]","20153","40 000 [36 000–43 000]"
"Portugal","2009","46 [41–50]","18131","39 000 [35 000–43 000]"
"Portugal","2008","43 [39–47]","16735","39 000 [34 000–42 000]"
"Portugal","2007","41 [36–44]","15340","38 000 [34 000–41 000]"
"Portugal","2006","38 [34–41]","13944","37 000 [33 000–40 000]"
"Portugal","2005","35 [31–38]","12551","36 000 [32 000–39 000]"
"Portugal","2004","32 [28–34]","11157","35 000 [31 000–38 000]"
"Portugal","2003","28 [25–30]","9625","34 000 [30 000–37 000]"
"Portugal","2002","24 [21–26]","8092","33 000 [29 000–36 000]"
"Portugal","2001","20 [18–22]","6559","32 000 [28 000–35 000]"
"Portugal","2000","16 [14–18]","5028","31 000 [27 000–34 000]"
"Qatar","2022","41 [30–57]","314","760 [550–1000]"
"Qatar","2021","40 [30–55]","272","680 [510–930]"
"Qatar","2020","35 [27–48]","213","600 [<500–810]"
"Qatar","2019","32 [25–42]","176","560 [<500–740]"
"Qatar","2018","30 [24–40]","147","<500 [<500–650]"
"Qatar","2017","28 [23–38]","121","<500 [<500–570]"
"Qatar","2016","29 [24–38]","108","<500 [<500–<500]"
"Qatar","2015","32 [27–42]","99","<500 [<500–<500]"
"Qatar","2014","No data","No data","<500 [<200–<500]"
"Qatar","2013","No data","No data","<200 [<200–<500]"
"Qatar","2012","No data","No data","<200 [<200–<500]"
"Qatar","2011","No data","No data","<200 [<200–<200]"
"Qatar","2010","No data","No data","<200 [<100–<200]"
"Qatar","2009","No data","No data","<100 [<100–<200]"
"Qatar","2008","No data","No data","<100 [<100–<200]"
"Qatar","2007","No data","No data","<100 [<100–<100]"
"Qatar","2006","0 [0–0]","0","<100 [<100–<100]"
"Qatar","2005","0 [0–0]","0","<100 [<100–<100]"
"Qatar","2004","0 [0–0]","0","<100 [<100–<100]"
"Qatar","2003","0 [0–0]","0","<100 [<100–<100]"
"Qatar","2002","0 [0–0]","0","<100 [<100–<100]"
"Qatar","2001","0 [0–0]","0","<100 [<100–<100]"
"Qatar","2000","0 [0–0]","0","<100 [<100–<100]"
"Republic of Korea","2022","No data","No data","No data"
"Republic of Korea","2021","No data","No data","No data"
"Republic of Korea","2020","No data","No data","No data"
"Republic of Korea","2019","No data","No data","No data"
"Republic of Korea","2018","No data","No data","No data"
"Republic of Korea","2017","No data","No data","No data"
"Republic of Korea","2016","No data","No data","No data"
"Republic of Korea","2015","No data","No data","No data"
"Republic of Korea","2014","No data","No data","No data"
"Republic of Korea","2013","No data","No data","No data"
"Republic of Korea","2012","No data","No data","No data"
"Republic of Korea","2011","No data","No data","No data"
"Republic of Korea","2010","No data","No data","No data"
"Republic of Korea","2009","No data","No data","No data"
"Republic of Korea","2008","No data","No data","No data"
"Republic of Korea","2007","No data","No data","No data"
"Republic of Korea","2006","No data","No data","No data"
"Republic of Korea","2005","No data","No data","No data"
"Republic of Korea","2004","No data","No data","No data"
"Republic of Korea","2003","No data","No data","No data"
"Republic of Korea","2002","No data","No data","No data"
"Republic of Korea","2001","No data","No data","No data"
"Republic of Korea","2000","No data","No data","No data"
"Republic of Moldova","2022","49 [40–79]","7857","16 000 [13 000–26 000]"
"Republic of Moldova","2021","46 [38–75]","7267","16 000 [13 000–26 000]"
"Republic of Moldova","2020","44 [36–71]","6810","16 000 [13 000–25 000]"
"Republic of Moldova","2019","43 [36–70]","6690","15 000 [13 000–25 000]"
"Republic of Moldova","2018","39 [32–63]","5961","15 000 [13 000–25 000]"
"Republic of Moldova","2017","34 [28–56]","5162","15 000 [12 000–24 000]"
"Republic of Moldova","2016","30 [25–49]","4491","15 000 [12 000–24 000]"
"Republic of Moldova","2015","26 [22–43]","3850","15 000 [12 000–24 000]"
"Republic of Moldova","2014","22 [18–35]","3116","14 000 [12 000–23 000]"
"Republic of Moldova","2013","18 [15–29]","2493","14 000 [12 000–23 000]"
"Republic of Moldova","2012","15 [12–25]","2075","14 000 [11 000–22 000]"
"Republic of Moldova","2011","12 [10–20]","1666","13 000 [11 000–22 000]"
"Republic of Moldova","2010","9 [8–15]","1237","13 000 [11 000–21 000]"
"Republic of Moldova","2009","8 [6–13]","984","13 000 [10 000–20 000]"
"Republic of Moldova","2008","6 [5–9]","682","12 000 [10 000–20 000]"
"Republic of Moldova","2007","4 [3–6]","464","12 000 [9600–19 000]"
"Republic of Moldova","2006","2 [2–4]","262","11 000 [9100–18 000]"
"Republic of Moldova","2005","1 [1–2]","150","11 000 [8700–17 000]"
"Republic of Moldova","2004","1 [1–1]","82","10 000 [8200–16 000]"
"Republic of Moldova","2003","0 [0–0]","27","9400 [7800–15 000]"
"Republic of Moldova","2002","0 [0–0]","7","8900 [7300–14 000]"
"Republic of Moldova","2001","0 [0–0]","0","8300 [6900–14 000]"
"Republic of Moldova","2000","0 [0–0]","0","7800 [6400–13 000]"
"Romania","2022","68 [61–75]","13837","20 000 [18 000–22 000]"
"Romania","2021","70 [62–77]","13352","19 000 [17 000–21 000]"
"Romania","2020","68 [61–75]","12904","19 000 [17 000–21 000]"
"Romania","2019","69 [62–76]","12832","19 000 [17 000–20 000]"
"Romania","2018","66 [60–73]","12088","18 000 [16 000–20 000]"
"Romania","2017","65 [58–71]","11570","18 000 [16 000–20 000]"
"Romania","2016","63 [57–68]","10942","17 000 [16 000–19 000]"
"Romania","2015","62 [56–67]","10551","17 000 [15 000–19 000]"
"Romania","2014","58 [52–63]","9637","17 000 [15 000–18 000]"
"Romania","2013","55 [50–59]","8926","16 000 [15 000–18 000]"
"Romania","2012","51 [46–54]","8039","16 000 [14 000–17 000]"
"Romania","2011","50 [46–54]","7769","15 000 [14 000–17 000]"
"Romania","2010","50 [46–54]","7557","15 000 [14 000–16 000]"
"Romania","2009","50 [46–53]","7257","15 000 [13 000–16 000]"
"Romania","2008","50 [46–53]","7002","14 000 [13 000–15 000]"
"Romania","2007","51 [47–54]","6857","14 000 [13 000–15 000]"
"Romania","2006","52 [49–56]","6812","13 000 [12 000–14 000]"
"Romania","2005","53 [49–57]","6556","12 000 [12 000–13 000]"
"Romania","2004","52 [49–56]","6228","12 000 [11 000–13 000]"
"Romania","2003","52 [48–56]","5901","11 000 [10 000–12 000]"
"Romania","2002","52 [48–55]","5574","11 000 [9900–11 000]"
"Romania","2001","47 [43–50]","4820","10 000 [9500–11 000]"
"Romania","2000","41 [38–44]","4010","9800 [9000–10 000]"
"Russian Federation","2022","No data","No data","No data"
"Russian Federation","2021","No data","No data","No data"
"Russian Federation","2020","No data","No data","No data"
"Russian Federation","2019","No data","No data","No data"
"Russian Federation","2018","No data","No data","No data"
"Russian Federation","2017","No data","No data","No data"
"Russian Federation","2016","No data","No data","No data"
"Russian Federation","2015","No data","No data","No data"
"Russian Federation","2014","No data","No data","No data"
"Russian Federation","2013","No data","No data","No data"
"Russian Federation","2012","No data","No data","No data"
"Russian Federation","2011","No data","No data","No data"
"Russian Federation","2010","No data","No data","No data"
"Russian Federation","2009","No data","No data","No data"
"Russian Federation","2008","No data","No data","No data"
"Russian Federation","2007","No data","No data","No data"
"Russian Federation","2006","No data","No data","No data"
"Russian Federation","2005","No data","No data","No data"
"Russian Federation","2004","No data","No data","No data"
"Russian Federation","2003","No data","No data","No data"
"Russian Federation","2002","No data","No data","No data"
"Russian Federation","2001","No data","No data","No data"
"Russian Federation","2000","No data","No data","No data"
"Rwanda","2022","92 [86–100]","215242","230 000 [220 000–260 000]"
"Rwanda","2021","89 [84–98]","210343","240 000 [220 000–260 000]"
"Rwanda","2020","86 [81–94]","204711","240 000 [220 000–260 000]"
"Rwanda","2019","83 [79–91]","198657","240 000 [230 000–260 000]"
"Rwanda","2018","80 [76–87]","192458","240 000 [230 000–260 000]"
"Rwanda","2017","77 [73–84]","185462","240 000 [230 000–260 000]"
"Rwanda","2016","74 [70–81]","178284","240 000 [230 000–260 000]"
"Rwanda","2015","66 [63–72]","159315","240 000 [230 000–260 000]"
"Rwanda","2014","60 [57–65]","144316","240 000 [230 000–260 000]"
"Rwanda","2013","54 [52–59]","129821","240 000 [230 000–260 000]"
"Rwanda","2012","49 [46–53]","116031","240 000 [220 000–260 000]"
"Rwanda","2011","42 [40–46]","99820","240 000 [220 000–260 000]"
"Rwanda","2010","38 [36–41]","89283","230 000 [220 000–250 000]"
"Rwanda","2009","33 [31–36]","76891","230 000 [220 000–250 000]"
"Rwanda","2008","27 [26–30]","62921","230 000 [220 000–250 000]"
"Rwanda","2007","20 [19–22]","45530","230 000 [210 000–250 000]"
"Rwanda","2006","15 [14–16]","33486","230 000 [210 000–240 000]"
"Rwanda","2005","8 [8–9]","18884","230 000 [210 000–240 000]"
"Rwanda","2004","3 [2–3]","5749","230 000 [210 000–240 000]"
"Rwanda","2003","0 [0–0]","0","230 000 [210 000–250 000]"
"Rwanda","2002","0 [0–0]","0","230 000 [200 000–250 000]"
"Rwanda","2001","0 [0–0]","0","220 000 [200 000–250 000]"
"Rwanda","2000","0 [0–0]","0","220 000 [200 000–250 000]"
"Saint Kitts and Nevis","2022","No data","No data","No data"
"Saint Kitts and Nevis","2021","No data","No data","No data"
"Saint Kitts and Nevis","2020","No data","No data","No data"
"Saint Kitts and Nevis","2019","No data","No data","No data"
"Saint Kitts and Nevis","2018","No data","No data","No data"
"Saint Kitts and Nevis","2017","No data","No data","No data"
"Saint Kitts and Nevis","2016","No data","No data","No data"
"Saint Kitts and Nevis","2015","No data","No data","No data"
"Saint Kitts and Nevis","2014","No data","No data","No data"
"Saint Kitts and Nevis","2013","No data","No data","No data"
"Saint Kitts and Nevis","2012","No data","No data","No data"
"Saint Kitts and Nevis","2011","No data","No data","No data"
"Saint Kitts and Nevis","2010","No data","No data","No data"
"Saint Kitts and Nevis","2009","No data","No data","No data"
"Saint Kitts and Nevis","2008","No data","No data","No data"
"Saint Kitts and Nevis","2007","No data","No data","No data"
"Saint Kitts and Nevis","2006","No data","No data","No data"
"Saint Kitts and Nevis","2005","No data","No data","No data"
"Saint Kitts and Nevis","2004","No data","No data","No data"
"Saint Kitts and Nevis","2003","No data","No data","No data"
"Saint Kitts and Nevis","2002","No data","No data","No data"
"Saint Kitts and Nevis","2001","No data","No data","No data"
"Saint Kitts and Nevis","2000","No data","No data","No data"
"Saint Lucia","2022","No data","No data","No data"
"Saint Lucia","2021","No data","No data","No data"
"Saint Lucia","2020","No data","No data","No data"
"Saint Lucia","2019","No data","No data","No data"
"Saint Lucia","2018","No data","No data","No data"
"Saint Lucia","2017","No data","No data","No data"
"Saint Lucia","2016","No data","No data","No data"
"Saint Lucia","2015","No data","No data","No data"
"Saint Lucia","2014","No data","No data","No data"
"Saint Lucia","2013","No data","No data","No data"
"Saint Lucia","2012","No data","No data","No data"
"Saint Lucia","2011","No data","No data","No data"
"Saint Lucia","2010","No data","No data","No data"
"Saint Lucia","2009","No data","No data","No data"
"Saint Lucia","2008","No data","No data","No data"
"Saint Lucia","2007","No data","No data","No data"
"Saint Lucia","2006","No data","No data","No data"
"Saint Lucia","2005","No data","No data","No data"
"Saint Lucia","2004","No data","No data","No data"
"Saint Lucia","2003","No data","No data","No data"
"Saint Lucia","2002","No data","No data","No data"
"Saint Lucia","2001","No data","No data","No data"
"Saint Lucia","2000","No data","No data","No data"
"Saint Vincent and the Grenadines","2022","No data","No data","No data"
"Saint Vincent and the Grenadines","2021","No data","No data","No data"
"Saint Vincent and the Grenadines","2020","No data","No data","No data"
"Saint Vincent and the Grenadines","2019","No data","No data","No data"
"Saint Vincent and the Grenadines","2018","No data","No data","No data"
"Saint Vincent and the Grenadines","2017","No data","No data","No data"
"Saint Vincent and the Grenadines","2016","No data","No data","No data"
"Saint Vincent and the Grenadines","2015","No data","No data","No data"
"Saint Vincent and the Grenadines","2014","No data","No data","No data"
"Saint Vincent and the Grenadines","2013","No data","No data","No data"
"Saint Vincent and the Grenadines","2012","No data","No data","No data"
"Saint Vincent and the Grenadines","2011","No data","No data","No data"
"Saint Vincent and the Grenadines","2010","No data","No data","No data"
"Saint Vincent and the Grenadines","2009","No data","No data","No data"
"Saint Vincent and the Grenadines","2008","No data","No data","No data"
"Saint Vincent and the Grenadines","2007","No data","No data","No data"
"Saint Vincent and the Grenadines","2006","No data","No data","No data"
"Saint Vincent and the Grenadines","2005","No data","No data","No data"
"Saint Vincent and the Grenadines","2004","No data","No data","No data"
"Saint Vincent and the Grenadines","2003","No data","No data","No data"
"Saint Vincent and the Grenadines","2002","No data","No data","No data"
"Saint Vincent and the Grenadines","2001","No data","No data","No data"
"Saint Vincent and the Grenadines","2000","No data","No data","No data"
"Samoa","2022","No data","No data","No data"
"Samoa","2021","No data","No data","No data"
"Samoa","2020","No data","No data","No data"
"Samoa","2019","No data","No data","No data"
"Samoa","2018","No data","No data","No data"
"Samoa","2017","No data","No data","No data"
"Samoa","2016","No data","No data","No data"
"Samoa","2015","No data","No data","No data"
"Samoa","2014","No data","No data","No data"
"Samoa","2013","No data","No data","No data"
"Samoa","2012","No data","No data","No data"
"Samoa","2011","No data","No data","No data"
"Samoa","2010","No data","No data","No data"
"Samoa","2009","No data","No data","No data"
"Samoa","2008","No data","No data","No data"
"Samoa","2007","No data","No data","No data"
"Samoa","2006","No data","No data","No data"
"Samoa","2005","No data","No data","No data"
"Samoa","2004","No data","No data","No data"
"Samoa","2003","No data","No data","No data"
"Samoa","2002","No data","No data","No data"
"Samoa","2001","No data","No data","No data"
"Samoa","2000","No data","No data","No data"
"San Marino","2022","No data","No data","No data"
"San Marino","2021","No data","No data","No data"
"San Marino","2020","No data","No data","No data"
"San Marino","2019","No data","No data","No data"
"San Marino","2018","No data","No data","No data"
"San Marino","2017","No data","No data","No data"
"San Marino","2016","No data","No data","No data"
"San Marino","2015","No data","No data","No data"
"San Marino","2014","No data","No data","No data"
"San Marino","2013","No data","No data","No data"
"San Marino","2012","No data","No data","No data"
"San Marino","2011","No data","No data","No data"
"San Marino","2010","No data","No data","No data"
"San Marino","2009","No data","No data","No data"
"San Marino","2008","No data","No data","No data"
"San Marino","2007","No data","No data","No data"
"San Marino","2006","No data","No data","No data"
"San Marino","2005","No data","No data","No data"
"San Marino","2004","No data","No data","No data"
"San Marino","2003","No data","No data","No data"
"San Marino","2002","No data","No data","No data"
"San Marino","2001","No data","No data","No data"
"San Marino","2000","No data","No data","No data"
"Sao Tome and Principe","2022","89 [71–100]","985","1100 [890–1400]"
"Sao Tome and Principe","2021","80 [64–100]","904","1100 [900–1400]"
"Sao Tome and Principe","2020","76 [61–96]","871","1100 [920–1500]"
"Sao Tome and Principe","2019","72 [58–92]","842","1200 [940–1500]"
"Sao Tome and Principe","2018","69 [56–87]","820","1200 [970–1500]"
"Sao Tome and Principe","2017","60 [49–76]","732","1200 [980–1500]"
"Sao Tome and Principe","2016","50 [40–62]","614","1200 [1000–1500]"
"Sao Tome and Principe","2015","41 [33–52]","527","1300 [1000–1600]"
"Sao Tome and Principe","2014","31 [25–40]","417","1300 [1100–1700]"
"Sao Tome and Principe","2013","24 [20–31]","343","1400 [1100–1800]"
"Sao Tome and Principe","2012","21 [17–27]","309","1500 [1200–1900]"
"Sao Tome and Principe","2011","17 [13–22]","260","1600 [1200–2000]"
"Sao Tome and Principe","2010","13 [10–17]","208","1600 [1300–2200]"
"Sao Tome and Principe","2009","10 [8–13]","164","1700 [1400–2300]"
"Sao Tome and Principe","2008","6 [5–8]","114","1800 [1400–2400]"
"Sao Tome and Principe","2007","4 [3–5]","77","1900 [1500–2600]"
"Sao Tome and Principe","2006","3 [2–3]","53","2000 [1600–2700]"
"Sao Tome and Principe","2005","1 [1–2]","32","2200 [1700–2900]"
"Sao Tome and Principe","2004","0 [0–0]","0","2300 [1800–3000]"
"Sao Tome and Principe","2003","0 [0–0]","0","2400 [1900–3200]"
"Sao Tome and Principe","2002","0 [0–0]","0","2500 [2000–3300]"
"Sao Tome and Principe","2001","0 [0–0]","0","2600 [2000–3400]"
"Sao Tome and Principe","2000","0 [0–0]","0","2700 [2000–3400]"
"Saudi Arabia","2022","90 [82–99]","9539","11 000 [9800–12 000]"
"Saudi Arabia","2021","90 [82–98]","8496","9500 [8700–10 000]"
"Saudi Arabia","2020","91 [83–100]","7814","8600 [7900–9500]"
"Saudi Arabia","2019","89 [82–97]","7253","8100 [7400–8900]"
"Saudi Arabia","2018","83 [76–90]","6321","7600 [7000–8300]"
"Saudi Arabia","2017","78 [71–84]","5651","7300 [6600–7900]"
"Saudi Arabia","2016","73 [66–80]","5187","7100 [6500–7700]"
"Saudi Arabia","2015","62 [57–68]","4325","7000 [6400–7600]"
"Saudi Arabia","2014","51 [47–56]","3584","7000 [6400–7600]"
"Saudi Arabia","2013","44 [41–48]","3153","7100 [6500–7700]"
"Saudi Arabia","2012","42 [38–46]","3066","7300 [6700–7900]"
"Saudi Arabia","2011","41 [37–44]","3068","7500 [6800–8200]"
"Saudi Arabia","2010","39 [36–43]","3051","7700 [7100–8400]"
"Saudi Arabia","2009","37 [34–40]","2979","8000 [7300–8700]"
"Saudi Arabia","2008","35 [32–38]","2889","8200 [7500–8900]"
"Saudi Arabia","2007","32 [29–34]","2684","8500 [7800–9200]"
"Saudi Arabia","2006","28 [26–31]","2478","8700 [8000–9400]"
"Saudi Arabia","2005","25 [23–27]","2273","9000 [8300–9600]"
"Saudi Arabia","2004","22 [21–24]","2067","9200 [8600–9800]"
"Saudi Arabia","2003","20 [18–21]","1862","9400 [8800–10 000]"
"Saudi Arabia","2002","17 [16–19]","1657","9500 [8700–10 000]"
"Saudi Arabia","2001","15 [14–17]","1452","9400 [8500–10 000]"
"Saudi Arabia","2000","14 [12–15]","1247","9100 [8100–9900]"
"Senegal","2022","80 [72–92]","33339","42 000 [37 000–48 000]"
"Senegal","2021","76 [69–87]","31629","41 000 [37 000–47 000]"
"Senegal","2020","74 [67–83]","30431","41 000 [37 000–46 000]"
"Senegal","2019","70 [63–79]","28960","41 000 [37 000–46 000]"
"Senegal","2018","64 [58–72]","26606","41 000 [37 000–46 000]"
"Senegal","2017","56 [50–63]","23204","42 000 [38 000–47 000]"
"Senegal","2016","51 [46–56]","21157","42 000 [38 000–47 000]"
"Senegal","2015","43 [40–49]","18375","42 000 [39 000–47 000]"
"Senegal","2014","38 [34–42]","16346","43 000 [39 000–48 000]"
"Senegal","2013","31 [28–35]","13591","44 000 [40 000–49 000]"
"Senegal","2012","27 [24–30]","11940","45 000 [40 000–50 000]"
"Senegal","2011","29 [26–32]","12821","45 000 [41 000–51 000]"
"Senegal","2010","26 [24–30]","11845","45 000 [41 000–51 000]"
"Senegal","2009","23 [21–26]","10379","45 000 [41 000–51 000]"
"Senegal","2008","20 [18–23]","8912","45 000 [40 000–51 000]"
"Senegal","2007","17 [15–19]","7447","45 000 [40 000–51 000]"
"Senegal","2006","0 [0–1]","221","45 000 [40 000–51 000]"
"Senegal","2005","0 [0–1]","203","45 000 [41 000–52 000]"
"Senegal","2004","0 [0–0]","190","46 000 [40 000–52 000]"
"Senegal","2003","0 [0–0]","181","45 000 [39 000–52 000]"
"Senegal","2002","0 [0–0]","175","44 000 [38 000–51 000]"
"Senegal","2001","0 [0–0]","169","41 000 [36 000–48 000]"
"Senegal","2000","0 [0–0]","30","38 000 [33 000–45 000]"
"Serbia","2022","63 [52–73]","2427","3800 [3200–4500]"
"Serbia","2021","62 [51–72]","2289","3700 [3000–4300]"
"Serbia","2020","61 [51–71]","2172","3500 [2900–4100]"
"Serbia","2019","62 [52–71]","2097","3400 [2800–3900]"
"Serbia","2018","62 [51–70]","1980","3200 [2700–3700]"
"Serbia","2017","57 [48–66]","1752","3100 [2500–3500]"
"Serbia","2016","54 [45–63]","1570","2900 [2400–3300]"
"Serbia","2015","51 [43–59]","1400","2700 [2300–3200]"
"Serbia","2014","49 [41–57]","1272","2600 [2100–3000]"
"Serbia","2013","48 [40–56]","1165","2400 [2000–2800]"
"Serbia","2012","47 [39–55]","1075","2300 [1900–2600]"
"Serbia","2011","47 [38–54]","995","2100 [1700–2500]"
"Serbia","2010","46 [38–54]","915","2000 [1600–2300]"
"Serbia","2009","44 [36–52]","816","1800 [1500–2200]"
"Serbia","2008","44 [36–52]","750","1700 [1400–2000]"
"Serbia","2007","43 [36–51]","684","1600 [1300–1900]"
"Serbia","2006","43 [36–50]","630","1500 [1200–1700]"
"Serbia","2005","43 [35–49]","575","1400 [1100–1600]"
"Serbia","2004","36 [30–42]","443","1200 [1000–1400]"
"Serbia","2003","29 [24–34]","327","1100 [930–1300]"
"Serbia","2002","0 [0–0]","1","1000 [860–1200]"
"Serbia","2001","0 [0–0]","0","1000 [850–1200]"
"Serbia","2000","0 [0–0]","0","1000 [840–1200]"
"Seychelles","2022","No data","No data","No data"
"Seychelles","2021","No data","No data","No data"
"Seychelles","2020","No data","No data","No data"
"Seychelles","2019","No data","No data","No data"
"Seychelles","2018","No data","No data","No data"
"Seychelles","2017","No data","No data","No data"
"Seychelles","2016","No data","No data","No data"
"Seychelles","2015","No data","No data","No data"
"Seychelles","2014","No data","No data","No data"
"Seychelles","2013","No data","No data","No data"
"Seychelles","2012","No data","No data","No data"
"Seychelles","2011","No data","No data","No data"
"Seychelles","2010","No data","No data","No data"
"Seychelles","2009","No data","No data","No data"
"Seychelles","2008","No data","No data","No data"
"Seychelles","2007","No data","No data","No data"
"Seychelles","2006","No data","No data","No data"
"Seychelles","2005","No data","No data","No data"
"Seychelles","2004","No data","No data","No data"
"Seychelles","2003","No data","No data","No data"
"Seychelles","2002","No data","No data","No data"
"Seychelles","2001","No data","No data","No data"
"Seychelles","2000","No data","No data","No data"
"Sierra Leone","2022","76 [65–89]","58014","77 000 [65 000–90 000]"
"Sierra Leone","2021","61 [53–71]","46445","76 000 [66 000–88 000]"
"Sierra Leone","2020","51 [44–58]","38003","75 000 [65 000–86 000]"
"Sierra Leone","2019","45 [39–51]","33274","74 000 [64 000–83 000]"
"Sierra Leone","2018","39 [34–44]","28415","72 000 [63 000–81 000]"
"Sierra Leone","2017","33 [29–37]","23693","71 000 [62 000–80 000]"
"Sierra Leone","2016","25 [22–28]","17843","70 000 [61 000–79 000]"
"Sierra Leone","2015","20 [18–23]","14196","69 000 [60 000–78 000]"
"Sierra Leone","2014","16 [14–18]","10775","69 000 [60 000–77 000]"
"Sierra Leone","2013","13 [12–15]","9173","68 000 [59 000–77 000]"
"Sierra Leone","2012","12 [11–14]","8261","67 000 [58 000–76 000]"
"Sierra Leone","2011","12 [11–14]","8117","66 000 [58 000–75 000]"
"Sierra Leone","2010","9 [8–10]","5978","65 000 [57 000–74 000]"
"Sierra Leone","2009","6 [5–7]","3916","64 000 [55 000–73 000]"
"Sierra Leone","2008","3 [3–4]","2087","63 000 [55 000–72 000]"
"Sierra Leone","2007","2 [1–2]","1062","62 000 [53 000–72 000]"
"Sierra Leone","2006","1 [1–1]","753","61 000 [52 000–72 000]"
"Sierra Leone","2005","1 [0–1]","317","60 000 [50 000–71 000]"
"Sierra Leone","2004","0 [0–0]","0","59 000 [48 000–71 000]"
"Sierra Leone","2003","0 [0–0]","0","57 000 [46 000–70 000]"
"Sierra Leone","2002","0 [0–0]","0","54 000 [43 000–67 000]"
"Sierra Leone","2001","0 [0–0]","0","51 000 [40 000–64 000]"
"Sierra Leone","2000","0 [0–0]","0","46 000 [35 000–60 000]"
"Singapore","2022","No data","No data","No data"
"Singapore","2021","No data","No data","No data"
"Singapore","2020","No data","6363","No data"
"Singapore","2019","No data","6052","No data"
"Singapore","2018","No data","5678","No data"
"Singapore","2017","No data","5423","No data"
"Singapore","2016","No data","4935","No data"
"Singapore","2015","No data","4584","No data"
"Singapore","2014","No data","4101","No data"
"Singapore","2013","No data","3506","No data"
"Singapore","2012","No data","2987","No data"
"Singapore","2011","No data","2509","No data"
"Singapore","2010","No data","2037","No data"
"Singapore","2009","No data","1662","No data"
"Singapore","2008","No data","1172","No data"
"Singapore","2007","No data","799","No data"
"Singapore","2006","No data","520","No data"
"Singapore","2005","No data","315","No data"
"Singapore","2004","No data","207","No data"
"Singapore","2003","No data","171","No data"
"Singapore","2002","No data","139","No data"
"Singapore","2001","No data","109","No data"
"Singapore","2000","No data","83","No data"
"Slovakia","2022","No data","No data","1500 [1200–1800]"
"Slovakia","2021","No data","No data","1300 [1000–1500]"
"Slovakia","2020","No data","No data","1200 [930–1400]"
"Slovakia","2019","No data","No data","1100 [850–1300]"
"Slovakia","2018","67 [54–81]","650","970 [780–1200]"
"Slovakia","2017","74 [59–88]","644","880 [710–1100]"
"Slovakia","2016","59 [48–70]","461","790 [640–940]"
"Slovakia","2015","57 [46–68]","398","700 [570–830]"
"Slovakia","2014","50 [41–60]","312","620 [510–730]"
"Slovakia","2013","45 [37–53]","247","550 [<500–640]"
"Slovakia","2012","40 [33–47]","196","<500 [<500–570]"
"Slovakia","2011","35 [29–41]","153","<500 [<500–510]"
"Slovakia","2010","34 [28–40]","134","<500 [<500–<500]"
"Slovakia","2009","32 [26–37]","116","<500 [<500–<500]"
"Slovakia","2008","29 [24–34]","97","<500 [<500–<500]"
"Slovakia","2007","32 [27–38]","98","<500 [<500–<500]"
"Slovakia","2006","35 [29–40]","96","<500 [<500–<500]"
"Slovakia","2005","26 [22–30]","65","<500 [<500–<500]"
"Slovakia","2004","29 [24–33]","65","<500 [<200–<500]"
"Slovakia","2003","10 [8–11]","20","<500 [<200–<500]"
"Slovakia","2002","9 [7–10]","16","<200 [<200–<500]"
"Slovakia","2001","8 [6–9]","13","<200 [<200–<200]"
"Slovakia","2000","7 [6–9]","11","<200 [<200–<200]"
"Slovenia","2022","84 [77–91]","752","900 [830–970]"
"Slovenia","2021","83 [76–89]","719","870 [810–940]"
"Slovenia","2020","84 [78–90]","709","850 [790–910]"
"Slovenia","2019","78 [73–84]","649","830 [780–890]"
"Slovenia","2018","78 [73–83]","631","810 [760–870]"
"Slovenia","2017","74 [70–79]","592","800 [760–850]"
"Slovenia","2016","68 [65–72]","533","780 [750–830]"
"Slovenia","2015","60 [57–63]","461","770 [740–810]"
"Slovenia","2014","54 [52–57]","409","760 [720–790]"
"Slovenia","2013","48 [46–50]","357","740 [720–780]"
"Slovenia","2012","42 [40–44]","305","730 [700–760]"
"Slovenia","2011","40 [38–41]","279","700 [680–730]"
"Slovenia","2010","38 [37–39]","256","670 [650–700]"
"Slovenia","2009","28 [27–29]","177","630 [610–650]"
"Slovenia","2008","27 [27–28]","160","590 [570–600]"
"Slovenia","2007","30 [29–30]","157","530 [520–550]"
"Slovenia","2006","31 [30–32]","147","<500 [<500–<500]"
"Slovenia","2005","23 [23–24]","96","<500 [<500–<500]"
"Slovenia","2004","23 [23–24]","83","<500 [<500–<500]"
"Slovenia","2003","24 [23–24]","71","<500 [<500–<500]"
"Slovenia","2002","25 [24–25]","61","<500 [<500–<500]"
"Slovenia","2001","26 [25–27]","53","<500 [<200–<500]"
"Slovenia","2000","26 [25–27]","44","<200 [<200–<200]"
"Solomon Islands","2022","No data","No data","No data"
"Solomon Islands","2021","No data","No data","No data"
"Solomon Islands","2020","No data","No data","No data"
"Solomon Islands","2019","No data","No data","No data"
"Solomon Islands","2018","No data","No data","No data"
"Solomon Islands","2017","No data","No data","No data"
"Solomon Islands","2016","No data","No data","No data"
"Solomon Islands","2015","No data","No data","No data"
"Solomon Islands","2014","No data","No data","No data"
"Solomon Islands","2013","No data","No data","No data"
"Solomon Islands","2012","No data","No data","No data"
"Solomon Islands","2011","No data","No data","No data"
"Solomon Islands","2010","No data","No data","No data"
"Solomon Islands","2009","No data","No data","No data"
"Solomon Islands","2008","No data","No data","No data"
"Solomon Islands","2007","No data","No data","No data"
"Solomon Islands","2006","No data","No data","No data"
"Solomon Islands","2005","No data","No data","No data"
"Solomon Islands","2004","No data","No data","No data"
"Solomon Islands","2003","No data","No data","No data"
"Solomon Islands","2002","No data","No data","No data"
"Solomon Islands","2001","No data","No data","No data"
"Solomon Islands","2000","No data","No data","No data"
"Somalia","2022","No data","4214","No data"
"Somalia","2021","No data","3888","No data"
"Somalia","2020","No data","3697","No data"
"Somalia","2019","No data","3471","No data"
"Somalia","2018","No data","3230","No data"
"Somalia","2017","No data","2997","No data"
"Somalia","2016","No data","2660","No data"
"Somalia","2015","No data","2310","No data"
"Somalia","2014","No data","1916","No data"
"Somalia","2013","No data","1760","No data"
"Somalia","2012","No data","1454","No data"
"Somalia","2011","No data","1139","No data"
"Somalia","2010","No data","889","No data"
"Somalia","2009","No data","578","No data"
"Somalia","2008","No data","413","No data"
"Somalia","2007","No data","211","No data"
"Somalia","2006","No data","111","No data"
"Somalia","2005","No data","47","No data"
"Somalia","2004","No data","0","No data"
"Somalia","2003","No data","0","No data"
"Somalia","2002","No data","0","No data"
"Somalia","2001","No data","0","No data"
"Somalia","2000","No data","0","No data"
"South Africa","2022","75 [53–98]","5698272","7 600 000 [5 400 000–9 900 000]"
"South Africa","2021","74 [53–96]","5588062","7 600 000 [5 400 000–9 800 000]"
"South Africa","2020","73 [52–94]","5459654","7 500 000 [5 400 000–9 800 000]"
"South Africa","2019","71 [51–93]","5298908","7 400 000 [5 300 000–9 600 000]"
"South Africa","2018","68 [49–88]","4982208","7 300 000 [5 200 000–9 500 000]"
"South Africa","2017","64 [46–83]","4603719","7 200 000 [5 200 000–9 300 000]"
"South Africa","2016","59 [42–76]","4154434","7 000 000 [5 100 000–9 100 000]"
"South Africa","2015","53 [38–69]","3671117","6 900 000 [4 900 000–8 900 000]"
"South Africa","2014","48 [34–62]","3206123","6 700 000 [4 800 000–8 600 000]"
"South Africa","2013","43 [31–56]","2787219","6 500 000 [4 600 000–8 400 000]"
"South Africa","2012","38 [27–49]","2358142","6 200 000 [4 500 000–8 100 000]"
"South Africa","2011","31 [22–41]","1885959","6 000 000 [4 300 000–7 900 000]"
"South Africa","2010","24 [17–32]","1413626","5 800 000 [4 100 000–7 600 000]"
"South Africa","2009","18 [13–24]","1015249","5 500 000 [3 900 000–7 300 000]"
"South Africa","2008","13 [10–18]","717904","5 300 000 [3 700 000–7 100 000]"
"South Africa","2007","10 [7–13]","484074","5 100 000 [3 600 000–6 800 000]"
"South Africa","2006","6 [4–8]","295546","4 900 000 [3 400 000–6 600 000]"
"South Africa","2005","3 [2–5]","159894","4 700 000 [3 300 000–6 300 000]"
"South Africa","2004","2 [1–2]","74160","4 500 000 [3 100 000–6 100 000]"
"South Africa","2003","1 [1–1]","37183","4 300 000 [2 900 000–5 800 000]"
"South Africa","2002","1 [0–1]","23936","4 000 000 [2 800 000–5 500 000]"
"South Africa","2001","0 [0–0]","13031","3 700 000 [2 600 000–5 100 000]"
"South Africa","2000","0 [0–0]","3261","3 400 000 [2 400 000–4 700 000]"
"South Sudan","2022","32 [26–41]","52592","160 000 [130 000–210 000]"
"South Sudan","2021","29 [24–37]","47440","160 000 [130 000–210 000]"
"South Sudan","2020","26 [21–33]","42447","160 000 [130 000–200 000]"
"South Sudan","2019","22 [18–27]","35149","160 000 [130 000–200 000]"
"South Sudan","2018","19 [16–24]","30727","160 000 [130 000–200 000]"
"South Sudan","2017","15 [12–19]","23998","160 000 [130 000–210 000]"
"South Sudan","2016","11 [9–14]","19394","170 000 [140 000–220 000]"
"South Sudan","2015","10 [8–13]","18573","180 000 [150 000–230 000]"
"South Sudan","2014","6 [5–8]","11333","180 000 [150 000–230 000]"
"South Sudan","2013","4 [3–5]","7235","190 000 [150 000–240 000]"
"South Sudan","2012","2 [2–3]","4559","190 000 [150 000–240 000]"
"South Sudan","2011","2 [2–3]","3667","180 000 [150 000–230 000]"
"South Sudan","2010","1 [1–2]","2255","180 000 [140 000–220 000]"
"South Sudan","2009","1 [1–1]","1845","170 000 [130 000–210 000]"
"South Sudan","2008","0 [0–0]","394","160 000 [130 000–210 000]"
"South Sudan","2007","0 [0–0]","131","150 000 [120 000–200 000]"
"South Sudan","2006","0 [0–0]","0","150 000 [110 000–190 000]"
"South Sudan","2005","0 [0–0]","0","140 000 [110 000–190 000]"
"South Sudan","2004","0 [0–0]","0","130 000 [99 000–180 000]"
"South Sudan","2003","0 [0–0]","0","130 000 [92 000–170 000]"
"South Sudan","2002","0 [0–0]","0","120 000 [84 000–160 000]"
"South Sudan","2001","0 [0–0]","0","110 000 [78 000–150 000]"
"South Sudan","2000","0 [0–0]","0","110 000 [71 000–140 000]"
"Spain","2022","No data","No data","150 000 [130 000–170 000]"
"Spain","2021","87 [74–99]","133356","150 000 [130 000–170 000]"
"Spain","2020","88 [74–98]","132581","150 000 [130 000–170 000]"
"Spain","2019","86 [73–96]","128296","150 000 [130 000–170 000]"
"Spain","2018","85 [73–95]","125785","150 000 [130 000–160 000]"
"Spain","2017","84 [72–94]","122273","140 000 [120 000–160 000]"
"Spain","2016","83 [71–92]","118023","140 000 [120 000–160 000]"
"Spain","2015","77 [66–85]","107135","140 000 [120 000–160 000]"
"Spain","2014","75 [65–82]","102271","140 000 [120 000–150 000]"
"Spain","2013","74 [64–81]","99087","130 000 [120 000–150 000]"
"Spain","2012","72 [64–79]","95838","130 000 [120 000–150 000]"
"Spain","2011","70 [61–76]","90889","130 000 [110 000–140 000]"
"Spain","2010","69 [61–75]","88042","130 000 [110 000–140 000]"
"Spain","2009","65 [57–71]","81389","130 000 [110 000–140 000]"
"Spain","2008","61 [54–66]","75545","120 000 [110 000–140 000]"
"Spain","2007","57 [51–62]","69700","120 000 [110 000–130 000]"
"Spain","2006","53 [48–58]","63863","120 000 [110 000–130 000]"
"Spain","2005","49 [44–53]","58027","120 000 [110 000–130 000]"
"Spain","2004","45 [40–49]","52188","120 000 [100 000–130 000]"
"Spain","2003","40 [36–44]","46347","110 000 [100 000–120 000]"
"Spain","2002","36 [32–39]","40506","110 000 [100 000–120 000]"
"Spain","2001","31 [28–34]","34664","110 000 [98 000–120 000]"
"Spain","2000","26 [23–28]","28822","110 000 [96 000–120 000]"
"Sri Lanka","2022","68 [61–78]","2813","4100 [3700–4700]"
"Sri Lanka","2021","59 [52–66]","2402","4100 [3600–4600]"
"Sri Lanka","2020","53 [47–59]","2167","4100 [3600–4600]"
"Sri Lanka","2019","45 [40–51]","1846","4100 [3600–4600]"
"Sri Lanka","2018","39 [35–44]","1574","4100 [3600–4600]"
"Sri Lanka","2017","32 [29–36]","1297","4100 [3700–4600]"
"Sri Lanka","2016","26 [23–29]","1068","4100 [3700–4600]"
"Sri Lanka","2015","20 [18–22]","803","4100 [3700–4700]"
"Sri Lanka","2014","15 [14–18]","639","4100 [3700–4700]"
"Sri Lanka","2013","12 [11–14]","516","4100 [3700–4700]"
"Sri Lanka","2012","9 [8–11]","387","4200 [3700–4700]"
"Sri Lanka","2011","7 [7–8]","311","4200 [3700–4700]"
"Sri Lanka","2010","6 [6–7]","265","4200 [3700–4800]"
"Sri Lanka","2009","5 [4–6]","204","4200 [3600–4700]"
"Sri Lanka","2008","3 [3–4]","139","4100 [3600–4700]"
"Sri Lanka","2007","3 [2–3]","109","4100 [3500–4600]"
"Sri Lanka","2006","2 [2–2]","76","3900 [3400–4500]"
"Sri Lanka","2005","1 [1–2]","54","3800 [3300–4300]"
"Sri Lanka","2004","0 [0–0]","14","3600 [3100–4100]"
"Sri Lanka","2003","0 [0–0]","0","3300 [2800–3800]"
"Sri Lanka","2002","0 [0–0]","0","3000 [2600–3400]"
"Sri Lanka","2001","0 [0–0]","0","2700 [2300–3100]"
"Sri Lanka","2000","0 [0–0]","0","2400 [2000–2700]"
"Sudan","2022","28 [23–33]","11304","41 000 [34 000–50 000]"
"Sudan","2021","28 [24–34]","11069","39 000 [33 000–46 000]"
"Sudan","2020","32 [27–37]","11755","37 000 [31 000–43 000]"
"Sudan","2019","30 [25–34]","10449","35 000 [30 000–41 000]"
"Sudan","2018","26 [22–30]","8803","34 000 [29 000–39 000]"
"Sudan","2017","23 [20–27]","7634","33 000 [28 000–38 000]"
"Sudan","2016","19 [16–22]","5768","31 000 [27 000–36 000]"
"Sudan","2015","15 [13–17]","4388","30 000 [26 000–35 000]"
"Sudan","2014","13 [12–16]","3936","29 000 [25 000–35 000]"
"Sudan","2013","12 [10–14]","3308","29 000 [24 000–34 000]"
"Sudan","2012","9 [8–11]","2575","28 000 [24 000–34 000]"
"Sudan","2011","9 [7–10]","2377","28 000 [23 000–33 000]"
"Sudan","2010","8 [7–9]","2122","27 000 [22 000–33 000]"
"Sudan","2009","8 [6–9]","1996","27 000 [22 000–32 000]"
"Sudan","2008","5 [4–6]","1160","26 000 [21 000–32 000]"
"Sudan","2007","0 [0–0]","0","25 000 [20 000–31 000]"
"Sudan","2006","0 [0–0]","0","24 000 [20 000–31 000]"
"Sudan","2005","0 [0–0]","0","24 000 [19 000–30 000]"
"Sudan","2004","0 [0–0]","0","23 000 [18 000–29 000]"
"Sudan","2003","0 [0–0]","0","22 000 [17 000–29 000]"
"Sudan","2002","0 [0–0]","0","21 000 [16 000–28 000]"
"Sudan","2001","0 [0–0]","0","20 000 [15 000–27 000]"
"Sudan","2000","0 [0–0]","0","19 000 [14 000–26 000]"
"Suriname","2022","44 [36–52]","3145","7200 [5900–8500]"
"Suriname","2021","47 [39–56]","3326","7000 [5800–8400]"
"Suriname","2020","50 [42–60]","3439","6900 [5700–8200]"
"Suriname","2019","43 [36–52]","2871","6700 [5600–8000]"
"Suriname","2018","44 [37–53]","2868","6500 [5400–7700]"
"Suriname","2017","43 [36–51]","2691","6300 [5300–7500]"
"Suriname","2016","42 [35–50]","2562","6100 [5200–7300]"
"Suriname","2015","39 [33–46]","2302","5900 [5000–7100]"
"Suriname","2014","38 [32–44]","2178","5800 [4900–6800]"
"Suriname","2013","35 [29–41]","1940","5600 [4800–6600]"
"Suriname","2012","31 [26–36]","1683","5400 [4600–6400]"
"Suriname","2011","25 [21–29]","1295","5200 [4500–6200]"
"Suriname","2010","22 [19–26]","1121","5100 [4300–6100]"
"Suriname","2009","20 [17–24]","974","4900 [4200–5800]"
"Suriname","2008","18 [15–21]","842","4700 [4100–5700]"
"Suriname","2007","15 [12–17]","669","4600 [3900–5500]"
"Suriname","2006","11 [9–13]","482","4500 [3800–5300]"
"Suriname","2005","8 [7–9]","344","4300 [3700–5100]"
"Suriname","2004","5 [4–6]","225","4200 [3500–5000]"
"Suriname","2003","3 [3–4]","138","4100 [3400–4900]"
"Suriname","2002","1 [1–1]","47","3900 [3200–4700]"
"Suriname","2001","0 [0–0]","8","3700 [3000–4600]"
"Suriname","2000","0 [0–0]","7","3600 [2800–4400]"
"Sweden","2022","No data","No data","No data"
"Sweden","2021","No data","8253","No data"
"Sweden","2020","No data","8024","No data"
"Sweden","2019","No data","7873","No data"
"Sweden","2018","No data","7723","No data"
"Sweden","2017","No data","7333","No data"
"Sweden","2016","No data","7112","No data"
"Sweden","2015","No data","6670","No data"
"Sweden","2014","No data","6334","No data"
"Sweden","2013","No data","5989","No data"
"Sweden","2012","No data","5316","No data"
"Sweden","2011","No data","4644","No data"
"Sweden","2010","No data","3972","No data"
"Sweden","2009","No data","3298","No data"
"Sweden","2008","No data","2308","No data"
"Sweden","2007","No data","2101","No data"
"Sweden","2006","No data","1907","No data"
"Sweden","2005","No data","1760","No data"
"Sweden","2004","No data","1596","No data"
"Sweden","2003","No data","1448","No data"
"Sweden","2002","No data","1273","No data"
"Sweden","2001","No data","1142","No data"
"Sweden","2000","No data","1019","No data"
"Switzerland","2022","No data","No data","No data"
"Switzerland","2021","No data","No data","No data"
"Switzerland","2020","No data","No data","No data"
"Switzerland","2019","No data","No data","No data"
"Switzerland","2018","No data","No data","No data"
"Switzerland","2017","No data","No data","No data"
"Switzerland","2016","No data","No data","No data"
"Switzerland","2015","No data","No data","No data"
"Switzerland","2014","No data","No data","No data"
"Switzerland","2013","No data","No data","No data"
"Switzerland","2012","No data","No data","No data"
"Switzerland","2011","No data","No data","No data"
"Switzerland","2010","No data","No data","No data"
"Switzerland","2009","No data","No data","No data"
"Switzerland","2008","No data","No data","No data"
"Switzerland","2007","No data","No data","No data"
"Switzerland","2006","No data","No data","No data"
"Switzerland","2005","No data","No data","No data"
"Switzerland","2004","No data","No data","No data"
"Switzerland","2003","No data","No data","No data"
"Switzerland","2002","No data","No data","No data"
"Switzerland","2001","No data","No data","No data"
"Switzerland","2000","No data","No data","No data"
"Syrian Arab Republic","2022","51 [41–65]","338","660 [530–830]"
"Syrian Arab Republic","2021","51 [41–64]","305","600 [<500–750]"
"Syrian Arab Republic","2020","51 [41–63]","280","550 [<500–690]"
"Syrian Arab Republic","2019","50 [41–62]","252","510 [<500–640]"
"Syrian Arab Republic","2018","42 [34–52]","193","<500 [<500–570]"
"Syrian Arab Republic","2017","34 [28–43]","145","<500 [<500–520]"
"Syrian Arab Republic","2016","28 [22–34]","113","<500 [<500–510]"
"Syrian Arab Republic","2015","25 [20–32]","100","<500 [<500–500]"
"Syrian Arab Republic","2014","24 [19–31]","96","<500 [<500–520]"
"Syrian Arab Republic","2013","21 [16–27]","88","<500 [<500–550]"
"Syrian Arab Republic","2012","19 [14–25]","84","<500 [<500–600]"
"Syrian Arab Republic","2011","15 [12–21]","69","<500 [<500–610]"
"Syrian Arab Republic","2010","11 [8–15]","48","<500 [<500–590]"
"Syrian Arab Republic","2009","9 [7–13]","38","<500 [<500–570]"
"Syrian Arab Republic","2008","7 [5–10]","26","<500 [<500–540]"
"Syrian Arab Republic","2007","6 [4–8]","21","<500 [<500–530]"
"Syrian Arab Republic","2006","5 [3–7]","16","<500 [<500–<500]"
"Syrian Arab Republic","2005","5 [3–7]","13","<500 [<200–<500]"
"Syrian Arab Republic","2004","5 [3–7]","12","<500 [<200–<500]"
"Syrian Arab Republic","2003","2 [1–2]","4","<500 [<200–<500]"
"Syrian Arab Republic","2002","0 [0–0]","0","<500 [<200–<500]"
"Syrian Arab Republic","2001","0 [0–0]","0","<500 [<200–<500]"
"Syrian Arab Republic","2000","0 [0–0]","0","<500 [<200–<500]"
"Turkiye","2022","No data","No data","No data"
"Turkiye","2021","No data","No data","No data"
"Turkiye","2020","No data","No data","No data"
"Turkiye","2019","No data","No data","No data"
"Turkiye","2018","No data","No data","No data"
"Turkiye","2017","No data","No data","No data"
"Turkiye","2016","No data","No data","No data"
"Turkiye","2015","No data","No data","No data"
"Turkiye","2014","No data","No data","No data"
"Turkiye","2013","No data","No data","No data"
"Turkiye","2012","No data","No data","No data"
"Turkiye","2011","No data","No data","No data"
"Turkiye","2010","No data","No data","No data"
"Turkiye","2009","No data","No data","No data"
"Turkiye","2008","No data","No data","No data"
"Turkiye","2007","No data","No data","No data"
"Turkiye","2006","No data","No data","No data"
"Turkiye","2005","No data","No data","No data"
"Turkiye","2004","No data","No data","No data"
"Turkiye","2003","No data","No data","No data"
"Turkiye","2002","No data","No data","No data"
"Turkiye","2001","No data","No data","No data"
"Turkiye","2000","No data","No data","No data"
"Tajikistan","2022","63 [60–66]","9535","15 000 [15 000–16 000]"
"Tajikistan","2021","62 [59–65]","8740","14 000 [14 000–15 000]"
"Tajikistan","2020","61 [58–64]","7960","13 000 [13 000–14 000]"
"Tajikistan","2019","58 [55–62]","7055","12 000 [11 000–13 000]"
"Tajikistan","2018","55 [52–58]","5995","11 000 [10 000–11 000]"
"Tajikistan","2017","51 [48–53]","4891","9700 [9100–10 000]"
"Tajikistan","2016","46 [43–48]","3890","8500 [8000–9000]"
"Tajikistan","2015","39 [37–41]","2887","7400 [6900–7800]"
"Tajikistan","2014","31 [29–33]","1917","6200 [5800–6600]"
"Tajikistan","2013","23 [22–25]","1222","5200 [4900–5600]"
"Tajikistan","2012","20 [19–22]","876","4300 [4000–4700]"
"Tajikistan","2011","19 [17–21]","655","3400 [3100–3800]"
"Tajikistan","2010","16 [15–18]","437","2700 [2400–3000]"
"Tajikistan","2009","12 [11–14]","248","2000 [1700–2300]"
"Tajikistan","2008","8 [7–10]","118","1500 [1200–1700]"
"Tajikistan","2007","6 [5–8]","67","1000 [800–1300]"
"Tajikistan","2006","5 [3–6]","33","690 [<500–920]"
"Tajikistan","2005","0 [0–0]","0","<500 [<500–660]"
"Tajikistan","2004","0 [0–0]","0","<500 [<200–<500]"
"Tajikistan","2003","0 [0–0]","0","<200 [<100–<500]"
"Tajikistan","2002","0 [0–0]","0","<100 [<100–<200]"
"Tajikistan","2001","0 [0–0]","0","<100 [<100–<100]"
"Tajikistan","2000","0 [0–0]","0","<100 [<100–<100]"
"Thailand","2022","81 [74–90]","457133","560 000 [510 000–620 000]"
"Thailand","2021","79 [72–87]","447061","570 000 [510 000–620 000]"
"Thailand","2020","76 [69–84]","435956","570 000 [520 000–630 000]"
"Thailand","2019","73 [66–80]","417862","580 000 [520 000–630 000]"
"Thailand","2018","69 [62–76]","401233","580 000 [530 000–640 000]"
"Thailand","2017","66 [59–72]","387223","590 000 [530 000–650 000]"
"Thailand","2016","61 [55–67]","365282","600 000 [540 000–660 000]"
"Thailand","2015","56 [50–61]","337607","610 000 [550 000–670 000]"
"Thailand","2014","50 [45–55]","307657","620 000 [560 000–680 000]"
"Thailand","2013","46 [41–50]","287213","630 000 [570 000–690 000]"
"Thailand","2012","41 [37–45]","263879","640 000 [580 000–700 000]"
"Thailand","2011","38 [34–41]","244473","650 000 [590 000–720 000]"
"Thailand","2010","33 [30–37]","222165","660 000 [600 000–730 000]"
"Thailand","2009","29 [26–32]","196696","680 000 [620 000–750 000]"
"Thailand","2008","25 [23–28]","175004","690 000 [630 000–770 000]"
"Thailand","2007","21 [19–24]","151315","710 000 [630 000–790 000]"
"Thailand","2006","17 [15–19]","125169","720 000 [650 000–810 000]"
"Thailand","2005","13 [12–15]","99402","740 000 [660 000–830 000]"
"Thailand","2004","7 [6–8]","55465","760 000 [670 000–850 000]"
"Thailand","2003","3 [3–4]","25156","780 000 [690 000–880 000]"
"Thailand","2002","2 [2–2]","14129","810 000 [720 000–910 000]"
"Thailand","2001","1 [1–1]","5260","830 000 [730 000–930 000]"
"Thailand","2000","0 [0–0]","1741","840 000 [750 000–950 000]"
"Timor-Leste","2022","69 [54–86]","1009","1500 [1100–1800]"
"Timor-Leste","2021","55 [44–67]","774","1400 [1100–1700]"
"Timor-Leste","2020","47 [38–56]","626","1300 [1100–1600]"
"Timor-Leste","2019","41 [33–48]","524","1300 [1000–1500]"
"Timor-Leste","2018","32 [26–38]","387","1200 [1000–1500]"
"Timor-Leste","2017","25 [20–29]","287","1200 [960–1400]"
"Timor-Leste","2016","22 [18–27]","249","1100 [900–1300]"
"Timor-Leste","2015","19 [15–23]","201","1100 [850–1300]"
"Timor-Leste","2014","18 [14–22]","176","990 [800–1200]"
"Timor-Leste","2013","15 [12–18]","140","940 [750–1200]"
"Timor-Leste","2012","9 [8–12]","84","890 [710–1100]"
"Timor-Leste","2011","6 [5–8]","52","840 [660–1000]"
"Timor-Leste","2010","6 [5–8]","51","790 [610–1000]"
"Timor-Leste","2009","4 [3–5]","31","740 [570–940]"
"Timor-Leste","2008","4 [3–5]","28","700 [530–890]"
"Timor-Leste","2007","No data","No data","660 [<500–850]"
"Timor-Leste","2006","No data","No data","620 [<500–810]"
"Timor-Leste","2005","No data","No data","580 [<500–760]"
"Timor-Leste","2004","0 [0–0]","0","540 [<500–710]"
"Timor-Leste","2003","0 [0–0]","0","510 [<500–670]"
"Timor-Leste","2002","0 [0–0]","0","<500 [<500–630]"
"Timor-Leste","2001","0 [0–0]","0","<500 [<500–590]"
"Timor-Leste","2000","0 [0–0]","0","<500 [<500–550]"
"Togo","2022","82 [69–98]","86879","110 000 [90 000–130 000]"
"Togo","2021","76 [64–91]","81120","110 000 [91 000–130 000]"
"Togo","2020","74 [64–89]","80160","110 000 [92 000–130 000]"
"Togo","2019","69 [60–83]","75143","110 000 [93 000–130 000]"
"Togo","2018","60 [52–71]","65213","110 000 [94 000–130 000]"
"Togo","2017","54 [47–64]","59752","110 000 [95 000–130 000]"
"Togo","2016","46 [40–55]","51320","110 000 [97 000–130 000]"
"Togo","2015","39 [34–46]","43603","110 000 [98 000–130 000]"
"Togo","2014","33 [29–39]","37511","110 000 [98 000–130 000]"
"Togo","2013","30 [26–36]","34491","110 000 [99 000–130 000]"
"Togo","2012","26 [23–31]","30334","120 000 [100 000–140 000]"
"Togo","2011","24 [20–28]","27369","120 000 [100 000–140 000]"
"Togo","2010","20 [17–24]","23278","120 000 [100 000–140 000]"
"Togo","2009","13 [11–15]","15197","120 000 [100 000–140 000]"
"Togo","2008","8 [7–10]","9907","120 000 [100 000–140 000]"
"Togo","2007","6 [5–7]","7199","120 000 [100 000–140 000]"
"Togo","2006","5 [4–6]","6385","120 000 [100 000–140 000]"
"Togo","2005","4 [4–5]","5130","120 000 [100 000–140 000]"
"Togo","2004","2 [1–2]","1961","120 000 [100 000–150 000]"
"Togo","2003","1 [1–1]","1002","120 000 [100 000–150 000]"
"Togo","2002","0 [0–0]","142","120 000 [98 000–150 000]"
"Togo","2001","0 [0–0]","0","120 000 [96 000–140 000]"
"Togo","2000","0 [0–0]","0","110 000 [93 000–140 000]"
"Tonga","2022","No data","No data","No data"
"Tonga","2021","No data","No data","No data"
"Tonga","2020","No data","No data","No data"
"Tonga","2019","No data","No data","No data"
"Tonga","2018","No data","No data","No data"
"Tonga","2017","No data","No data","No data"
"Tonga","2016","No data","No data","No data"
"Tonga","2015","No data","No data","No data"
"Tonga","2014","No data","No data","No data"
"Tonga","2013","No data","No data","No data"
"Tonga","2012","No data","No data","No data"
"Tonga","2011","No data","No data","No data"
"Tonga","2010","No data","No data","No data"
"Tonga","2009","No data","No data","No data"
"Tonga","2008","No data","No data","No data"
"Tonga","2007","No data","No data","No data"
"Tonga","2006","No data","No data","No data"
"Tonga","2005","No data","No data","No data"
"Tonga","2004","No data","No data","No data"
"Tonga","2003","No data","No data","No data"
"Tonga","2002","No data","No data","No data"
"Tonga","2001","No data","No data","No data"
"Tonga","2000","No data","No data","No data"
"Trinidad and Tobago","2022","60 [53–69]","7144","12 000 [10 000–14 000]"
"Trinidad and Tobago","2021","61 [54–69]","7217","12 000 [10 000–13 000]"
"Trinidad and Tobago","2020","62 [56–70]","7268","12 000 [11 000–13 000]"
"Trinidad and Tobago","2019","67 [61–75]","7834","12 000 [11 000–13 000]"
"Trinidad and Tobago","2018","61 [56–69]","7312","12 000 [11 000–13 000]"
"Trinidad and Tobago","2017","57 [52–64]","6693","12 000 [11 000–13 000]"
"Trinidad and Tobago","2016","57 [52–63]","6700","12 000 [11 000–13 000]"
"Trinidad and Tobago","2015","57 [52–63]","6720","12 000 [11 000–13 000]"
"Trinidad and Tobago","2014","54 [50–60]","6399","12 000 [11 000–13 000]"
"Trinidad and Tobago","2013","52 [47–58]","6134","12 000 [11 000–13 000]"
"Trinidad and Tobago","2012","47 [43–53]","5565","12 000 [11 000–13 000]"
"Trinidad and Tobago","2011","42 [38–47]","4947","12 000 [11 000–13 000]"
"Trinidad and Tobago","2010","39 [35–44]","4571","12 000 [11 000–13 000]"
"Trinidad and Tobago","2009","30 [28–34]","3592","12 000 [11 000–13 000]"
"Trinidad and Tobago","2008","24 [21–27]","2810","12 000 [11 000–13 000]"
"Trinidad and Tobago","2007","20 [18–22]","2379","12 000 [11 000–13 000]"
"Trinidad and Tobago","2006","16 [15–18]","1949","12 000 [11 000–13 000]"
"Trinidad and Tobago","2005","13 [12–14]","1531","12 000 [11 000–13 000]"
"Trinidad and Tobago","2004","9 [8–11]","1101","12 000 [11 000–13 000]"
"Trinidad and Tobago","2003","6 [5–7]","671","12 000 [10 000–13 000]"
"Trinidad and Tobago","2002","3 [2–3]","309","11 000 [9600–13 000]"
"Trinidad and Tobago","2001","1 [0–1]","67","11 000 [8700–13 000]"
"Trinidad and Tobago","2000","0 [0–0]","9","10 000 [7600–13 000]"
"Tunisia","2022","26 [19–37]","1847","7100 [5200–10 000]"
"Tunisia","2021","22 [16–32]","1550","6900 [5000–9700]"
"Tunisia","2020","22 [16–31]","1446","6700 [4900–9500]"
"Tunisia","2019","20 [14–28]","1287","6500 [4700–9200]"
"Tunisia","2018","17 [12–24]","1084","6400 [4600–9000]"
"Tunisia","2017","15 [11–21]","920","6300 [4500–8900]"
"Tunisia","2016","14 [10–20]","866","6100 [4300–8900]"
"Tunisia","2015","12 [9–18]","734","6000 [4200–8800]"
"Tunisia","2014","11 [8–16]","651","5800 [4100–8500]"
"Tunisia","2013","10 [7–14]","546","5600 [3900–8200]"
"Tunisia","2012","8 [6–12]","455","5400 [3800–7900]"
"Tunisia","2011","9 [6–14]","480","5100 [3500–7500]"
"Tunisia","2010","9 [6–13]","412","4700 [3300–7000]"
"Tunisia","2009","8 [6–12]","344","4300 [3100–6400]"
"Tunisia","2008","6 [5–9]","254","3900 [2800–5800]"
"Tunisia","2007","6 [4–9]","204","3500 [2500–5100]"
"Tunisia","2006","5 [4–8]","160","3100 [2100–4400]"
"Tunisia","2005","5 [3–7]","130","2700 [1800–4000]"
"Tunisia","2004","4 [3–6]","92","2300 [1500–3500]"
"Tunisia","2003","3 [2–5]","69","2000 [1300–3000]"
"Tunisia","2002","3 [2–4]","49","1800 [1100–2500]"
"Tunisia","2001","2 [1–3]","33","1500 [930–2100]"
"Tunisia","2000","0 [0–0]","0","1300 [800–1800]"
"Turkmenistan","2022","No data","No data","No data"
"Turkmenistan","2021","No data","No data","No data"
"Turkmenistan","2020","No data","No data","No data"
"Turkmenistan","2019","No data","No data","No data"
"Turkmenistan","2018","No data","No data","No data"
"Turkmenistan","2017","No data","No data","No data"
"Turkmenistan","2016","No data","No data","No data"
"Turkmenistan","2015","No data","No data","No data"
"Turkmenistan","2014","No data","No data","No data"
"Turkmenistan","2013","No data","No data","No data"
"Turkmenistan","2012","No data","No data","No data"
"Turkmenistan","2011","No data","No data","No data"
"Turkmenistan","2010","No data","No data","No data"
"Turkmenistan","2009","No data","No data","No data"
"Turkmenistan","2008","No data","No data","No data"
"Turkmenistan","2007","No data","No data","No data"
"Turkmenistan","2006","No data","No data","No data"
"Turkmenistan","2005","No data","No data","No data"
"Turkmenistan","2004","No data","No data","No data"
"Turkmenistan","2003","No data","No data","No data"
"Turkmenistan","2002","No data","No data","No data"
"Turkmenistan","2001","No data","No data","No data"
"Turkmenistan","2000","No data","No data","No data"
"Tuvalu","2022","No data","No data","No data"
"Tuvalu","2021","No data","No data","No data"
"Tuvalu","2020","No data","No data","No data"
"Tuvalu","2019","No data","No data","No data"
"Tuvalu","2018","No data","No data","No data"
"Tuvalu","2017","No data","No data","No data"
"Tuvalu","2016","No data","No data","No data"
"Tuvalu","2015","No data","No data","No data"
"Tuvalu","2014","No data","No data","No data"
"Tuvalu","2013","No data","No data","No data"
"Tuvalu","2012","No data","No data","No data"
"Tuvalu","2011","No data","No data","No data"
"Tuvalu","2010","No data","No data","No data"
"Tuvalu","2009","No data","No data","No data"
"Tuvalu","2008","No data","No data","No data"
"Tuvalu","2007","No data","No data","No data"
"Tuvalu","2006","No data","No data","No data"
"Tuvalu","2005","No data","No data","No data"
"Tuvalu","2004","No data","No data","No data"
"Tuvalu","2003","No data","No data","No data"
"Tuvalu","2002","No data","No data","No data"
"Tuvalu","2001","No data","No data","No data"
"Tuvalu","2000","No data","No data","No data"
"Uganda","2022","84 [79–93]","1210906","1 400 000 [1 300 000–1 600 000]"
"Uganda","2021","83 [78–91]","1168907","1 400 000 [1 300 000–1 600 000]"
"Uganda","2020","81 [76–89]","1127429","1 400 000 [1 300 000–1 500 000]"
"Uganda","2019","80 [76–88]","1095714","1 400 000 [1 300 000–1 500 000]"
"Uganda","2018","78 [73–85]","1035987","1 300 000 [1 300 000–1 500 000]"
"Uganda","2017","73 [69–80]","950036","1 300 000 [1 200 000–1 400 000]"
"Uganda","2016","65 [61–70]","819209","1 300 000 [1 200 000–1 400 000]"
"Uganda","2015","58 [55–63]","713405","1 200 000 [1 200 000–1 300 000]"
"Uganda","2014","54 [52–59]","645114","1 200 000 [1 100 000–1 300 000]"
"Uganda","2013","45 [42–48]","512428","1 200 000 [1 100 000–1 200 000]"
"Uganda","2012","34 [32–36]","378079","1 100 000 [1 100 000–1 200 000]"
"Uganda","2011","25 [24–27]","275627","1 100 000 [1 000 000–1 200 000]"
"Uganda","2010","22 [21–24]","236956","1 100 000 [1 000 000–1 100 000]"
"Uganda","2009","18 [17–19]","185973","1 000 000 [990 000–1 100 000]"
"Uganda","2008","16 [15–16]","156794","1 000 000 [960 000–1 100 000]"
"Uganda","2007","11 [11–12]","111232","990 000 [940 000–1 000 000]"
"Uganda","2006","9 [9–10]","89193","970 000 [930 000–1 000 000]"
"Uganda","2005","9 [9–10]","89000","960 000 [910 000–1 000 000]"
"Uganda","2004","5 [5–6]","50291","940 000 [900 000–1 000 000]"
"Uganda","2003","2 [2–2]","20000","940 000 [890 000–990 000]"
"Uganda","2002","1 [1–2]","13250","930 000 [880 000–990 000]"
"Uganda","2001","1 [1–1]","6500","930 000 [880 000–1 000 000]"
"Uganda","2000","0 [0–0]","1066","930 000 [880 000–1 000 000]"
"Ukraine","2022","No data","147028","No data"
"Ukraine","2021","No data","152005","No data"
"Ukraine","2020","No data","146474","No data"
"Ukraine","2019","No data","136091","No data"
"Ukraine","2018","No data","122518","No data"
"Ukraine","2017","No data","104949","No data"
"Ukraine","2016","No data","91054","No data"
"Ukraine","2015","No data","66098","No data"
"Ukraine","2014","No data","66394","No data"
"Ukraine","2013","No data","55770","No data"
"Ukraine","2012","No data","41441","No data"
"Ukraine","2011","No data","27542","No data"
"Ukraine","2010","No data","22697","No data"
"Ukraine","2009","No data","16218","No data"
"Ukraine","2008","No data","10629","No data"
"Ukraine","2007","No data","7657","No data"
"Ukraine","2006","No data","4777","No data"
"Ukraine","2005","No data","3056","No data"
"Ukraine","2004","No data","1299","No data"
"Ukraine","2003","No data","0","No data"
"Ukraine","2002","No data","0","No data"
"Ukraine","2001","No data","0","No data"
"Ukraine","2000","No data","0","No data"
"United Arab Emirates","2022","47 [39–57]","756","1600 [1300–2000]"
"United Arab Emirates","2021","46 [38–56]","705","1500 [1300–1800]"
"United Arab Emirates","2020","32 [26–39]","461","1400 [1200–1700]"
"United Arab Emirates","2019","17 [14–20]","228","1400 [1100–1700]"
"United Arab Emirates","2018","16 [13–20]","218","1300 [1100–1600]"
"United Arab Emirates","2017","16 [13–19]","208","1300 [1100–1600]"
"United Arab Emirates","2016","14 [12–18]","184","1300 [1000–1600]"
"United Arab Emirates","2015","16 [13–19]","198","1200 [1000–1500]"
"United Arab Emirates","2014","16 [13–20]","196","1200 [970–1500]"
"United Arab Emirates","2013","24 [19–29]","277","1200 [930–1400]"
"United Arab Emirates","2012","24 [20–30]","268","1100 [880–1300]"
"United Arab Emirates","2011","19 [15–24]","203","1000 [840–1300]"
"United Arab Emirates","2010","18 [14–22]","181","1000 [790–1200]"
"United Arab Emirates","2009","17 [14–21]","163","950 [750–1200]"
"United Arab Emirates","2008","18 [14–22]","144","800 [640–990]"
"United Arab Emirates","2007","20 [16–24]","126","640 [510–790]"
"United Arab Emirates","2006","22 [17–27]","108","<500 [<500–610]"
"United Arab Emirates","2005","23 [18–29]","90","<500 [<500–<500]"
"United Arab Emirates","2004","22 [18–27]","72","<500 [<500–<500]"
"United Arab Emirates","2003","19 [15–23]","54","<500 [<500–<500]"
"United Arab Emirates","2002","15 [12–18]","36","<500 [<200–<500]"
"United Arab Emirates","2001","8 [7–10]","18","<500 [<200–<500]"
"United Arab Emirates","2000","0 [0–0]","0","<200 [<200–<500]"
"United Kingdom of Great Britain and Northern Ireland","2022","No data","No data","No data"
"United Kingdom of Great Britain and Northern Ireland","2021","No data","No data","No data"
"United Kingdom of Great Britain and Northern Ireland","2020","No data","No data","No data"
"United Kingdom of Great Britain and Northern Ireland","2019","No data","No data","No data"
"United Kingdom of Great Britain and Northern Ireland","2018","No data","No data","No data"
"United Kingdom of Great Britain and Northern Ireland","2017","No data","No data","No data"
"United Kingdom of Great Britain and Northern Ireland","2016","No data","No data","No data"
"United Kingdom of Great Britain and Northern Ireland","2015","No data","No data","No data"
"United Kingdom of Great Britain and Northern Ireland","2014","No data","No data","No data"
"United Kingdom of Great Britain and Northern Ireland","2013","No data","No data","No data"
"United Kingdom of Great Britain and Northern Ireland","2012","No data","No data","No data"
"United Kingdom of Great Britain and Northern Ireland","2011","No data","No data","No data"
"United Kingdom of Great Britain and Northern Ireland","2010","No data","No data","No data"
"United Kingdom of Great Britain and Northern Ireland","2009","No data","No data","No data"
"United Kingdom of Great Britain and Northern Ireland","2008","No data","No data","No data"
"United Kingdom of Great Britain and Northern Ireland","2007","No data","No data","No data"
"United Kingdom of Great Britain and Northern Ireland","2006","No data","No data","No data"
"United Kingdom of Great Britain and Northern Ireland","2005","No data","No data","No data"
"United Kingdom of Great Britain and Northern Ireland","2004","No data","No data","No data"
"United Kingdom of Great Britain and Northern Ireland","2003","No data","No data","No data"
"United Kingdom of Great Britain and Northern Ireland","2002","No data","No data","No data"
"United Kingdom of Great Britain and Northern Ireland","2001","No data","No data","No data"
"United Kingdom of Great Britain and Northern Ireland","2000","No data","No data","No data"
"United Republic of Tanzania","2022","94 [88–100]","1616952","1 700 000 [1 600 000–1 800 000]"
"United Republic of Tanzania","2021","88 [82–95]","1506011","1 700 000 [1 600 000–1 900 000]"
"United Republic of Tanzania","2020","83 [78–90]","1426700","1 700 000 [1 600 000–1 900 000]"
"United Republic of Tanzania","2019","75 [70–81]","1277863","1 700 000 [1 600 000–1 800 000]"
"United Republic of Tanzania","2018","66 [62–71]","1109415","1 700 000 [1 600 000–1 800 000]"
"United Republic of Tanzania","2017","62 [58–67]","1026719","1 700 000 [1 500 000–1 800 000]"
"United Republic of Tanzania","2016","53 [50–57]","851057","1 600 000 [1 500 000–1 700 000]"
"United Republic of Tanzania","2015","48 [45–51]","744072","1 600 000 [1 500 000–1 700 000]"
"United Republic of Tanzania","2014","43 [40–46]","643682","1 500 000 [1 400 000–1 600 000]"
"United Republic of Tanzania","2013","35 [33–37]","515482","1 500 000 [1 400 000–1 600 000]"
"United Republic of Tanzania","2012","30 [29–32]","433578","1 400 000 [1 300 000–1 500 000]"
"United Republic of Tanzania","2011","19 [18–21]","268557","1 400 000 [1 300 000–1 500 000]"
"United Republic of Tanzania","2010","18 [17–19]","244225","1 400 000 [1 300 000–1 500 000]"
"United Republic of Tanzania","2009","15 [14–16]","200188","1 400 000 [1 300 000–1 500 000]"
"United Republic of Tanzania","2008","11 [11–12]","154960","1 400 000 [1 300 000–1 500 000]"
"United Republic of Tanzania","2007","10 [10–11]","135924","1 300 000 [1 300 000–1 400 000]"
"United Republic of Tanzania","2006","5 [4–5]","60520","1 300 000 [1 300 000–1 400 000]"
"United Republic of Tanzania","2005","1 [1–2]","19712","1 300 000 [1 300 000–1 400 000]"
"United Republic of Tanzania","2004","1 [0–1]","6962","1 400 000 [1 300 000–1 500 000]"
"United Republic of Tanzania","2003","0 [0–0]","5570","1 400 000 [1 300 000–1 500 000]"
"United Republic of Tanzania","2002","0 [0–0]","4177","1 400 000 [1 300 000–1 500 000]"
"United Republic of Tanzania","2001","0 [0–0]","2785","1 400 000 [1 300 000–1 500 000]"
"United Republic of Tanzania","2000","0 [0–0]","1392","1 400 000 [1 300 000–1 500 000]"
"United States of America","2022","No data","No data","No data"
"United States of America","2021","No data","No data","No data"
"United States of America","2020","No data","No data","No data"
"United States of America","2019","No data","No data","No data"
"United States of America","2018","No data","No data","No data"
"United States of America","2017","No data","No data","No data"
"United States of America","2016","No data","No data","No data"
"United States of America","2015","No data","No data","No data"
"United States of America","2014","No data","No data","No data"
"United States of America","2013","No data","No data","No data"
"United States of America","2012","No data","No data","No data"
"United States of America","2011","No data","No data","No data"
"United States of America","2010","No data","No data","No data"
"United States of America","2009","No data","No data","No data"
"United States of America","2008","No data","No data","No data"
"United States of America","2007","No data","No data","No data"
"United States of America","2006","No data","No data","No data"
"United States of America","2005","No data","No data","No data"
"United States of America","2004","No data","No data","No data"
"United States of America","2003","No data","No data","No data"
"United States of America","2002","No data","No data","No data"
"United States of America","2001","No data","No data","No data"
"United States of America","2000","No data","No data","No data"
"Uruguay","2022","74 [66–80]","11225","15 000 [14 000–17 000]"
"Uruguay","2021","70 [63–76]","10342","15 000 [13 000–16 000]"
"Uruguay","2020","63 [56–68]","8899","14 000 [13 000–15 000]"
"Uruguay","2019","64 [57–69]","8670","14 000 [12 000–15 000]"
"Uruguay","2018","63 [56–68]","8178","13 000 [12 000–14 000]"
"Uruguay","2017","57 [51–61]","7099","12 000 [11 000–13 000]"
"Uruguay","2016","54 [48–58]","6442","12 000 [11 000–13 000]"
"Uruguay","2015","54 [48–58]","6116","11 000 [10 000–12 000]"
"Uruguay","2014","53 [48–57]","5775","11 000 [9700–12 000]"
"Uruguay","2013","52 [46–56]","5317","10 000 [9100–11 000]"
"Uruguay","2012","34 [30–37]","3323","9800 [8700–10 000]"
"Uruguay","2011","36 [32–38]","3314","9300 [8300–10 000]"
"Uruguay","2010","34 [30–37]","3028","8800 [7800–9500]"
"Uruguay","2009","26 [23–28]","2197","8400 [7400–9000]"
"Uruguay","2008","26 [23–28]","2083","7900 [7000–8500]"
"Uruguay","2007","26 [23–28]","1927","7500 [6600–8000]"
"Uruguay","2006","25 [22–27]","1761","7000 [6200–7500]"
"Uruguay","2005","22 [20–24]","1472","6600 [5800–7100]"
"Uruguay","2004","21 [19–23]","1319","6200 [5500–6700]"
"Uruguay","2003","20 [18–22]","1167","5800 [5200–6300]"
"Uruguay","2002","19 [16–20]","1007","5400 [4800–5900]"
"Uruguay","2001","17 [15–18]","854","5000 [4400–5500]"
"Uruguay","2000","15 [13–17]","708","4700 [4100–5100]"
"Uzbekistan","2022","44 [39–50]","36488","82 000 [73 000–92 000]"
"Uzbekistan","2021","41 [37–45]","31950","78 000 [70 000–87 000]"
"Uzbekistan","2020","42 [38–46]","31037","74 000 [67 000–82 000]"
"Uzbekistan","2019","39 [35–42]","27125","70 000 [63 000–77 000]"
"Uzbekistan","2018","41 [37–44]","26733","66 000 [60 000–72 000]"
"Uzbekistan","2017","36 [33–39]","21654","60 000 [55 000–65 000]"
"Uzbekistan","2016","31 [28–33]","16978","55 000 [50 000–59 000]"
"Uzbekistan","2015","27 [24–29]","13100","49 000 [46 000–53 000]"
"Uzbekistan","2014","15 [14–16]","6681","44 000 [41 000–47 000]"
"Uzbekistan","2013","11 [10–12]","4154","39 000 [36 000–42 000]"
"Uzbekistan","2012","5 [5–5]","1694","34 000 [32 000–37 000]"
"Uzbekistan","2011","14 [13–16]","4190","29 000 [27 000–32 000]"
"Uzbekistan","2010","12 [11–14]","3080","25 000 [23 000–27 000]"
"Uzbekistan","2009","11 [10–12]","2226","21 000 [19 000–23 000]"
"Uzbekistan","2008","9 [8–10]","1488","17 000 [15 000–19 000]"
"Uzbekistan","2007","7 [6–8]","871","13 000 [11 000–16 000]"
"Uzbekistan","2006","4 [3–5]","373","10 000 [8600–13 000]"
"Uzbekistan","2005","0 [0–0]","0","7500 [6100–9800]"
"Uzbekistan","2004","0 [0–0]","0","5300 [4000–7300]"
"Uzbekistan","2003","0 [0–0]","0","3400 [2200–5100]"
"Uzbekistan","2002","0 [0–0]","0","2400 [1500–3900]"
"Uzbekistan","2001","0 [0–0]","0","1700 [930–3000]"
"Uzbekistan","2000","0 [0–0]","0","1100 [580–2300]"
"Vanuatu","2022","No data","No data","No data"
"Vanuatu","2021","No data","No data","No data"
"Vanuatu","2020","No data","No data","No data"
"Vanuatu","2019","No data","No data","No data"
"Vanuatu","2018","No data","No data","No data"
"Vanuatu","2017","No data","No data","No data"
"Vanuatu","2016","No data","No data","No data"
"Vanuatu","2015","No data","No data","No data"
"Vanuatu","2014","No data","No data","No data"
"Vanuatu","2013","No data","No data","No data"
"Vanuatu","2012","No data","No data","No data"
"Vanuatu","2011","No data","No data","No data"
"Vanuatu","2010","No data","No data","No data"
"Vanuatu","2009","No data","No data","No data"
"Vanuatu","2008","No data","No data","No data"
"Vanuatu","2007","No data","No data","No data"
"Vanuatu","2006","No data","No data","No data"
"Vanuatu","2005","No data","No data","No data"
"Vanuatu","2004","No data","No data","No data"
"Vanuatu","2003","No data","No data","No data"
"Vanuatu","2002","No data","No data","No data"
"Vanuatu","2001","No data","No data","No data"
"Vanuatu","2000","No data","No data","No data"
"Venezuela (Bolivarian Republic of)","2022","67 [60–75]","61781","92 000 [82 000–100 000]"
"Venezuela (Bolivarian Republic of)","2021","66 [59–73]","57314","87 000 [79 000–97 000]"
"Venezuela (Bolivarian Republic of)","2020","65 [58–72]","56038","87 000 [78 000–96 000]"
"Venezuela (Bolivarian Republic of)","2019","52 [47–57]","44912","86 000 [78 000–95 000]"
"Venezuela (Bolivarian Republic of)","2018","31 [29–35]","28354","90 000 [82 000–99 000]"
"Venezuela (Bolivarian Republic of)","2017","43 [39–47]","41007","95 000 [87 000–110 000]"
"Venezuela (Bolivarian Republic of)","2016","55 [50–60]","53278","97 000 [89 000–110 000]"
"Venezuela (Bolivarian Republic of)","2015","60 [55–66]","58303","97 000 [89 000–110 000]"
"Venezuela (Bolivarian Republic of)","2014","46 [42–51]","44600","96 000 [88 000–110 000]"
"Venezuela (Bolivarian Republic of)","2013","46 [42–50]","44047","97 000 [88 000–110 000]"
"Venezuela (Bolivarian Republic of)","2012","46 [42–50]","44004","97 000 [88 000–110 000]"
"Venezuela (Bolivarian Republic of)","2011","43 [39–46]","41226","96 000 [88 000–100 000]"
"Venezuela (Bolivarian Republic of)","2010","41 [37–44]","39255","96 000 [88 000–100 000]"
"Venezuela (Bolivarian Republic of)","2009","34 [31–37]","33223","97 000 [88 000–100 000]"
"Venezuela (Bolivarian Republic of)","2008","29 [26–31]","27866","97 000 [88 000–110 000]"
"Venezuela (Bolivarian Republic of)","2007","23 [21–26]","22816","98 000 [89 000–110 000]"
"Venezuela (Bolivarian Republic of)","2006","20 [18–22]","19582","98 000 [89 000–110 000]"
"Venezuela (Bolivarian Republic of)","2005","12 [11–14]","11917","97 000 [84 000–110 000]"
"Venezuela (Bolivarian Republic of)","2004","11 [10–13]","9686","84 000 [72 000–95 000]"
"Venezuela (Bolivarian Republic of)","2003","10 [9–12]","7454","72 000 [61 000–82 000]"
"Venezuela (Bolivarian Republic of)","2002","9 [7–10]","5223","61 000 [53 000–69 000]"
"Venezuela (Bolivarian Republic of)","2001","6 [5–7]","2993","51 000 [45 000–57 000]"
"Venezuela (Bolivarian Republic of)","2000","3 [2–3]","1100","43 000 [38 000–49 000]"
"Viet Nam","2022","73 [67–81]","183458","250 000 [230 000–270 000]"
"Viet Nam","2021","71 [65–78]","177901","250 000 [230 000–270 000]"
"Viet Nam","2020","68 [62–75]","169285","250 000 [230 000–270 000]"
"Viet Nam","2019","63 [58–70]","157007","250 000 [230 000–270 000]"
"Viet Nam","2018","60 [54–65]","146394","250 000 [220 000–270 000]"
"Viet Nam","2017","54 [49–59]","131421","240 000 [220 000–270 000]"
"Viet Nam","2016","52 [47–57]","125196","240 000 [220 000–260 000]"
"Viet Nam","2015","48 [44–53]","114902","240 000 [220 000–260 000]"
"Viet Nam","2014","42 [38–46]","97940","230 000 [210 000–250 000]"
"Viet Nam","2013","39 [35–43]","88732","230 000 [210 000–250 000]"
"Viet Nam","2012","35 [32–39]","77895","220 000 [200 000–240 000]"
"Viet Nam","2011","30 [27–33]","65464","220 000 [190 000–240 000]"
"Viet Nam","2010","25 [23–28]","53085","210 000 [190 000–230 000]"
"Viet Nam","2009","20 [18–22]","41013","200 000 [180 000–230 000]"
"Viet Nam","2008","15 [13–16]","29059","200 000 [170 000–220 000]"
"Viet Nam","2007","9 [8–10]","17212","190 000 [170 000–210 000]"
"Viet Nam","2006","4 [4–5]","8246","180 000 [160 000–210 000]"
"Viet Nam","2005","2 [1–2]","2697","180 000 [160 000–200 000]"
"Viet Nam","2004","0 [0–0]","516","170 000 [150 000–190 000]"
"Viet Nam","2003","0 [0–0]","200","160 000 [140 000–180 000]"
"Viet Nam","2002","0 [0–0]","50","150 000 [130 000–170 000]"
"Viet Nam","2001","0 [0–0]","0","140 000 [120 000–160 000]"
"Viet Nam","2000","0 [0–0]","0","120 000 [110 000–140 000]"
"Yemen","2022","39 [37–41]","3724","9500 [9000–10 000]"
"Yemen","2021","35 [33–37]","3191","9100 [8600–9500]"
"Yemen","2020","34 [32–35]","2927","8700 [8200–9100]"
"Yemen","2019","32 [30–34]","2672","8200 [7700–8600]"
"Yemen","2018","30 [28–31]","2326","7800 [7400–8200]"
"Yemen","2017","27 [26–29]","2031","7400 [7000–7700]"
"Yemen","2016","25 [24–26]","1750","7000 [6600–7300]"
"Yemen","2015","21 [20–22]","1397","6500 [6200–6800]"
"Yemen","2014","20 [19–21]","1220","6100 [5800–6400]"
"Yemen","2013","16 [15–16]","901","5700 [5400–5900]"
"Yemen","2012","14 [13–14]","721","5300 [5000–5500]"
"Yemen","2011","13 [12–13]","625","4900 [4700–5100]"
"Yemen","2010","11 [10–12]","501","4600 [4300–4800]"
"Yemen","2009","7 [6–7]","274","4200 [4000–4400]"
"Yemen","2008","5 [5–5]","189","3900 [3600–4100]"
"Yemen","2007","2 [2–2]","68","3600 [3400–3800]"
"Yemen","2006","0 [0–0]","0","3400 [3100–3500]"
"Yemen","2005","0 [0–0]","0","3100 [2900–3300]"
"Yemen","2004","0 [0–0]","0","2900 [2700–3100]"
"Yemen","2003","0 [0–0]","0","2700 [2500–2900]"
"Yemen","2002","0 [0–0]","0","2500 [2400–2700]"
"Yemen","2001","0 [0–0]","0","2400 [2200–2500]"
"Yemen","2000","0 [0–0]","0","2200 [2000–2300]"
"Zambia","2022","90 [86–96]","1269127","1 400 000 [1 300 000–1 500 000]"
"Zambia","2021","85 [81–90]","1197703","1 400 000 [1 300 000–1 500 000]"
"Zambia","2020","84 [80–90]","1179031","1 400 000 [1 300 000–1 500 000]"
"Zambia","2019","77 [74–83]","1072840","1 400 000 [1 300 000–1 500 000]"
"Zambia","2018","71 [67–75]","962540","1 400 000 [1 300 000–1 500 000]"
"Zambia","2017","64 [61–68]","850017","1 300 000 [1 300 000–1 400 000]"
"Zambia","2016","62 [59–66]","798723","1 300 000 [1 200 000–1 400 000]"
"Zambia","2015","61 [58–64]","758646","1 200 000 [1 200 000–1 300 000]"
"Zambia","2014","54 [51–57]","653701","1 200 000 [1 200 000–1 300 000]"
"Zambia","2013","48 [46–50]","559764","1 200 000 [1 100 000–1 200 000]"
"Zambia","2012","42 [41–45]","479881","1 100 000 [1 100 000–1 200 000]"
"Zambia","2011","39 [37–41]","423721","1 100 000 [1 100 000–1 100 000]"
"Zambia","2010","33 [32–35]","349076","1 100 000 [1 000 000–1 100 000]"
"Zambia","2009","28 [27–29]","285767","1 000 000 [980 000–1 100 000]"
"Zambia","2008","23 [22–24]","227976","980 000 [950 000–1 000 000]"
"Zambia","2007","17 [17–18]","163843","950 000 [920 000–1 000 000]"
"Zambia","2006","9 [9–10]","85882","920 000 [890 000–970 000]"
"Zambia","2005","6 [6–7]","57165","900 000 [870 000–950 000]"
"Zambia","2004","3 [3–4]","29998","880 000 [850 000–930 000]"
"Zambia","2003","2 [2–2]","15328","870 000 [830 000–910 000]"
"Zambia","2002","0 [0–0]","142","850 000 [810 000–900 000]"
"Zambia","2001","0 [0–0]","0","830 000 [800 000–890 000]"
"Zambia","2000","0 [0–0]","0","810 000 [770 000–870 000]"
"Zimbabwe","2022","94 [86–100]","1233619","1 300 000 [1 200 000–1 400 000]"
"Zimbabwe","2021","90 [82–98]","1188636","1 300 000 [1 200 000–1 400 000]"
"Zimbabwe","2020","89 [82–97]","1188470","1 300 000 [1 200 000–1 500 000]"
"Zimbabwe","2019","85 [78–93]","1148310","1 300 000 [1 200 000–1 500 000]"
"Zimbabwe","2018","80 [73–87]","1084411","1 400 000 [1 200 000–1 500 000]"
"Zimbabwe","2017","77 [71–84]","1046281","1 400 000 [1 200 000–1 500 000]"
"Zimbabwe","2016","68 [62–73]","919162","1 400 000 [1 200 000–1 500 000]"
"Zimbabwe","2015","62 [57–67]","835473","1 400 000 [1 200 000–1 500 000]"
"Zimbabwe","2014","56 [52–61]","758664","1 300 000 [1 200 000–1 500 000]"
"Zimbabwe","2013","50 [46–54]","665199","1 300 000 [1 200 000–1 400 000]"
"Zimbabwe","2012","43 [40–47]","565665","1 300 000 [1 200 000–1 400 000]"
"Zimbabwe","2011","37 [34–41]","484656","1 300 000 [1 200 000–1 400 000]"
"Zimbabwe","2010","28 [26–31]","363261","1 300 000 [1 200 000–1 400 000]"
"Zimbabwe","2009","17 [16–19]","221268","1 300 000 [1 200 000–1 400 000]"
"Zimbabwe","2008","12 [11–13]","149213","1 300 000 [1 200 000–1 400 000]"
"Zimbabwe","2007","8 [7–8]","99908","1 300 000 [1 200 000–1 400 000]"
"Zimbabwe","2006","5 [4–5]","60309","1 300 000 [1 200 000–1 400 000]"
"Zimbabwe","2005","2 [2–2]","27675","1 400 000 [1 200 000–1 500 000]"
"Zimbabwe","2004","1 [1–1]","11768","1 400 000 [1 300 000–1 500 000]"
"Zimbabwe","2003","0 [0–0]","0","1 400 000 [1 300 000–1 600 000]"
"Zimbabwe","2002","0 [0–0]","0","1 500 000 [1 400 000–1 600 000]"
"Zimbabwe","2001","0 [0–0]","0","1 500 000 [1 400 000–1 700 000]"
"Zimbabwe","2000","0 [0–0]","0","1 600 000 [1 400 000–1 700 000]"
