Entity,Code,Year,Children orphaned due to AIDS deaths - Disaggregation: 0-17 estimate
Afghanistan,AFG,1990,157
Afghanistan,AFG,1991,223
Afghanistan,AFG,1992,312
Afghanistan,AFG,1993,427
Afghanistan,AFG,1994,572
Afghanistan,AFG,1995,745
Afghanistan,AFG,1996,947
Afghanistan,AFG,1997,1171
Afghanistan,AFG,1998,1419
Afghanistan,AFG,1999,1692
Afghanistan,AFG,2000,1994
Afghanistan,AFG,2001,2327
Afghanistan,AFG,2002,2698
Afghanistan,AFG,2003,3110
Afghanistan,AFG,2004,3564
Afghanistan,AFG,2005,4053
Afghanistan,AFG,2006,4571
Afghanistan,AFG,2007,5113
Afghanistan,AFG,2008,5670
Afghanistan,AFG,2009,6234
Afghanistan,AFG,2010,6792
Afghanistan,AFG,2011,7344
Afghanistan,AFG,2012,7887
Afghanistan,AFG,2013,8425
Afghanistan,AFG,2014,8961
Afghanistan,AFG,2015,9476
Afghanistan,AFG,2016,9964
Afghanistan,AFG,2017,10416
Afghanistan,AFG,2018,10811
Afghanistan,AFG,2019,11211
Afghanistan,AFG,2020,11593
Afghanistan,AFG,2021,11960
Afghanistan,AFG,2022,12288
Albania,ALB,1990,1
Albania,ALB,1991,2
Albania,ALB,1992,2
Albania,ALB,1993,3
Albania,ALB,1994,4
Albania,ALB,1995,5
Albania,ALB,1996,6
Albania,ALB,1997,8
Albania,ALB,1998,11
Albania,ALB,1999,14
Albania,ALB,2000,17
Albania,ALB,2001,22
Albania,ALB,2002,27
Albania,ALB,2003,34
Albania,ALB,2004,41
Albania,ALB,2005,48
Albania,ALB,2006,58
Albania,ALB,2007,69
Albania,ALB,2008,81
Albania,ALB,2009,92
Albania,ALB,2010,104
Albania,ALB,2011,121
Albania,ALB,2012,134
Albania,ALB,2013,143
Albania,ALB,2014,145
Albania,ALB,2015,153
Albania,ALB,2016,159
Albania,ALB,2017,163
Albania,ALB,2018,169
Albania,ALB,2019,189
Albania,ALB,2020,215
Albania,ALB,2021,232
Albania,ALB,2022,240
Algeria,DZA,1990,94
Algeria,DZA,1991,127
Algeria,DZA,1992,169
Algeria,DZA,1993,218
Algeria,DZA,1994,276
Algeria,DZA,1995,342
Algeria,DZA,1996,417
Algeria,DZA,1997,497
Algeria,DZA,1998,580
Algeria,DZA,1999,648
Algeria,DZA,2000,723
Algeria,DZA,2001,816
Algeria,DZA,2002,915
Algeria,DZA,2003,1023
Algeria,DZA,2004,1136
Algeria,DZA,2005,1249
Algeria,DZA,2006,1361
Algeria,DZA,2007,1466
Algeria,DZA,2008,1608
Algeria,DZA,2009,1781
Algeria,DZA,2010,1956
Algeria,DZA,2011,2120
Algeria,DZA,2012,2332
Algeria,DZA,2013,2576
Algeria,DZA,2014,2820
Algeria,DZA,2015,3055
Algeria,DZA,2016,3261
Algeria,DZA,2017,3444
Algeria,DZA,2018,3648
Algeria,DZA,2019,3856
Algeria,DZA,2020,4066
Algeria,DZA,2021,4342
Algeria,DZA,2022,4606
Angola,AGO,1990,5092
Angola,AGO,1991,6518
Angola,AGO,1992,8260
Angola,AGO,1993,10397
Angola,AGO,1994,12968
Angola,AGO,1995,16060
Angola,AGO,1996,19694
Angola,AGO,1997,23918
Angola,AGO,1998,28718
Angola,AGO,1999,34163
Angola,AGO,2000,40291
Angola,AGO,2001,47126
Angola,AGO,2002,54710
Angola,AGO,2003,62922
Angola,AGO,2004,71761
Angola,AGO,2005,81284
Angola,AGO,2006,91467
Angola,AGO,2007,101902
Angola,AGO,2008,113123
Angola,AGO,2009,125046
Angola,AGO,2010,137782
Angola,AGO,2011,151274
Angola,AGO,2012,165852
Angola,AGO,2013,181423
Angola,AGO,2014,195454
Angola,AGO,2015,208623
Angola,AGO,2016,222279
Angola,AGO,2017,237788
Angola,AGO,2018,252887
Angola,AGO,2019,267257
Angola,AGO,2020,281271
Angola,AGO,2021,291536
Angola,AGO,2022,298065
Argentina,ARG,1990,470
Argentina,ARG,1991,806
Argentina,ARG,1992,1302
Argentina,ARG,1993,1985
Argentina,ARG,1994,2889
Argentina,ARG,1995,4041
Argentina,ARG,1996,5458
Argentina,ARG,1997,7139
Argentina,ARG,1998,9067
Argentina,ARG,1999,10747
Argentina,ARG,2000,12410
Argentina,ARG,2001,13935
Argentina,ARG,2002,15450
Argentina,ARG,2003,16992
Argentina,ARG,2004,18576
Argentina,ARG,2005,20178
Argentina,ARG,2006,21775
Argentina,ARG,2007,23454
Argentina,ARG,2008,24775
Argentina,ARG,2009,25971
Argentina,ARG,2010,27154
Argentina,ARG,2011,28194
Argentina,ARG,2012,29037
Argentina,ARG,2013,29632
Argentina,ARG,2014,30178
Argentina,ARG,2015,30585
Argentina,ARG,2016,30900
Argentina,ARG,2017,31232
Argentina,ARG,2018,31587
Argentina,ARG,2019,31884
Argentina,ARG,2020,31928
Argentina,ARG,2021,31624
Argentina,ARG,2022,30917
Armenia,ARM,1990,0
Armenia,ARM,1991,0
Armenia,ARM,1992,0
Armenia,ARM,1993,0
Armenia,ARM,1994,0
Armenia,ARM,1995,0
Armenia,ARM,1996,1
Armenia,ARM,1997,1
Armenia,ARM,1998,2
Armenia,ARM,1999,4
Armenia,ARM,2000,6
Armenia,ARM,2001,9
Armenia,ARM,2002,14
Armenia,ARM,2003,22
Armenia,ARM,2004,32
Armenia,ARM,2005,45
Armenia,ARM,2006,58
Armenia,ARM,2007,74
Armenia,ARM,2008,95
Armenia,ARM,2009,122
Armenia,ARM,2010,151
Armenia,ARM,2011,185
Armenia,ARM,2012,227
Armenia,ARM,2013,279
Armenia,ARM,2014,338
Armenia,ARM,2015,403
Armenia,ARM,2016,473
Armenia,ARM,2017,545
Armenia,ARM,2018,617
Armenia,ARM,2019,686
Armenia,ARM,2020,754
Armenia,ARM,2021,841
Armenia,ARM,2022,921
Asia and the Pacific (UNAIDS),,1990,27439
Asia and the Pacific (UNAIDS),,1991,47332
Asia and the Pacific (UNAIDS),,1992,79964
Asia and the Pacific (UNAIDS),,1993,129935
Asia and the Pacific (UNAIDS),,1994,202175
Asia and the Pacific (UNAIDS),,1995,302237
Asia and the Pacific (UNAIDS),,1996,432745
Asia and the Pacific (UNAIDS),,1997,592718
Asia and the Pacific (UNAIDS),,1998,780479
Asia and the Pacific (UNAIDS),,1999,990789
Asia and the Pacific (UNAIDS),,2000,1221154
Asia and the Pacific (UNAIDS),,2001,1465482
Asia and the Pacific (UNAIDS),,2002,1715179
Asia and the Pacific (UNAIDS),,2003,1953611
Asia and the Pacific (UNAIDS),,2004,2173260
Asia and the Pacific (UNAIDS),,2005,2361320
Asia and the Pacific (UNAIDS),,2006,2516122
Asia and the Pacific (UNAIDS),,2007,2645853
Asia and the Pacific (UNAIDS),,2008,2744858
Asia and the Pacific (UNAIDS),,2009,2819812
Asia and the Pacific (UNAIDS),,2010,2871753
Asia and the Pacific (UNAIDS),,2011,2905779
Asia and the Pacific (UNAIDS),,2012,2920919
Asia and the Pacific (UNAIDS),,2013,2921058
Asia and the Pacific (UNAIDS),,2014,2898160
Asia and the Pacific (UNAIDS),,2015,2876029
Asia and the Pacific (UNAIDS),,2016,2845098
Asia and the Pacific (UNAIDS),,2017,2799434
Asia and the Pacific (UNAIDS),,2018,2749683
Asia and the Pacific (UNAIDS),,2019,2669326
Asia and the Pacific (UNAIDS),,2020,2564091
Asia and the Pacific (UNAIDS),,2021,2481935
Asia and the Pacific (UNAIDS),,2022,2408430
Australia,AUS,1990,1806
Australia,AUS,1991,2243
Australia,AUS,1992,2692
Australia,AUS,1993,3136
Australia,AUS,1994,3563
Australia,AUS,1995,3949
Australia,AUS,1996,4291
Australia,AUS,1997,4281
Australia,AUS,1998,4129
Australia,AUS,1999,3876
Australia,AUS,2000,3567
Australia,AUS,2001,3242
Australia,AUS,2002,2927
Australia,AUS,2003,2701
Australia,AUS,2004,2532
Australia,AUS,2005,2417
Australia,AUS,2006,2249
Australia,AUS,2007,2041
Australia,AUS,2008,1903
Australia,AUS,2009,1887
Australia,AUS,2010,1860
Australia,AUS,2011,1720
Australia,AUS,2012,1584
Australia,AUS,2013,1449
Australia,AUS,2014,1319
Australia,AUS,2015,1199
Australia,AUS,2016,1087
Australia,AUS,2017,983
Australia,AUS,2018,885
Australia,AUS,2019,794
Australia,AUS,2020,709
Australia,AUS,2021,635
Azerbaijan,AZE,1990,64
Azerbaijan,AZE,1991,82
Azerbaijan,AZE,1992,101
Azerbaijan,AZE,1993,123
Azerbaijan,AZE,1994,148
Azerbaijan,AZE,1995,176
Azerbaijan,AZE,1996,209
Azerbaijan,AZE,1997,228
Azerbaijan,AZE,1998,254
Azerbaijan,AZE,1999,252
Azerbaijan,AZE,2000,283
Azerbaijan,AZE,2001,357
Azerbaijan,AZE,2002,450
Azerbaijan,AZE,2003,563
Azerbaijan,AZE,2004,695
Azerbaijan,AZE,2005,846
Azerbaijan,AZE,2006,1011
Azerbaijan,AZE,2007,1192
Azerbaijan,AZE,2008,1368
Azerbaijan,AZE,2009,1551
Azerbaijan,AZE,2010,1741
Azerbaijan,AZE,2011,1916
Azerbaijan,AZE,2012,2067
Azerbaijan,AZE,2013,2232
Azerbaijan,AZE,2014,2378
Azerbaijan,AZE,2015,2484
Azerbaijan,AZE,2016,2550
Azerbaijan,AZE,2017,2596
Azerbaijan,AZE,2018,2612
Azerbaijan,AZE,2019,2569
Azerbaijan,AZE,2020,2437
Azerbaijan,AZE,2021,2292
Azerbaijan,AZE,2022,2128
Bahamas,BHS,1990,238
Bahamas,BHS,1991,304
Bahamas,BHS,1992,386
Bahamas,BHS,1993,484
Bahamas,BHS,1994,596
Bahamas,BHS,1995,723
Bahamas,BHS,1996,862
Bahamas,BHS,1997,1010
Bahamas,BHS,1998,1165
Bahamas,BHS,1999,1319
Bahamas,BHS,2000,1468
Bahamas,BHS,2001,1610
Bahamas,BHS,2002,1741
Bahamas,BHS,2003,1854
Bahamas,BHS,2004,1893
Bahamas,BHS,2005,1929
Bahamas,BHS,2006,1957
Bahamas,BHS,2007,1952
Bahamas,BHS,2008,1942
Bahamas,BHS,2009,1917
Bahamas,BHS,2010,1841
Bahamas,BHS,2011,1797
Bahamas,BHS,2012,1778
Bahamas,BHS,2013,1773
Bahamas,BHS,2014,1740
Bahamas,BHS,2015,1647
Bahamas,BHS,2016,1593
Bahamas,BHS,2017,1550
Bahamas,BHS,2018,1418
Bahamas,BHS,2019,1292
Bangladesh,BGD,1990,3
Bangladesh,BGD,1991,6
Bangladesh,BGD,1992,9
Bangladesh,BGD,1993,13
Bangladesh,BGD,1994,19
Bangladesh,BGD,1995,27
Bangladesh,BGD,1996,37
Bangladesh,BGD,1997,51
Bangladesh,BGD,1998,70
Bangladesh,BGD,1999,95
Bangladesh,BGD,2000,126
Bangladesh,BGD,2001,168
Bangladesh,BGD,2002,223
Bangladesh,BGD,2003,299
Bangladesh,BGD,2004,401
Bangladesh,BGD,2005,532
Bangladesh,BGD,2006,694
Bangladesh,BGD,2007,887
Bangladesh,BGD,2008,1114
Bangladesh,BGD,2009,1356
Bangladesh,BGD,2010,1624
Bangladesh,BGD,2011,1927
Bangladesh,BGD,2012,2251
Bangladesh,BGD,2013,2600
Bangladesh,BGD,2014,2958
Bangladesh,BGD,2015,3328
Bangladesh,BGD,2016,3700
Bangladesh,BGD,2017,4062
Bangladesh,BGD,2018,4382
Bangladesh,BGD,2019,4690
Bangladesh,BGD,2020,4992
Bangladesh,BGD,2021,5228
Bangladesh,BGD,2022,5489
Barbados,BRB,1990,3
Barbados,BRB,1991,6
Barbados,BRB,1992,11
Barbados,BRB,1993,19
Barbados,BRB,1994,32
Barbados,BRB,1995,49
Barbados,BRB,1996,72
Barbados,BRB,1997,100
Barbados,BRB,1998,133
Barbados,BRB,1999,171
Barbados,BRB,2000,211
Barbados,BRB,2001,255
Barbados,BRB,2002,299
Barbados,BRB,2003,340
Barbados,BRB,2004,355
Barbados,BRB,2005,363
Barbados,BRB,2006,378
Barbados,BRB,2007,398
Barbados,BRB,2008,422
Barbados,BRB,2009,442
Barbados,BRB,2010,464
Barbados,BRB,2011,483
Barbados,BRB,2012,503
Barbados,BRB,2013,517
Barbados,BRB,2014,530
Barbados,BRB,2015,545
Barbados,BRB,2016,560
Barbados,BRB,2017,569
Barbados,BRB,2018,572
Barbados,BRB,2019,572
Barbados,BRB,2020,564
Barbados,BRB,2021,563
Barbados,BRB,2022,559
Belarus,BLR,1990,2
Belarus,BLR,1991,4
Belarus,BLR,1992,7
Belarus,BLR,1993,10
Belarus,BLR,1994,16
Belarus,BLR,1995,22
Belarus,BLR,1996,31
Belarus,BLR,1997,43
Belarus,BLR,1998,58
Belarus,BLR,1999,77
Belarus,BLR,2000,100
Belarus,BLR,2001,129
Belarus,BLR,2002,164
Belarus,BLR,2003,207
Belarus,BLR,2004,259
Belarus,BLR,2005,321
Belarus,BLR,2006,397
Belarus,BLR,2007,466
Belarus,BLR,2008,552
Belarus,BLR,2009,666
Belarus,BLR,2010,805
Belarus,BLR,2011,963
Belarus,BLR,2012,1152
Belarus,BLR,2013,1354
Belarus,BLR,2014,1570
Belarus,BLR,2015,1833
Belarus,BLR,2016,2069
Belarus,BLR,2017,2309
Belarus,BLR,2018,2514
Belarus,BLR,2019,2652
Belarus,BLR,2020,2783
Belarus,BLR,2021,2875
Belarus,BLR,2022,2969
Belgium,BEL,1990,121
Belgium,BEL,1991,177
Belgium,BEL,1992,247
Belgium,BEL,1993,330
Belgium,BEL,1994,426
Belgium,BEL,1995,536
Belgium,BEL,1996,601
Belgium,BEL,1997,644
Belgium,BEL,1998,677
Belgium,BEL,1999,704
Belgium,BEL,2000,732
Belgium,BEL,2001,759
Belgium,BEL,2002,788
Belgium,BEL,2003,819
Belgium,BEL,2004,854
Belgium,BEL,2005,894
Belgium,BEL,2006,942
Belgium,BEL,2007,1001
Belgium,BEL,2008,1008
Belgium,BEL,2009,981
Belgium,BEL,2010,927
Belgium,BEL,2011,858
Belgium,BEL,2012,787
Belgium,BEL,2013,716
Belgium,BEL,2014,649
Belgium,BEL,2015,585
Belgium,BEL,2016,524
Belgium,BEL,2017,466
Belgium,BEL,2018,412
Belgium,BEL,2019,364
Belgium,BEL,2020,322
Belgium,BEL,2021,288
Belgium,BEL,2022,254
Belize,BLZ,1990,5
Belize,BLZ,1991,8
Belize,BLZ,1992,13
Belize,BLZ,1993,21
Belize,BLZ,1994,33
Belize,BLZ,1995,51
Belize,BLZ,1996,75
Belize,BLZ,1997,110
Belize,BLZ,1998,156
Belize,BLZ,1999,215
Belize,BLZ,2000,288
Belize,BLZ,2001,375
Belize,BLZ,2002,476
Belize,BLZ,2003,582
Belize,BLZ,2004,683
Belize,BLZ,2005,802
Belize,BLZ,2006,907
Belize,BLZ,2007,1012
Belize,BLZ,2008,1128
Belize,BLZ,2009,1243
Belize,BLZ,2010,1338
Belize,BLZ,2011,1431
Belize,BLZ,2012,1508
Belize,BLZ,2013,1589
Belize,BLZ,2014,1662
Belize,BLZ,2015,1738
Belize,BLZ,2016,1793
Belize,BLZ,2017,1825
Belize,BLZ,2018,1847
Belize,BLZ,2019,1846
Belize,BLZ,2020,1835
Belize,BLZ,2021,1808
Belize,BLZ,2022,1767
Benin,BEN,1990,2071
Benin,BEN,1991,2821
Benin,BEN,1992,3791
Benin,BEN,1993,5021
Benin,BEN,1994,6684
Benin,BEN,1995,8637
Benin,BEN,1996,10932
Benin,BEN,1997,13585
Benin,BEN,1998,16589
Benin,BEN,1999,19913
Benin,BEN,2000,23513
Benin,BEN,2001,27301
Benin,BEN,2002,31023
Benin,BEN,2003,34732
Benin,BEN,2004,38340
Benin,BEN,2005,41761
Benin,BEN,2006,45043
Benin,BEN,2007,48147
Benin,BEN,2008,50753
Benin,BEN,2009,50306
Benin,BEN,2010,49368
Benin,BEN,2011,48489
Benin,BEN,2012,47402
Benin,BEN,2013,46589
Benin,BEN,2014,47041
Benin,BEN,2015,47286
Benin,BEN,2016,47184
Benin,BEN,2017,46710
Benin,BEN,2018,46821
Benin,BEN,2019,47000
Benin,BEN,2020,45885
Benin,BEN,2021,44934
Benin,BEN,2022,43675
Bhutan,BTN,1990,6
Bhutan,BTN,1991,7
Bhutan,BTN,1992,9
Bhutan,BTN,1993,10
Bhutan,BTN,1994,11
Bhutan,BTN,1995,13
Bhutan,BTN,1996,15
Bhutan,BTN,1997,17
Bhutan,BTN,1998,21
Bhutan,BTN,1999,25
Bhutan,BTN,2000,32
Bhutan,BTN,2001,42
Bhutan,BTN,2002,56
Bhutan,BTN,2003,74
Bhutan,BTN,2004,97
Bhutan,BTN,2005,126
Bhutan,BTN,2006,159
Bhutan,BTN,2007,196
Bhutan,BTN,2008,235
Bhutan,BTN,2009,273
Bhutan,BTN,2010,311
Bhutan,BTN,2011,348
Bhutan,BTN,2012,382
Bhutan,BTN,2013,412
Bhutan,BTN,2014,436
Bhutan,BTN,2015,455
Bhutan,BTN,2016,465
Bhutan,BTN,2017,471
Bhutan,BTN,2018,468
Bhutan,BTN,2019,459
Bhutan,BTN,2020,453
Bhutan,BTN,2021,445
Bhutan,BTN,2022,433
Bolivia,BOL,1990,89
Bolivia,BOL,1991,141
Bolivia,BOL,1992,226
Bolivia,BOL,1993,366
Bolivia,BOL,1994,590
Bolivia,BOL,1995,913
Bolivia,BOL,1996,1343
Bolivia,BOL,1997,1882
Bolivia,BOL,1998,2531
Bolivia,BOL,1999,3277
Bolivia,BOL,2000,4104
Bolivia,BOL,2001,4994
Bolivia,BOL,2002,5916
Bolivia,BOL,2003,6853
Bolivia,BOL,2004,7784
Bolivia,BOL,2005,8691
Bolivia,BOL,2006,9539
Bolivia,BOL,2007,10336
Bolivia,BOL,2008,11084
Bolivia,BOL,2009,11773
Bolivia,BOL,2010,12343
Bolivia,BOL,2011,12938
Bolivia,BOL,2012,13560
Bolivia,BOL,2013,14007
Bolivia,BOL,2014,14454
Bolivia,BOL,2015,14854
Bolivia,BOL,2016,15107
Bolivia,BOL,2017,15328
Bolivia,BOL,2018,15531
Bolivia,BOL,2019,15444
Bolivia,BOL,2020,15324
Bolivia,BOL,2021,15197
Bolivia,BOL,2022,15013
Botswana,BWA,1990,2205
Botswana,BWA,1991,3735
Botswana,BWA,1992,6131
Botswana,BWA,1993,9755
Botswana,BWA,1994,14910
Botswana,BWA,1995,21825
Botswana,BWA,1996,30627
Botswana,BWA,1997,41359
Botswana,BWA,1998,53379
Botswana,BWA,1999,66383
Botswana,BWA,2000,80097
Botswana,BWA,2001,94041
Botswana,BWA,2002,107656
Botswana,BWA,2003,120050
Botswana,BWA,2004,130325
Botswana,BWA,2005,137085
Botswana,BWA,2006,141100
Botswana,BWA,2007,142237
Botswana,BWA,2008,141823
Botswana,BWA,2009,138073
Botswana,BWA,2010,131454
Botswana,BWA,2011,123107
Botswana,BWA,2012,113641
Botswana,BWA,2013,105521
Botswana,BWA,2014,98161
Botswana,BWA,2015,91313
Botswana,BWA,2016,84712
Botswana,BWA,2017,77988
Botswana,BWA,2018,72276
Botswana,BWA,2019,67659
Botswana,BWA,2020,62616
Botswana,BWA,2021,57846
Botswana,BWA,2022,54247
Bulgaria,BGR,1990,49
Bulgaria,BGR,1991,67
Bulgaria,BGR,1992,88
Bulgaria,BGR,1993,111
Bulgaria,BGR,1994,137
Bulgaria,BGR,1995,164
Bulgaria,BGR,1996,192
Bulgaria,BGR,1997,220
Bulgaria,BGR,1998,247
Bulgaria,BGR,1999,274
Bulgaria,BGR,2000,293
Bulgaria,BGR,2001,312
Bulgaria,BGR,2002,330
Bulgaria,BGR,2003,347
Bulgaria,BGR,2004,359
Bulgaria,BGR,2005,369
Bulgaria,BGR,2006,378
Bulgaria,BGR,2007,385
Bulgaria,BGR,2008,391
Bulgaria,BGR,2009,399
Bulgaria,BGR,2010,404
Bulgaria,BGR,2011,413
Bulgaria,BGR,2012,427
Bulgaria,BGR,2013,443
Bulgaria,BGR,2014,463
Bulgaria,BGR,2015,487
Bulgaria,BGR,2016,510
Bulgaria,BGR,2017,528
Bulgaria,BGR,2018,540
Bulgaria,BGR,2019,548
Bulgaria,BGR,2020,555
Bulgaria,BGR,2021,565
Bulgaria,BGR,2022,578
Burkina Faso,BFA,1990,18747
Burkina Faso,BFA,1991,25251
Burkina Faso,BFA,1992,32854
Burkina Faso,BFA,1993,41466
Burkina Faso,BFA,1994,51055
Burkina Faso,BFA,1995,61333
Burkina Faso,BFA,1996,71858
Burkina Faso,BFA,1997,81650
Burkina Faso,BFA,1998,91125
Burkina Faso,BFA,1999,100134
Burkina Faso,BFA,2000,108473
Burkina Faso,BFA,2001,115864
Burkina Faso,BFA,2002,122142
Burkina Faso,BFA,2003,127236
Burkina Faso,BFA,2004,130759
Burkina Faso,BFA,2005,132858
Burkina Faso,BFA,2006,133494
Burkina Faso,BFA,2007,132859
Burkina Faso,BFA,2008,131806
Burkina Faso,BFA,2009,129348
Burkina Faso,BFA,2010,126392
Burkina Faso,BFA,2011,123080
Burkina Faso,BFA,2012,120062
Burkina Faso,BFA,2013,117750
Burkina Faso,BFA,2014,115052
Burkina Faso,BFA,2015,112022
Burkina Faso,BFA,2016,108043
Burkina Faso,BFA,2017,103550
Burkina Faso,BFA,2018,98506
Burkina Faso,BFA,2019,94124
Burkina Faso,BFA,2020,88808
Burkina Faso,BFA,2021,83355
Burkina Faso,BFA,2022,77460
Burundi,BDI,1990,19330
Burundi,BDI,1991,26540
Burundi,BDI,1992,35179
Burundi,BDI,1993,45139
Burundi,BDI,1994,53103
Burundi,BDI,1995,65199
Burundi,BDI,1996,76344
Burundi,BDI,1997,86138
Burundi,BDI,1998,95209
Burundi,BDI,1999,103924
Burundi,BDI,2000,111670
Burundi,BDI,2001,118578
Burundi,BDI,2002,124703
Burundi,BDI,2003,129472
Burundi,BDI,2004,133542
Burundi,BDI,2005,136285
Burundi,BDI,2006,137513
Burundi,BDI,2007,135314
Burundi,BDI,2008,135937
Burundi,BDI,2009,136288
Burundi,BDI,2010,132148
Burundi,BDI,2011,128296
Burundi,BDI,2012,125855
Burundi,BDI,2013,122671
Burundi,BDI,2014,119154
Burundi,BDI,2015,115775
Burundi,BDI,2016,111228
Burundi,BDI,2017,104449
Burundi,BDI,2018,97008
Burundi,BDI,2019,89023
Burundi,BDI,2020,80583
Burundi,BDI,2021,72644
Burundi,BDI,2022,65252
Cambodia,KHM,1990,3
Cambodia,KHM,1991,12
Cambodia,KHM,1992,46
Cambodia,KHM,1993,156
Cambodia,KHM,1994,449
Cambodia,KHM,1995,1079
Cambodia,KHM,1996,2232
Cambodia,KHM,1997,4109
Cambodia,KHM,1998,6818
Cambodia,KHM,1999,10485
Cambodia,KHM,2000,14972
Cambodia,KHM,2001,20110
Cambodia,KHM,2002,25682
Cambodia,KHM,2003,31549
Cambodia,KHM,2004,37204
Cambodia,KHM,2005,42067
Cambodia,KHM,2006,46115
Cambodia,KHM,2007,48362
Cambodia,KHM,2008,48674
Cambodia,KHM,2009,47858
Cambodia,KHM,2010,46340
Cambodia,KHM,2011,44777
Cambodia,KHM,2012,43655
Cambodia,KHM,2013,43387
Cambodia,KHM,2014,42720
Cambodia,KHM,2015,42160
Cambodia,KHM,2016,41497
Cambodia,KHM,2017,40434
Cambodia,KHM,2018,39080
Cambodia,KHM,2019,37316
Cambodia,KHM,2020,35189
Cambodia,KHM,2021,32789
Cambodia,KHM,2022,30297
Cameroon,CMR,1990,4340
Cameroon,CMR,1991,6208
Cameroon,CMR,1992,8824
Cameroon,CMR,1993,12466
Cameroon,CMR,1994,17496
Cameroon,CMR,1995,24255
Cameroon,CMR,1996,33042
Cameroon,CMR,1997,44257
Cameroon,CMR,1998,58216
Cameroon,CMR,1999,75043
Cameroon,CMR,2000,94775
Cameroon,CMR,2001,116636
Cameroon,CMR,2002,140335
Cameroon,CMR,2003,165705
Cameroon,CMR,2004,191965
Cameroon,CMR,2005,216504
Cameroon,CMR,2006,240817
Cameroon,CMR,2007,266081
Cameroon,CMR,2008,288275
Cameroon,CMR,2009,308779
Cameroon,CMR,2010,327433
Cameroon,CMR,2011,346686
Cameroon,CMR,2012,365212
Cameroon,CMR,2013,382634
Cameroon,CMR,2014,399786
Cameroon,CMR,2015,415115
Cameroon,CMR,2016,427491
Cameroon,CMR,2017,433415
Cameroon,CMR,2018,429226
Cameroon,CMR,2019,420494
Cameroon,CMR,2020,404570
Cameroon,CMR,2021,381548
Cameroon,CMR,2022,351813
Canada,CAN,1990,3505
Canada,CAN,1991,4517
Canada,CAN,1992,5612
Canada,CAN,1993,6755
Canada,CAN,1994,7950
Canada,CAN,1995,9170
Canada,CAN,1996,10353
Canada,CAN,1997,11166
Canada,CAN,1998,11892
Canada,CAN,1999,12568
Canada,CAN,2000,13201
Canada,CAN,2001,13768
Canada,CAN,2002,14299
Canada,CAN,2003,14314
Canada,CAN,2004,14599
Canada,CAN,2005,15041
Canada,CAN,2006,15499
Canada,CAN,2007,15907
Canada,CAN,2008,16311
Canada,CAN,2009,16744
Canada,CAN,2010,15754
Canada,CAN,2011,15119
Canada,CAN,2012,14753
Canada,CAN,2013,14637
Canada,CAN,2014,13077
Canada,CAN,2015,11590
Canada,CAN,2016,10152
Canada,CAN,2017,8840
Canada,CAN,2018,7676
Canada,CAN,2019,6625
Canada,CAN,2020,5662
Cape Verde,CPV,1990,171
Cape Verde,CPV,1991,225
Cape Verde,CPV,1992,291
Cape Verde,CPV,1993,371
Cape Verde,CPV,1994,464
Cape Verde,CPV,1995,568
Cape Verde,CPV,1996,682
Cape Verde,CPV,1997,803
Cape Verde,CPV,1998,930
Cape Verde,CPV,1999,1058
Cape Verde,CPV,2000,1185
Cape Verde,CPV,2001,1311
Cape Verde,CPV,2002,1432
Cape Verde,CPV,2003,1545
Cape Verde,CPV,2004,1644
Cape Verde,CPV,2005,1727
Cape Verde,CPV,2006,1757
Cape Verde,CPV,2007,1762
Cape Verde,CPV,2008,1732
Cape Verde,CPV,2009,1677
Cape Verde,CPV,2010,1646
Cape Verde,CPV,2011,1603
Cape Verde,CPV,2012,1566
Cape Verde,CPV,2013,1505
Cape Verde,CPV,2014,1429
Cape Verde,CPV,2015,1367
Cape Verde,CPV,2016,1325
Cape Verde,CPV,2017,1298
Cape Verde,CPV,2018,1267
Cape Verde,CPV,2019,1213
Cape Verde,CPV,2020,1160
Cape Verde,CPV,2021,1105
Cape Verde,CPV,2022,1035
Caribbean (UNAIDS),,1990,11127
Caribbean (UNAIDS),,1991,15977
Caribbean (UNAIDS),,1992,22042
Caribbean (UNAIDS),,1993,29319
Caribbean (UNAIDS),,1994,37720
Caribbean (UNAIDS),,1995,47177
Caribbean (UNAIDS),,1996,57627
Caribbean (UNAIDS),,1997,68888
Caribbean (UNAIDS),,1998,80421
Caribbean (UNAIDS),,1999,91794
Caribbean (UNAIDS),,2000,103020
Caribbean (UNAIDS),,2001,113823
Caribbean (UNAIDS),,2002,123951
Caribbean (UNAIDS),,2003,132993
Caribbean (UNAIDS),,2004,140655
Caribbean (UNAIDS),,2005,147092
Caribbean (UNAIDS),,2006,151547
Caribbean (UNAIDS),,2007,154169
Caribbean (UNAIDS),,2008,155434
Caribbean (UNAIDS),,2009,155604
Caribbean (UNAIDS),,2010,152542
Caribbean (UNAIDS),,2011,152097
Caribbean (UNAIDS),,2012,151426
Caribbean (UNAIDS),,2013,150161
Caribbean (UNAIDS),,2014,148270
Caribbean (UNAIDS),,2015,146114
Caribbean (UNAIDS),,2016,143600
Caribbean (UNAIDS),,2017,141833
Caribbean (UNAIDS),,2018,136938
Caribbean (UNAIDS),,2019,132743
Caribbean (UNAIDS),,2020,126410
Caribbean (UNAIDS),,2021,118904
Caribbean (UNAIDS),,2022,111552
Central African Republic,CAF,1990,8158
Central African Republic,CAF,1991,11671
Central African Republic,CAF,1992,16228
Central African Republic,CAF,1993,22013
Central African Republic,CAF,1994,29134
Central African Republic,CAF,1995,37527
Central African Republic,CAF,1996,46624
Central African Republic,CAF,1997,56281
Central African Republic,CAF,1998,66342
Central African Republic,CAF,1999,76576
Central African Republic,CAF,2000,86721
Central African Republic,CAF,2001,96462
Central African Republic,CAF,2002,105297
Central African Republic,CAF,2003,113522
Central African Republic,CAF,2004,120478
Central African Republic,CAF,2005,126592
Central African Republic,CAF,2006,131391
Central African Republic,CAF,2007,134790
Central African Republic,CAF,2008,136598
Central African Republic,CAF,2009,136579
Central African Republic,CAF,2010,137158
Central African Republic,CAF,2011,137808
Central African Republic,CAF,2012,138544
Central African Republic,CAF,2013,138189
Central African Republic,CAF,2014,137299
Central African Republic,CAF,2015,134401
Central African Republic,CAF,2016,131564
Central African Republic,CAF,2017,128866
Central African Republic,CAF,2018,126408
Central African Republic,CAF,2019,124428
Central African Republic,CAF,2020,121721
Central African Republic,CAF,2021,118943
Central African Republic,CAF,2022,116189
Chad,TCD,1990,3411
Chad,TCD,1991,4695
Chad,TCD,1992,6461
Chad,TCD,1993,8718
Chad,TCD,1994,11329
Chad,TCD,1995,14541
Chad,TCD,1996,18720
Chad,TCD,1997,23414
Chad,TCD,1998,28493
Chad,TCD,1999,34123
Chad,TCD,2000,40090
Chad,TCD,2001,46136
Chad,TCD,2002,52178
Chad,TCD,2003,58039
Chad,TCD,2004,63685
Chad,TCD,2005,69511
Chad,TCD,2006,74681
Chad,TCD,2007,78185
Chad,TCD,2008,81625
Chad,TCD,2009,82592
Chad,TCD,2010,81683
Chad,TCD,2011,81323
Chad,TCD,2012,81583
Chad,TCD,2013,82317
Chad,TCD,2014,84091
Chad,TCD,2015,86035
Chad,TCD,2016,87623
Chad,TCD,2017,88830
Chad,TCD,2018,89672
Chad,TCD,2019,89850
Chad,TCD,2020,89256
Chad,TCD,2021,87170
Chad,TCD,2022,83923
Colombia,COL,1990,982
Colombia,COL,1991,1478
Colombia,COL,1992,2166
Colombia,COL,1993,3099
Colombia,COL,1994,4329
Colombia,COL,1995,5911
Colombia,COL,1996,7874
Colombia,COL,1997,10188
Colombia,COL,1998,12884
Colombia,COL,1999,15949
Colombia,COL,2000,19389
Colombia,COL,2001,23159
Colombia,COL,2002,26988
Colombia,COL,2003,30917
Colombia,COL,2004,34929
Colombia,COL,2005,38977
Colombia,COL,2006,42991
Colombia,COL,2007,45814
Colombia,COL,2008,49530
Colombia,COL,2009,53494
Colombia,COL,2010,57109
Colombia,COL,2011,59460
Colombia,COL,2012,60177
Colombia,COL,2013,60332
Colombia,COL,2014,59642
Colombia,COL,2015,58480
Colombia,COL,2016,56432
Colombia,COL,2017,54127
Colombia,COL,2018,52617
Colombia,COL,2019,50076
Colombia,COL,2020,45569
Colombia,COL,2021,40819
Colombia,COL,2022,37077
Comoros,COM,1990,7
Comoros,COM,1991,9
Comoros,COM,1992,10
Comoros,COM,1993,12
Comoros,COM,1994,14
Comoros,COM,1995,16
Comoros,COM,1996,19
Comoros,COM,1997,22
Comoros,COM,1998,24
Comoros,COM,1999,27
Comoros,COM,2000,31
Comoros,COM,2001,34
Comoros,COM,2002,37
Comoros,COM,2003,41
Comoros,COM,2004,44
Comoros,COM,2005,48
Comoros,COM,2006,52
Comoros,COM,2007,55
Comoros,COM,2008,59
Comoros,COM,2009,63
Comoros,COM,2010,67
Comoros,COM,2011,68
Comoros,COM,2012,69
Comoros,COM,2013,71
Comoros,COM,2014,72
Comoros,COM,2015,74
Comoros,COM,2016,75
Comoros,COM,2017,75
Comoros,COM,2018,77
Comoros,COM,2019,78
Comoros,COM,2020,75
Comoros,COM,2021,72
Comoros,COM,2022,68
Congo,COG,1990,9983
Congo,COG,1991,13011
Congo,COG,1992,16430
Congo,COG,1993,20227
Congo,COG,1994,24394
Congo,COG,1995,28502
Congo,COG,1996,32630
Congo,COG,1997,36361
Congo,COG,1998,39938
Congo,COG,1999,43304
Congo,COG,2000,46396
Congo,COG,2001,49542
Congo,COG,2002,52301
Congo,COG,2003,54630
Congo,COG,2004,56718
Congo,COG,2005,58590
Congo,COG,2006,59840
Congo,COG,2007,61246
Congo,COG,2008,62445
Congo,COG,2009,62620
Congo,COG,2010,63265
Congo,COG,2011,64286
Congo,COG,2012,65886
Congo,COG,2013,68175
Congo,COG,2014,70659
Congo,COG,2015,73269
Congo,COG,2016,75566
Congo,COG,2017,78221
Congo,COG,2018,80931
Congo,COG,2019,83334
Congo,COG,2020,85835
Congo,COG,2021,88568
Congo,COG,2022,90855
Costa Rica,CRI,1990,428
Costa Rica,CRI,1991,492
Costa Rica,CRI,1992,564
Costa Rica,CRI,1993,641
Costa Rica,CRI,1994,726
Costa Rica,CRI,1995,816
Costa Rica,CRI,1996,912
Costa Rica,CRI,1997,1015
Costa Rica,CRI,1998,1123
Costa Rica,CRI,1999,1236
Costa Rica,CRI,2000,1353
Costa Rica,CRI,2001,1424
Costa Rica,CRI,2002,1493
Costa Rica,CRI,2003,1568
Costa Rica,CRI,2004,1651
Costa Rica,CRI,2005,1745
Costa Rica,CRI,2006,1850
Costa Rica,CRI,2007,1965
Costa Rica,CRI,2008,2091
Costa Rica,CRI,2009,2229
Costa Rica,CRI,2010,2377
Costa Rica,CRI,2011,2333
Costa Rica,CRI,2012,2306
Costa Rica,CRI,2013,2356
Costa Rica,CRI,2014,2472
Costa Rica,CRI,2015,2628
Costa Rica,CRI,2016,2730
Costa Rica,CRI,2017,2841
Costa Rica,CRI,2018,2937
Costa Rica,CRI,2019,2966
Costa Rica,CRI,2020,2939
Costa Rica,CRI,2021,3005
Costa Rica,CRI,2022,2886
Cote d'Ivoire,CIV,1990,49401
Cote d'Ivoire,CIV,1991,69519
Cote d'Ivoire,CIV,1992,94901
Cote d'Ivoire,CIV,1993,126025
Cote d'Ivoire,CIV,1994,163170
Cote d'Ivoire,CIV,1995,205802
Cote d'Ivoire,CIV,1996,250446
Cote d'Ivoire,CIV,1997,297615
Cote d'Ivoire,CIV,1998,346086
Cote d'Ivoire,CIV,1999,393908
Cote d'Ivoire,CIV,2000,440018
Cote d'Ivoire,CIV,2001,482393
Cote d'Ivoire,CIV,2002,521457
Cote d'Ivoire,CIV,2003,556553
Cote d'Ivoire,CIV,2004,582179
Cote d'Ivoire,CIV,2005,600814
Cote d'Ivoire,CIV,2006,609772
Cote d'Ivoire,CIV,2007,612656
Cote d'Ivoire,CIV,2008,610169
Cote d'Ivoire,CIV,2009,600634
Cote d'Ivoire,CIV,2010,585955
Cote d'Ivoire,CIV,2011,572121
Cote d'Ivoire,CIV,2012,555381
Cote d'Ivoire,CIV,2013,535782
Cote d'Ivoire,CIV,2014,516453
Cote d'Ivoire,CIV,2015,496018
Cote d'Ivoire,CIV,2016,474223
Cote d'Ivoire,CIV,2017,451701
Cote d'Ivoire,CIV,2018,427070
Cote d'Ivoire,CIV,2019,400109
Cote d'Ivoire,CIV,2020,372803
Cote d'Ivoire,CIV,2021,347665
Cote d'Ivoire,CIV,2022,323765
Croatia,HRV,1990,20
Croatia,HRV,1991,26
Croatia,HRV,1992,32
Croatia,HRV,1993,39
Croatia,HRV,1994,46
Croatia,HRV,1995,54
Croatia,HRV,1996,62
Croatia,HRV,1997,67
Croatia,HRV,1998,71
Croatia,HRV,1999,74
Croatia,HRV,2000,77
Croatia,HRV,2001,79
Croatia,HRV,2002,82
Croatia,HRV,2003,85
Croatia,HRV,2004,90
Croatia,HRV,2005,96
Croatia,HRV,2006,104
Croatia,HRV,2007,113
Croatia,HRV,2008,120
Croatia,HRV,2009,125
Croatia,HRV,2010,129
Croatia,HRV,2011,133
Croatia,HRV,2012,135
Croatia,HRV,2013,136
Croatia,HRV,2014,135
Croatia,HRV,2015,132
Croatia,HRV,2016,127
Croatia,HRV,2017,122
Croatia,HRV,2018,116
Croatia,HRV,2019,110
Croatia,HRV,2020,105
Croatia,HRV,2021,102
Croatia,HRV,2022,99
Cuba,CUB,1990,38
Cuba,CUB,1991,52
Cuba,CUB,1992,70
Cuba,CUB,1993,91
Cuba,CUB,1994,116
Cuba,CUB,1995,145
Cuba,CUB,1996,179
Cuba,CUB,1997,217
Cuba,CUB,1998,262
Cuba,CUB,1999,314
Cuba,CUB,2000,374
Cuba,CUB,2001,445
Cuba,CUB,2002,514
Cuba,CUB,2003,576
Cuba,CUB,2004,640
Cuba,CUB,2005,724
Cuba,CUB,2006,840
Cuba,CUB,2007,971
Cuba,CUB,2008,1132
Cuba,CUB,2009,1307
Cuba,CUB,2010,1500
Cuba,CUB,2011,1745
Cuba,CUB,2012,2013
Cuba,CUB,2013,2322
Cuba,CUB,2014,2634
Cuba,CUB,2015,2889
Cuba,CUB,2016,3079
Cuba,CUB,2017,3270
Cuba,CUB,2018,3434
Cuba,CUB,2019,3524
Cuba,CUB,2020,3575
Cuba,CUB,2021,3790
Cuba,CUB,2022,4080
Cyprus,CYP,1990,19
Cyprus,CYP,1991,25
Cyprus,CYP,1992,32
Cyprus,CYP,1993,41
Cyprus,CYP,1994,49
Cyprus,CYP,1995,59
Cyprus,CYP,1996,69
Cyprus,CYP,1997,79
Cyprus,CYP,1998,89
Cyprus,CYP,1999,99
Cyprus,CYP,2000,107
Cyprus,CYP,2001,114
Cyprus,CYP,2002,118
Cyprus,CYP,2003,121
Cyprus,CYP,2004,122
Cyprus,CYP,2005,123
Cyprus,CYP,2006,123
Cyprus,CYP,2007,123
Cyprus,CYP,2008,124
Cyprus,CYP,2009,125
Cyprus,CYP,2010,128
Cyprus,CYP,2011,130
Cyprus,CYP,2012,134
Cyprus,CYP,2013,136
Cyprus,CYP,2014,137
Cyprus,CYP,2015,139
Cyprus,CYP,2016,139
Cyprus,CYP,2017,138
Cyprus,CYP,2018,137
Cyprus,CYP,2019,134
Cyprus,CYP,2020,127
Cyprus,CYP,2021,117
Czechia,CZE,1990,6
Czechia,CZE,1991,8
Czechia,CZE,1992,10
Czechia,CZE,1993,12
Czechia,CZE,1994,16
Czechia,CZE,1995,19
Czechia,CZE,1996,24
Czechia,CZE,1997,29
Czechia,CZE,1998,30
Czechia,CZE,1999,28
Czechia,CZE,2000,27
Czechia,CZE,2001,26
Czechia,CZE,2002,25
Czechia,CZE,2003,25
Czechia,CZE,2004,29
Czechia,CZE,2005,37
Czechia,CZE,2006,46
Czechia,CZE,2007,45
Czechia,CZE,2008,44
Czechia,CZE,2009,52
Czechia,CZE,2010,73
Czechia,CZE,2011,88
Czechia,CZE,2012,99
Czechia,CZE,2013,122
Czechia,CZE,2014,154
Czechia,CZE,2015,184
Czechia,CZE,2016,211
Czechia,CZE,2017,220
Czechia,CZE,2018,223
Czechia,CZE,2019,225
Czechia,CZE,2020,227
Czechia,CZE,2021,227
Czechia,CZE,2022,230
Democratic Republic of Congo,COD,1990,62399
Democratic Republic of Congo,COD,1991,81895
Democratic Republic of Congo,COD,1992,105089
Democratic Republic of Congo,COD,1993,131793
Democratic Republic of Congo,COD,1994,162692
Democratic Republic of Congo,COD,1995,199352
Democratic Republic of Congo,COD,1996,237937
Democratic Republic of Congo,COD,1997,277111
Democratic Republic of Congo,COD,1998,314248
Democratic Republic of Congo,COD,1999,351180
Democratic Republic of Congo,COD,2000,387685
Democratic Republic of Congo,COD,2001,422520
Democratic Republic of Congo,COD,2002,454895
Democratic Republic of Congo,COD,2003,484235
Democratic Republic of Congo,COD,2004,510192
Democratic Republic of Congo,COD,2005,531839
Democratic Republic of Congo,COD,2006,549077
Democratic Republic of Congo,COD,2007,563034
Democratic Republic of Congo,COD,2008,576636
Democratic Republic of Congo,COD,2009,586553
Democratic Republic of Congo,COD,2010,590969
Democratic Republic of Congo,COD,2011,594434
Democratic Republic of Congo,COD,2012,598131
Democratic Republic of Congo,COD,2013,598608
Democratic Republic of Congo,COD,2014,597048
Democratic Republic of Congo,COD,2015,592747
Democratic Republic of Congo,COD,2016,586884
Democratic Republic of Congo,COD,2017,576971
Democratic Republic of Congo,COD,2018,560141
Democratic Republic of Congo,COD,2019,550109
Democratic Republic of Congo,COD,2020,537101
Democratic Republic of Congo,COD,2021,507796
Democratic Republic of Congo,COD,2022,468020
Denmark,DNK,1990,173
Denmark,DNK,1991,217
Denmark,DNK,1992,266
Denmark,DNK,1993,323
Denmark,DNK,1994,386
Denmark,DNK,1995,456
Denmark,DNK,1996,531
Denmark,DNK,1997,610
Denmark,DNK,1998,576
Denmark,DNK,1999,541
Denmark,DNK,2000,507
Denmark,DNK,2001,479
Denmark,DNK,2002,460
Denmark,DNK,2003,452
Denmark,DNK,2004,457
Denmark,DNK,2005,475
Denmark,DNK,2006,519
Denmark,DNK,2007,561
Denmark,DNK,2008,620
Denmark,DNK,2009,634
Denmark,DNK,2010,622
Denmark,DNK,2011,598
Denmark,DNK,2012,564
Denmark,DNK,2013,527
Denmark,DNK,2014,508
Denmark,DNK,2015,472
Denmark,DNK,2016,434
Denmark,DNK,2017,394
Denmark,DNK,2018,353
Denmark,DNK,2019,314
Denmark,DNK,2020,286
Denmark,DNK,2021,269
Denmark,DNK,2022,254
Dominican Republic,DOM,1990,612
Dominican Republic,DOM,1991,1018
Dominican Republic,DOM,1992,1618
Dominican Republic,DOM,1993,2460
Dominican Republic,DOM,1994,3598
Dominican Republic,DOM,1995,5084
Dominican Republic,DOM,1996,6935
Dominican Republic,DOM,1997,9121
Dominican Republic,DOM,1998,11641
Dominican Republic,DOM,1999,14438
Dominican Republic,DOM,2000,17453
Dominican Republic,DOM,2001,20654
Dominican Republic,DOM,2002,23932
Dominican Republic,DOM,2003,27083
Dominican Republic,DOM,2004,30114
Dominican Republic,DOM,2005,32864
Dominican Republic,DOM,2006,35093
Dominican Republic,DOM,2007,36864
Dominican Republic,DOM,2008,38071
Dominican Republic,DOM,2009,38879
Dominican Republic,DOM,2010,39342
Dominican Republic,DOM,2011,39638
Dominican Republic,DOM,2012,39825
Dominican Republic,DOM,2013,39830
Dominican Republic,DOM,2014,39719
Dominican Republic,DOM,2015,39313
Dominican Republic,DOM,2016,38606
Dominican Republic,DOM,2017,37916
Dominican Republic,DOM,2018,37199
Dominican Republic,DOM,2019,36299
Dominican Republic,DOM,2020,35247
Dominican Republic,DOM,2021,33981
Dominican Republic,DOM,2022,32409
East Timor,TLS,1990,12
East Timor,TLS,1991,18
East Timor,TLS,1992,26
East Timor,TLS,1993,35
East Timor,TLS,1994,46
East Timor,TLS,1995,60
East Timor,TLS,1996,75
East Timor,TLS,1997,91
East Timor,TLS,1998,112
East Timor,TLS,1999,129
East Timor,TLS,2000,149
East Timor,TLS,2001,168
East Timor,TLS,2002,191
East Timor,TLS,2003,218
East Timor,TLS,2004,246
East Timor,TLS,2005,276
East Timor,TLS,2006,308
East Timor,TLS,2007,341
East Timor,TLS,2008,378
East Timor,TLS,2009,415
East Timor,TLS,2010,455
East Timor,TLS,2011,496
East Timor,TLS,2012,542
East Timor,TLS,2013,584
East Timor,TLS,2014,623
East Timor,TLS,2015,664
East Timor,TLS,2016,703
East Timor,TLS,2017,739
East Timor,TLS,2018,771
East Timor,TLS,2019,787
East Timor,TLS,2020,781
East Timor,TLS,2021,768
East Timor,TLS,2022,739
East and Southern Africa (UNAIDS),,1990,648079
East and Southern Africa (UNAIDS),,1991,905062
East and Southern Africa (UNAIDS),,1992,1225635
East and Southern Africa (UNAIDS),,1993,1614421
East and Southern Africa (UNAIDS),,1994,2075077
East and Southern Africa (UNAIDS),,1995,2588121
East and Southern Africa (UNAIDS),,1996,3161497
East and Southern Africa (UNAIDS),,1997,3784925
East and Southern Africa (UNAIDS),,1998,4444835
East and Southern Africa (UNAIDS),,1999,5122692
East and Southern Africa (UNAIDS),,2000,5817489
East and Southern Africa (UNAIDS),,2001,6509095
East and Southern Africa (UNAIDS),,2002,7166767
East and Southern Africa (UNAIDS),,2003,7792053
East and Southern Africa (UNAIDS),,2004,8382160
East and Southern Africa (UNAIDS),,2005,8892389
East and Southern Africa (UNAIDS),,2006,9310327
East and Southern Africa (UNAIDS),,2007,9614855
East and Southern Africa (UNAIDS),,2008,9799772
East and Southern Africa (UNAIDS),,2009,9910807
East and Southern Africa (UNAIDS),,2010,9930659
East and Southern Africa (UNAIDS),,2011,9887572
East and Southern Africa (UNAIDS),,2012,9776270
East and Southern Africa (UNAIDS),,2013,9624744
East and Southern Africa (UNAIDS),,2014,9443162
East and Southern Africa (UNAIDS),,2015,9203096
East and Southern Africa (UNAIDS),,2016,8916755
East and Southern Africa (UNAIDS),,2017,8598251
East and Southern Africa (UNAIDS),,2018,8247389
East and Southern Africa (UNAIDS),,2019,7935415
East and Southern Africa (UNAIDS),,2020,7609884
East and Southern Africa (UNAIDS),,2021,7252545
East and Southern Africa (UNAIDS),,2022,6828735
Eastern Europe and Central Asia (UNAIDS),,1990,8440
Eastern Europe and Central Asia (UNAIDS),,1991,10877
Eastern Europe and Central Asia (UNAIDS),,1992,13647
Eastern Europe and Central Asia (UNAIDS),,1993,16679
Eastern Europe and Central Asia (UNAIDS),,1994,19914
Eastern Europe and Central Asia (UNAIDS),,1995,23344
Eastern Europe and Central Asia (UNAIDS),,1996,27023
Eastern Europe and Central Asia (UNAIDS),,1997,30980
Eastern Europe and Central Asia (UNAIDS),,1998,35310
Eastern Europe and Central Asia (UNAIDS),,1999,39925
Eastern Europe and Central Asia (UNAIDS),,2000,44764
Eastern Europe and Central Asia (UNAIDS),,2001,49911
Eastern Europe and Central Asia (UNAIDS),,2002,55372
Eastern Europe and Central Asia (UNAIDS),,2003,61123
Eastern Europe and Central Asia (UNAIDS),,2004,67177
Eastern Europe and Central Asia (UNAIDS),,2005,73527
Eastern Europe and Central Asia (UNAIDS),,2006,80445
Eastern Europe and Central Asia (UNAIDS),,2007,88958
Eastern Europe and Central Asia (UNAIDS),,2008,96595
Eastern Europe and Central Asia (UNAIDS),,2009,103682
Eastern Europe and Central Asia (UNAIDS),,2010,112213
Eastern Europe and Central Asia (UNAIDS),,2011,124022
Eastern Europe and Central Asia (UNAIDS),,2012,138186
Eastern Europe and Central Asia (UNAIDS),,2013,154525
Eastern Europe and Central Asia (UNAIDS),,2014,173111
Eastern Europe and Central Asia (UNAIDS),,2015,192380
Eastern Europe and Central Asia (UNAIDS),,2016,215098
Eastern Europe and Central Asia (UNAIDS),,2017,236572
Eastern Europe and Central Asia (UNAIDS),,2018,259271
Eastern Europe and Central Asia (UNAIDS),,2019,282095
Eastern Europe and Central Asia (UNAIDS),,2020,305791
Eastern Europe and Central Asia (UNAIDS),,2021,328505
Eastern Europe and Central Asia (UNAIDS),,2022,351577
Ecuador,ECU,1990,572
Ecuador,ECU,1991,720
Ecuador,ECU,1992,897
Ecuador,ECU,1993,1096
Ecuador,ECU,1994,1333
Ecuador,ECU,1995,1605
Ecuador,ECU,1996,1914
Ecuador,ECU,1997,2329
Ecuador,ECU,1998,2864
Ecuador,ECU,1999,3468
Ecuador,ECU,2000,4174
Ecuador,ECU,2001,4963
Ecuador,ECU,2002,5875
Ecuador,ECU,2003,6926
Ecuador,ECU,2004,8078
Ecuador,ECU,2005,9241
Ecuador,ECU,2006,10428
Ecuador,ECU,2007,11640
Ecuador,ECU,2008,12764
Ecuador,ECU,2009,13752
Ecuador,ECU,2010,14575
Ecuador,ECU,2011,15297
Ecuador,ECU,2012,15869
Ecuador,ECU,2013,16699
Ecuador,ECU,2014,17570
Ecuador,ECU,2015,18297
Ecuador,ECU,2016,18596
Ecuador,ECU,2017,18467
Ecuador,ECU,2018,17984
Ecuador,ECU,2019,17084
Ecuador,ECU,2020,15701
Ecuador,ECU,2021,14284
Ecuador,ECU,2022,13128
Egypt,EGY,1990,24
Egypt,EGY,1991,31
Egypt,EGY,1992,39
Egypt,EGY,1993,48
Egypt,EGY,1994,59
Egypt,EGY,1995,70
Egypt,EGY,1996,83
Egypt,EGY,1997,98
Egypt,EGY,1998,117
Egypt,EGY,1999,138
Egypt,EGY,2000,162
Egypt,EGY,2001,190
Egypt,EGY,2002,222
Egypt,EGY,2003,260
Egypt,EGY,2004,307
Egypt,EGY,2005,364
Egypt,EGY,2006,433
Egypt,EGY,2007,484
Egypt,EGY,2008,550
Egypt,EGY,2009,632
Egypt,EGY,2010,739
Egypt,EGY,2011,872
Egypt,EGY,2012,1056
Egypt,EGY,2013,1297
Egypt,EGY,2014,1598
Egypt,EGY,2015,1941
Egypt,EGY,2016,2346
Egypt,EGY,2017,2780
Egypt,EGY,2018,3209
Egypt,EGY,2019,3629
Egypt,EGY,2020,4088
Egypt,EGY,2021,4571
Egypt,EGY,2022,5132
El Salvador,SLV,1990,96
El Salvador,SLV,1991,169
El Salvador,SLV,1992,280
El Salvador,SLV,1993,439
El Salvador,SLV,1994,657
El Salvador,SLV,1995,944
El Salvador,SLV,1996,1306
El Salvador,SLV,1997,1746
El Salvador,SLV,1998,2266
El Salvador,SLV,1999,2864
El Salvador,SLV,2000,3534
El Salvador,SLV,2001,4258
El Salvador,SLV,2002,5017
El Salvador,SLV,2003,5790
El Salvador,SLV,2004,6542
El Salvador,SLV,2005,7165
El Salvador,SLV,2006,7614
El Salvador,SLV,2007,7971
El Salvador,SLV,2008,8311
El Salvador,SLV,2009,8574
El Salvador,SLV,2010,8700
El Salvador,SLV,2011,8664
El Salvador,SLV,2012,8731
El Salvador,SLV,2013,8965
El Salvador,SLV,2014,9149
El Salvador,SLV,2015,9424
El Salvador,SLV,2016,9679
El Salvador,SLV,2017,9893
El Salvador,SLV,2018,10148
El Salvador,SLV,2019,10394
El Salvador,SLV,2020,10259
El Salvador,SLV,2021,10134
El Salvador,SLV,2022,9930
Equatorial Guinea,GNQ,1990,274
Equatorial Guinea,GNQ,1991,380
Equatorial Guinea,GNQ,1992,518
Equatorial Guinea,GNQ,1993,699
Equatorial Guinea,GNQ,1994,935
Equatorial Guinea,GNQ,1995,1232
Equatorial Guinea,GNQ,1996,1602
Equatorial Guinea,GNQ,1997,2059
Equatorial Guinea,GNQ,1998,2617
Equatorial Guinea,GNQ,1999,3277
Equatorial Guinea,GNQ,2000,4052
Equatorial Guinea,GNQ,2001,4921
Equatorial Guinea,GNQ,2002,5889
Equatorial Guinea,GNQ,2003,6952
Equatorial Guinea,GNQ,2004,8100
Equatorial Guinea,GNQ,2005,9321
Equatorial Guinea,GNQ,2006,10588
Equatorial Guinea,GNQ,2007,11953
Equatorial Guinea,GNQ,2008,13341
Equatorial Guinea,GNQ,2009,14921
Equatorial Guinea,GNQ,2010,16666
Equatorial Guinea,GNQ,2011,18605
Equatorial Guinea,GNQ,2012,20510
Equatorial Guinea,GNQ,2013,22382
Equatorial Guinea,GNQ,2014,24315
Equatorial Guinea,GNQ,2015,26309
Equatorial Guinea,GNQ,2016,28784
Equatorial Guinea,GNQ,2017,31156
Equatorial Guinea,GNQ,2018,33196
Equatorial Guinea,GNQ,2019,35233
Equatorial Guinea,GNQ,2020,37234
Equatorial Guinea,GNQ,2021,38915
Equatorial Guinea,GNQ,2022,40441
Eritrea,ERI,1990,1331
Eritrea,ERI,1991,1802
Eritrea,ERI,1992,2230
Eritrea,ERI,1993,2850
Eritrea,ERI,1994,3654
Eritrea,ERI,1995,4562
Eritrea,ERI,1996,5802
Eritrea,ERI,1997,7088
Eritrea,ERI,1998,8361
Eritrea,ERI,1999,9538
Eritrea,ERI,2000,10778
Eritrea,ERI,2001,11897
Eritrea,ERI,2002,13061
Eritrea,ERI,2003,14116
Eritrea,ERI,2004,15179
Eritrea,ERI,2005,15913
Eritrea,ERI,2006,16835
Eritrea,ERI,2007,17228
Eritrea,ERI,2008,17256
Eritrea,ERI,2009,17224
Eritrea,ERI,2010,16958
Eritrea,ERI,2011,16479
Eritrea,ERI,2012,16103
Eritrea,ERI,2013,15759
Eritrea,ERI,2014,15187
Eritrea,ERI,2015,14441
Eritrea,ERI,2016,13624
Eritrea,ERI,2017,12896
Eritrea,ERI,2018,12252
Eritrea,ERI,2019,11707
Eritrea,ERI,2020,11224
Eritrea,ERI,2021,10654
Eritrea,ERI,2022,10197
Estonia,EST,1990,0
Estonia,EST,1991,0
Estonia,EST,1992,0
Estonia,EST,1993,0
Estonia,EST,1994,0
Estonia,EST,1995,0
Estonia,EST,1996,0
Estonia,EST,1997,0
Estonia,EST,1998,0
Estonia,EST,1999,0
Estonia,EST,2000,0
Estonia,EST,2001,1
Estonia,EST,2002,8
Estonia,EST,2003,27
Estonia,EST,2004,61
Estonia,EST,2005,108
Estonia,EST,2006,152
Estonia,EST,2007,194
Estonia,EST,2008,235
Estonia,EST,2009,277
Estonia,EST,2010,321
Estonia,EST,2011,348
Estonia,EST,2012,378
Estonia,EST,2013,409
Estonia,EST,2014,470
Estonia,EST,2015,528
Estonia,EST,2016,549
Estonia,EST,2017,564
Estonia,EST,2018,589
Estonia,EST,2019,630
Estonia,EST,2020,696
Estonia,EST,2021,750
Estonia,EST,2022,803
Eswatini,SWZ,1990,144
Eswatini,SWZ,1991,357
Eswatini,SWZ,1992,828
Eswatini,SWZ,1993,1771
Eswatini,SWZ,1994,3443
Eswatini,SWZ,1995,5860
Eswatini,SWZ,1996,9446
Eswatini,SWZ,1997,14298
Eswatini,SWZ,1998,20496
Eswatini,SWZ,1999,27934
Eswatini,SWZ,2000,36472
Eswatini,SWZ,2001,45894
Eswatini,SWZ,2002,54845
Eswatini,SWZ,2003,63251
Eswatini,SWZ,2004,71375
Eswatini,SWZ,2005,79112
Eswatini,SWZ,2006,85673
Eswatini,SWZ,2007,90425
Eswatini,SWZ,2008,93363
Eswatini,SWZ,2009,95697
Eswatini,SWZ,2010,98232
Eswatini,SWZ,2011,98389
Eswatini,SWZ,2012,98518
Eswatini,SWZ,2013,98424
Eswatini,SWZ,2014,97569
Eswatini,SWZ,2015,94490
Eswatini,SWZ,2016,89416
Eswatini,SWZ,2017,83340
Eswatini,SWZ,2018,77035
Eswatini,SWZ,2019,72310
Eswatini,SWZ,2020,68448
Eswatini,SWZ,2021,62300
Eswatini,SWZ,2022,56903
Ethiopia,ETH,1990,36234
Ethiopia,ETH,1991,52245
Ethiopia,ETH,1992,73601
Ethiopia,ETH,1993,100986
Ethiopia,ETH,1994,135289
Ethiopia,ETH,1995,176436
Ethiopia,ETH,1996,223834
Ethiopia,ETH,1997,276417
Ethiopia,ETH,1998,332407
Ethiopia,ETH,1999,388993
Ethiopia,ETH,2000,444992
Ethiopia,ETH,2001,499344
Ethiopia,ETH,2002,550197
Ethiopia,ETH,2003,596314
Ethiopia,ETH,2004,636587
Ethiopia,ETH,2005,669620
Ethiopia,ETH,2006,694352
Ethiopia,ETH,2007,708088
Ethiopia,ETH,2008,709134
Ethiopia,ETH,2009,699929
Ethiopia,ETH,2010,680203
Ethiopia,ETH,2011,649429
Ethiopia,ETH,2012,610727
Ethiopia,ETH,2013,569637
Ethiopia,ETH,2014,531753
Ethiopia,ETH,2015,496688
Ethiopia,ETH,2016,464651
Ethiopia,ETH,2017,431932
Ethiopia,ETH,2018,404215
Ethiopia,ETH,2019,380173
Ethiopia,ETH,2020,357184
Ethiopia,ETH,2021,334992
Ethiopia,ETH,2022,313159
"Ethiopia, Addis Adaba",,1990,4493
"Ethiopia, Addis Adaba",,1991,6826
"Ethiopia, Addis Adaba",,1992,10035
"Ethiopia, Addis Adaba",,1993,14234
"Ethiopia, Addis Adaba",,1994,19488
"Ethiopia, Addis Adaba",,1995,25697
"Ethiopia, Addis Adaba",,1996,32658
"Ethiopia, Addis Adaba",,1997,39943
"Ethiopia, Addis Adaba",,1998,46985
"Ethiopia, Addis Adaba",,1999,53736
"Ethiopia, Addis Adaba",,2000,59905
"Ethiopia, Addis Adaba",,2001,65261
"Ethiopia, Addis Adaba",,2002,69658
"Ethiopia, Addis Adaba",,2003,73026
"Ethiopia, Addis Adaba",,2004,75356
"Ethiopia, Addis Adaba",,2005,76634
"Ethiopia, Addis Adaba",,2006,76919
"Ethiopia, Addis Adaba",,2007,76065
"Ethiopia, Addis Adaba",,2008,74033
"Ethiopia, Addis Adaba",,2009,71057
"Ethiopia, Addis Adaba",,2010,67099
"Ethiopia, Addis Adaba",,2011,62075
"Ethiopia, Addis Adaba",,2012,56170
"Ethiopia, Addis Adaba",,2013,49947
"Ethiopia, Addis Adaba",,2014,43957
"Ethiopia, Addis Adaba",,2015,38260
"Ethiopia, Addis Adaba",,2016,33213
"Ethiopia, Addis Adaba",,2017,29220
"Ethiopia, Addis Adaba",,2018,25570
"Ethiopia, Addis Adaba",,2019,22749
"Ethiopia, Addis Adaba",,2020,20127
"Ethiopia, Addis Adaba",,2021,17769
"Ethiopia, Addis Adaba",,2022,15669
"Ethiopia, Afar",,1990,505
"Ethiopia, Afar",,1991,732
"Ethiopia, Afar",,1992,1042
"Ethiopia, Afar",,1993,1452
"Ethiopia, Afar",,1994,1980
"Ethiopia, Afar",,1995,2632
"Ethiopia, Afar",,1996,3408
"Ethiopia, Afar",,1997,4301
"Ethiopia, Afar",,1998,5301
"Ethiopia, Afar",,1999,6386
"Ethiopia, Afar",,2000,7458
"Ethiopia, Afar",,2001,8528
"Ethiopia, Afar",,2002,9572
"Ethiopia, Afar",,2003,10555
"Ethiopia, Afar",,2004,11450
"Ethiopia, Afar",,2005,12233
"Ethiopia, Afar",,2006,12891
"Ethiopia, Afar",,2007,13420
"Ethiopia, Afar",,2008,13808
"Ethiopia, Afar",,2009,14083
"Ethiopia, Afar",,2010,14246
"Ethiopia, Afar",,2011,14299
"Ethiopia, Afar",,2012,14245
"Ethiopia, Afar",,2013,14138
"Ethiopia, Afar",,2014,14009
"Ethiopia, Afar",,2015,13845
"Ethiopia, Afar",,2016,13603
"Ethiopia, Afar",,2017,13259
"Ethiopia, Afar",,2018,12970
"Ethiopia, Afar",,2019,12727
"Ethiopia, Afar",,2020,12463
"Ethiopia, Afar",,2021,12306
"Ethiopia, Afar",,2022,12058
"Ethiopia, Amhara",,1990,10804
"Ethiopia, Amhara",,1991,15409
"Ethiopia, Amhara",,1992,21513
"Ethiopia, Amhara",,1993,29339
"Ethiopia, Amhara",,1994,39188
"Ethiopia, Amhara",,1995,51070
"Ethiopia, Amhara",,1996,64861
"Ethiopia, Amhara",,1997,80312
"Ethiopia, Amhara",,1998,96761
"Ethiopia, Amhara",,1999,113169
"Ethiopia, Amhara",,2000,129501
"Ethiopia, Amhara",,2001,145316
"Ethiopia, Amhara",,2002,160075
"Ethiopia, Amhara",,2003,173507
"Ethiopia, Amhara",,2004,185137
"Ethiopia, Amhara",,2005,194511
"Ethiopia, Amhara",,2006,201250
"Ethiopia, Amhara",,2007,204203
"Ethiopia, Amhara",,2008,202609
"Ethiopia, Amhara",,2009,197191
"Ethiopia, Amhara",,2010,187795
"Ethiopia, Amhara",,2011,174038
"Ethiopia, Amhara",,2012,157563
"Ethiopia, Amhara",,2013,140364
"Ethiopia, Amhara",,2014,124366
"Ethiopia, Amhara",,2015,109913
"Ethiopia, Amhara",,2016,96640
"Ethiopia, Amhara",,2017,84728
"Ethiopia, Amhara",,2018,74422
"Ethiopia, Amhara",,2019,65405
"Ethiopia, Amhara",,2020,57200
"Ethiopia, Amhara",,2021,50210
"Ethiopia, Amhara",,2022,44581
"Ethiopia, Benishangul Gumuz",,1990,138
"Ethiopia, Benishangul Gumuz",,1991,197
"Ethiopia, Benishangul Gumuz",,1992,279
"Ethiopia, Benishangul Gumuz",,1993,389
"Ethiopia, Benishangul Gumuz",,1994,533
"Ethiopia, Benishangul Gumuz",,1995,714
"Ethiopia, Benishangul Gumuz",,1996,935
"Ethiopia, Benishangul Gumuz",,1997,1196
"Ethiopia, Benishangul Gumuz",,1998,1496
"Ethiopia, Benishangul Gumuz",,1999,1830
"Ethiopia, Benishangul Gumuz",,2000,2191
"Ethiopia, Benishangul Gumuz",,2001,2572
"Ethiopia, Benishangul Gumuz",,2002,2949
"Ethiopia, Benishangul Gumuz",,2003,3304
"Ethiopia, Benishangul Gumuz",,2004,3639
"Ethiopia, Benishangul Gumuz",,2005,3940
"Ethiopia, Benishangul Gumuz",,2006,4199
"Ethiopia, Benishangul Gumuz",,2007,4402
"Ethiopia, Benishangul Gumuz",,2008,4539
"Ethiopia, Benishangul Gumuz",,2009,4625
"Ethiopia, Benishangul Gumuz",,2010,4659
"Ethiopia, Benishangul Gumuz",,2011,4633
"Ethiopia, Benishangul Gumuz",,2012,4557
"Ethiopia, Benishangul Gumuz",,2013,4470
"Ethiopia, Benishangul Gumuz",,2014,4415
"Ethiopia, Benishangul Gumuz",,2015,4378
"Ethiopia, Benishangul Gumuz",,2016,4380
"Ethiopia, Benishangul Gumuz",,2017,4143
"Ethiopia, Benishangul Gumuz",,2018,3887
"Ethiopia, Benishangul Gumuz",,2019,3656
"Ethiopia, Benishangul Gumuz",,2020,3487
"Ethiopia, Benishangul Gumuz",,2021,3340
"Ethiopia, Benishangul Gumuz",,2022,3235
"Ethiopia, Dire Dawa",,1990,947
"Ethiopia, Dire Dawa",,1991,1326
"Ethiopia, Dire Dawa",,1992,1796
"Ethiopia, Dire Dawa",,1993,2351
"Ethiopia, Dire Dawa",,1994,2996
"Ethiopia, Dire Dawa",,1995,3713
"Ethiopia, Dire Dawa",,1996,4441
"Ethiopia, Dire Dawa",,1997,5164
"Ethiopia, Dire Dawa",,1998,5877
"Ethiopia, Dire Dawa",,1999,6561
"Ethiopia, Dire Dawa",,2000,7200
"Ethiopia, Dire Dawa",,2001,7783
"Ethiopia, Dire Dawa",,2002,8299
"Ethiopia, Dire Dawa",,2003,8741
"Ethiopia, Dire Dawa",,2004,9103
"Ethiopia, Dire Dawa",,2005,9379
"Ethiopia, Dire Dawa",,2006,9569
"Ethiopia, Dire Dawa",,2007,9655
"Ethiopia, Dire Dawa",,2008,9639
"Ethiopia, Dire Dawa",,2009,9549
"Ethiopia, Dire Dawa",,2010,9392
"Ethiopia, Dire Dawa",,2011,9153
"Ethiopia, Dire Dawa",,2012,8851
"Ethiopia, Dire Dawa",,2013,8539
"Ethiopia, Dire Dawa",,2014,8282
"Ethiopia, Dire Dawa",,2015,8056
"Ethiopia, Dire Dawa",,2016,7844
"Ethiopia, Dire Dawa",,2017,7560
"Ethiopia, Dire Dawa",,2018,7352
"Ethiopia, Dire Dawa",,2019,7169
"Ethiopia, Dire Dawa",,2020,6999
"Ethiopia, Dire Dawa",,2021,6860
"Ethiopia, Dire Dawa",,2022,6678
"Ethiopia, Gambella",,1990,691
"Ethiopia, Gambella",,1991,1020
"Ethiopia, Gambella",,1992,1461
"Ethiopia, Gambella",,1993,2022
"Ethiopia, Gambella",,1994,2715
"Ethiopia, Gambella",,1995,3535
"Ethiopia, Gambella",,1996,4459
"Ethiopia, Gambella",,1997,5419
"Ethiopia, Gambella",,1998,6423
"Ethiopia, Gambella",,1999,7449
"Ethiopia, Gambella",,2000,8470
"Ethiopia, Gambella",,2001,9456
"Ethiopia, Gambella",,2002,10381
"Ethiopia, Gambella",,2003,11217
"Ethiopia, Gambella",,2004,11958
"Ethiopia, Gambella",,2005,12597
"Ethiopia, Gambella",,2006,13133
"Ethiopia, Gambella",,2007,13534
"Ethiopia, Gambella",,2008,13809
"Ethiopia, Gambella",,2009,13977
"Ethiopia, Gambella",,2010,14057
"Ethiopia, Gambella",,2011,14031
"Ethiopia, Gambella",,2012,13917
"Ethiopia, Gambella",,2013,13730
"Ethiopia, Gambella",,2014,13488
"Ethiopia, Gambella",,2015,13194
"Ethiopia, Gambella",,2016,12813
"Ethiopia, Gambella",,2017,11966
"Ethiopia, Gambella",,2018,11078
"Ethiopia, Gambella",,2019,10413
"Ethiopia, Gambella",,2020,9949
"Ethiopia, Gambella",,2021,9341
"Ethiopia, Gambella",,2022,8940
"Ethiopia, Harari",,1990,218
"Ethiopia, Harari",,1991,311
"Ethiopia, Harari",,1992,432
"Ethiopia, Harari",,1993,582
"Ethiopia, Harari",,1994,768
"Ethiopia, Harari",,1995,986
"Ethiopia, Harari",,1996,1236
"Ethiopia, Harari",,1997,1502
"Ethiopia, Harari",,1998,1778
"Ethiopia, Harari",,1999,2064
"Ethiopia, Harari",,2000,2353
"Ethiopia, Harari",,2001,2636
"Ethiopia, Harari",,2002,2909
"Ethiopia, Harari",,2003,3164
"Ethiopia, Harari",,2004,3394
"Ethiopia, Harari",,2005,3588
"Ethiopia, Harari",,2006,3740
"Ethiopia, Harari",,2007,3821
"Ethiopia, Harari",,2008,3804
"Ethiopia, Harari",,2009,3699
"Ethiopia, Harari",,2010,3503
"Ethiopia, Harari",,2011,3231
"Ethiopia, Harari",,2012,2920
"Ethiopia, Harari",,2013,2609
"Ethiopia, Harari",,2014,2327
"Ethiopia, Harari",,2015,2071
"Ethiopia, Harari",,2016,1841
"Ethiopia, Harari",,2017,1669
"Ethiopia, Harari",,2018,1508
"Ethiopia, Harari",,2019,1339
"Ethiopia, Harari",,2020,1192
"Ethiopia, Harari",,2021,1073
"Ethiopia, Harari",,2022,966
"Ethiopia, Oromia",,1990,12213
"Ethiopia, Oromia",,1991,17568
"Ethiopia, Oromia",,1992,24707
"Ethiopia, Oromia",,1993,33844
"Ethiopia, Oromia",,1994,45308
"Ethiopia, Oromia",,1995,59099
"Ethiopia, Oromia",,1996,75053
"Ethiopia, Oromia",,1997,92949
"Ethiopia, Oromia",,1998,112385
"Ethiopia, Oromia",,1999,132157
"Ethiopia, Oromia",,2000,151621
"Ethiopia, Oromia",,2001,170698
"Ethiopia, Oromia",,2002,188853
"Ethiopia, Oromia",,2003,205509
"Ethiopia, Oromia",,2004,220229
"Ethiopia, Oromia",,2005,232501
"Ethiopia, Oromia",,2006,241904
"Ethiopia, Oromia",,2007,247804
"Ethiopia, Oromia",,2008,249865
"Ethiopia, Oromia",,2009,249012
"Ethiopia, Oromia",,2010,245190
"Ethiopia, Oromia",,2011,238071
"Ethiopia, Oromia",,2012,228157
"Ethiopia, Oromia",,2013,217288
"Ethiopia, Oromia",,2014,207521
"Ethiopia, Oromia",,2015,198312
"Ethiopia, Oromia",,2016,189753
"Ethiopia, Oromia",,2017,178394
"Ethiopia, Oromia",,2018,169155
"Ethiopia, Oromia",,2019,160960
"Ethiopia, Oromia",,2020,153704
"Ethiopia, Oromia",,2021,145815
"Ethiopia, Oromia",,2022,136511
"Ethiopia, SNNPR",,1990,2759
"Ethiopia, SNNPR",,1991,3814
"Ethiopia, SNNPR",,1992,5193
"Ethiopia, SNNPR",,1993,6945
"Ethiopia, SNNPR",,1994,9136
"Ethiopia, SNNPR",,1995,11781
"Ethiopia, SNNPR",,1996,14881
"Ethiopia, SNNPR",,1997,18422
"Ethiopia, SNNPR",,1998,22357
"Ethiopia, SNNPR",,1999,26609
"Ethiopia, SNNPR",,2000,31088
"Ethiopia, SNNPR",,2001,35674
"Ethiopia, SNNPR",,2002,40068
"Ethiopia, SNNPR",,2003,44215
"Ethiopia, SNNPR",,2004,48062
"Ethiopia, SNNPR",,2005,51518
"Ethiopia, SNNPR",,2006,54448
"Ethiopia, SNNPR",,2007,56622
"Ethiopia, SNNPR",,2008,57911
"Ethiopia, SNNPR",,2009,58519
"Ethiopia, SNNPR",,2010,58459
"Ethiopia, SNNPR",,2011,57597
"Ethiopia, SNNPR",,2012,56053
"Ethiopia, SNNPR",,2013,54269
"Ethiopia, SNNPR",,2014,52747
"Ethiopia, SNNPR",,2015,51364
"Ethiopia, SNNPR",,2016,50216
"Ethiopia, SNNPR",,2017,49193
"Ethiopia, SNNPR",,2018,48554
"Ethiopia, SNNPR",,2019,47898
"Ethiopia, SNNPR",,2020,46330
"Ethiopia, SNNPR",,2021,44277
"Ethiopia, SNNPR",,2022,41740
"Ethiopia, Sidama",,1990,696
"Ethiopia, Sidama",,1991,951
"Ethiopia, Sidama",,1992,1288
"Ethiopia, Sidama",,1993,1716
"Ethiopia, Sidama",,1994,2257
"Ethiopia, Sidama",,1995,2916
"Ethiopia, Sidama",,1996,3698
"Ethiopia, Sidama",,1997,4602
"Ethiopia, Sidama",,1998,5627
"Ethiopia, Sidama",,1999,6762
"Ethiopia, Sidama",,2000,7990
"Ethiopia, Sidama",,2001,9283
"Ethiopia, Sidama",,2002,10598
"Ethiopia, Sidama",,2003,11866
"Ethiopia, Sidama",,2004,13108
"Ethiopia, Sidama",,2005,14285
"Ethiopia, Sidama",,2006,15368
"Ethiopia, Sidama",,2007,16290
"Ethiopia, Sidama",,2008,17018
"Ethiopia, Sidama",,2009,17606
"Ethiopia, Sidama",,2010,18059
"Ethiopia, Sidama",,2011,18354
"Ethiopia, Sidama",,2012,18521
"Ethiopia, Sidama",,2013,18684
"Ethiopia, Sidama",,2014,18939
"Ethiopia, Sidama",,2015,19243
"Ethiopia, Sidama",,2016,19628
"Ethiopia, Sidama",,2017,20056
"Ethiopia, Sidama",,2018,20557
"Ethiopia, Sidama",,2019,21011
"Ethiopia, Sidama",,2020,20972
"Ethiopia, Sidama",,2021,20909
"Ethiopia, Sidama",,2022,20901
"Ethiopia, Somali",,1990,624
"Ethiopia, Somali",,1991,915
"Ethiopia, Somali",,1992,1300
"Ethiopia, Somali",,1993,1788
"Ethiopia, Somali",,1994,2390
"Ethiopia, Somali",,1995,3104
"Ethiopia, Somali",,1996,3920
"Ethiopia, Somali",,1997,4826
"Ethiopia, Somali",,1998,5803
"Ethiopia, Somali",,1999,6829
"Ethiopia, Somali",,2000,7879
"Ethiopia, Somali",,2001,8920
"Ethiopia, Somali",,2002,9873
"Ethiopia, Somali",,2003,10732
"Ethiopia, Somali",,2004,11488
"Ethiopia, Somali",,2005,12117
"Ethiopia, Somali",,2006,12615
"Ethiopia, Somali",,2007,12990
"Ethiopia, Somali",,2008,13245
"Ethiopia, Somali",,2009,13407
"Ethiopia, Somali",,2010,13476
"Ethiopia, Somali",,2011,13470
"Ethiopia, Somali",,2012,13393
"Ethiopia, Somali",,2013,13279
"Ethiopia, Somali",,2014,13152
"Ethiopia, Somali",,2015,13017
"Ethiopia, Somali",,2016,12909
"Ethiopia, Somali",,2017,12745
"Ethiopia, Somali",,2018,12676
"Ethiopia, Somali",,2019,12621
"Ethiopia, Somali",,2020,12463
"Ethiopia, Somali",,2021,12334
"Ethiopia, Somali",,2022,12127
"Ethiopia, Tigray",,1990,2146
"Ethiopia, Tigray",,1991,3176
"Ethiopia, Tigray",,1992,4555
"Ethiopia, Tigray",,1993,6324
"Ethiopia, Tigray",,1994,8530
"Ethiopia, Tigray",,1995,11189
"Ethiopia, Tigray",,1996,14284
"Ethiopia, Tigray",,1997,17781
"Ethiopia, Tigray",,1998,21614
"Ethiopia, Tigray",,1999,25441
"Ethiopia, Tigray",,2000,29336
"Ethiopia, Tigray",,2001,33217
"Ethiopia, Tigray",,2002,36962
"Ethiopia, Tigray",,2003,40478
"Ethiopia, Tigray",,2004,43663
"Ethiopia, Tigray",,2005,46317
"Ethiopia, Tigray",,2006,48316
"Ethiopia, Tigray",,2007,49282
"Ethiopia, Tigray",,2008,48854
"Ethiopia, Tigray",,2009,47204
"Ethiopia, Tigray",,2010,44268
"Ethiopia, Tigray",,2011,40477
"Ethiopia, Tigray",,2012,36380
"Ethiopia, Tigray",,2013,32320
"Ethiopia, Tigray",,2014,28550
"Ethiopia, Tigray",,2015,25035
"Ethiopia, Tigray",,2016,21811
"Ethiopia, Tigray",,2017,18999
"Ethiopia, Tigray",,2018,16486
"Ethiopia, Tigray",,2019,14225
"Ethiopia, Tigray",,2020,12298
"Ethiopia, Tigray",,2021,10758
"Ethiopia, Tigray",,2022,9753
Fiji,FJI,1990,2
Fiji,FJI,1991,3
Fiji,FJI,1992,4
Fiji,FJI,1993,6
Fiji,FJI,1994,8
Fiji,FJI,1995,11
Fiji,FJI,1996,14
Fiji,FJI,1997,18
Fiji,FJI,1998,22
Fiji,FJI,1999,26
Fiji,FJI,2000,31
Fiji,FJI,2001,37
Fiji,FJI,2002,44
Fiji,FJI,2003,51
Fiji,FJI,2004,58
Fiji,FJI,2005,66
Fiji,FJI,2006,73
Fiji,FJI,2007,81
Fiji,FJI,2008,89
Fiji,FJI,2009,99
Fiji,FJI,2010,109
Fiji,FJI,2011,122
Fiji,FJI,2012,136
Fiji,FJI,2013,146
Fiji,FJI,2014,161
Fiji,FJI,2015,179
Fiji,FJI,2016,203
Fiji,FJI,2017,234
Fiji,FJI,2018,266
Fiji,FJI,2019,298
Fiji,FJI,2020,331
Fiji,FJI,2021,367
Fiji,FJI,2022,400
France,FRA,1990,5813
France,FRA,1991,6872
France,FRA,1992,8061
France,FRA,1993,9386
France,FRA,1994,10784
France,FRA,1995,12229
France,FRA,1996,13708
France,FRA,1997,15169
France,FRA,1998,15617
France,FRA,1999,15518
France,FRA,2000,15006
France,FRA,2001,14149
France,FRA,2002,13230
France,FRA,2003,12332
France,FRA,2004,11507
France,FRA,2005,10782
France,FRA,2006,10214
France,FRA,2007,9778
France,FRA,2008,9429
France,FRA,2009,9208
France,FRA,2010,9207
France,FRA,2011,9406
France,FRA,2012,9747
France,FRA,2013,10217
France,FRA,2014,10825
France,FRA,2015,11476
France,FRA,2016,11514
France,FRA,2017,11582
France,FRA,2018,11714
France,FRA,2019,11993
France,FRA,2020,12254
France,FRA,2021,12728
France,FRA,2022,13292
Gabon,GAB,1990,638
Gabon,GAB,1991,887
Gabon,GAB,1992,1227
Gabon,GAB,1993,1684
Gabon,GAB,1994,2283
Gabon,GAB,1995,3049
Gabon,GAB,1996,4002
Gabon,GAB,1997,5163
Gabon,GAB,1998,6539
Gabon,GAB,1999,8066
Gabon,GAB,2000,9761
Gabon,GAB,2001,11604
Gabon,GAB,2002,13535
Gabon,GAB,2003,15497
Gabon,GAB,2004,17476
Gabon,GAB,2005,19184
Gabon,GAB,2006,20413
Gabon,GAB,2007,21723
Gabon,GAB,2008,23017
Gabon,GAB,2009,24344
Gabon,GAB,2010,25502
Gabon,GAB,2011,26743
Gabon,GAB,2012,27867
Gabon,GAB,2013,28784
Gabon,GAB,2014,28874
Gabon,GAB,2015,29061
Gabon,GAB,2016,29598
Gabon,GAB,2017,30079
Gabon,GAB,2018,30573
Gabon,GAB,2019,30897
Gabon,GAB,2020,31083
Gabon,GAB,2021,31542
Gabon,GAB,2022,31479
Gambia,GMB,1990,70
Gambia,GMB,1991,108
Gambia,GMB,1992,164
Gambia,GMB,1993,248
Gambia,GMB,1994,373
Gambia,GMB,1995,552
Gambia,GMB,1996,804
Gambia,GMB,1997,1144
Gambia,GMB,1998,1592
Gambia,GMB,1999,2162
Gambia,GMB,2000,2863
Gambia,GMB,2001,3699
Gambia,GMB,2002,4667
Gambia,GMB,2003,5759
Gambia,GMB,2004,6977
Gambia,GMB,2005,8296
Gambia,GMB,2006,9606
Gambia,GMB,2007,10971
Gambia,GMB,2008,12368
Gambia,GMB,2009,13774
Gambia,GMB,2010,15216
Gambia,GMB,2011,16506
Gambia,GMB,2012,17690
Gambia,GMB,2013,18839
Gambia,GMB,2014,20092
Gambia,GMB,2015,21295
Gambia,GMB,2016,22462
Gambia,GMB,2017,23456
Gambia,GMB,2018,24337
Gambia,GMB,2019,25120
Gambia,GMB,2020,25747
Gambia,GMB,2021,26355
Gambia,GMB,2022,26788
Georgia,GEO,1990,0
Georgia,GEO,1991,0
Georgia,GEO,1992,0
Georgia,GEO,1993,0
Georgia,GEO,1994,0
Georgia,GEO,1995,0
Georgia,GEO,1996,1
Georgia,GEO,1997,1
Georgia,GEO,1998,2
Georgia,GEO,1999,3
Georgia,GEO,2000,5
Georgia,GEO,2001,8
Georgia,GEO,2002,13
Georgia,GEO,2003,21
Georgia,GEO,2004,32
Georgia,GEO,2005,45
Georgia,GEO,2006,56
Georgia,GEO,2007,64
Georgia,GEO,2008,78
Georgia,GEO,2009,94
Georgia,GEO,2010,113
Georgia,GEO,2011,139
Georgia,GEO,2012,160
Georgia,GEO,2013,180
Georgia,GEO,2014,211
Georgia,GEO,2015,255
Georgia,GEO,2016,312
Georgia,GEO,2017,376
Georgia,GEO,2018,443
Georgia,GEO,2019,513
Georgia,GEO,2020,575
Georgia,GEO,2021,637
Georgia,GEO,2022,699
Germany,DEU,2010,2892
Germany,DEU,2011,2747
Germany,DEU,2012,2634
Germany,DEU,2013,2537
Germany,DEU,2014,2431
Germany,DEU,2015,2319
Germany,DEU,2016,2211
Germany,DEU,2017,2102
Germany,DEU,2018,2030
Germany,DEU,2019,1984
Germany,DEU,2020,1899
Germany,DEU,2021,1828
Ghana,GHA,1990,14120
Ghana,GHA,1991,19358
Ghana,GHA,1992,25993
Ghana,GHA,1993,34240
Ghana,GHA,1994,44198
Ghana,GHA,1995,55936
Ghana,GHA,1996,69296
Ghana,GHA,1997,84043
Ghana,GHA,1998,99727
Ghana,GHA,1999,115611
Ghana,GHA,2000,131757
Ghana,GHA,2001,147597
Ghana,GHA,2002,162941
Ghana,GHA,2003,177417
Ghana,GHA,2004,190520
Ghana,GHA,2005,201999
Ghana,GHA,2006,211779
Ghana,GHA,2007,219758
Ghana,GHA,2008,225693
Ghana,GHA,2009,229868
Ghana,GHA,2010,233037
Ghana,GHA,2011,235182
Ghana,GHA,2012,235547
Ghana,GHA,2013,236196
Ghana,GHA,2014,238066
Ghana,GHA,2015,239912
Ghana,GHA,2016,241859
Ghana,GHA,2017,243267
Ghana,GHA,2018,244343
Ghana,GHA,2019,244642
Ghana,GHA,2020,244365
Ghana,GHA,2021,238993
Ghana,GHA,2022,229954
Greece,GRC,1990,198
Greece,GRC,1991,277
Greece,GRC,1992,368
Greece,GRC,1993,469
Greece,GRC,1994,574
Greece,GRC,1995,679
Greece,GRC,1996,647
Greece,GRC,1997,624
Greece,GRC,1998,596
Greece,GRC,1999,571
Greece,GRC,2000,546
Greece,GRC,2001,525
Greece,GRC,2002,517
Greece,GRC,2003,523
Greece,GRC,2004,544
Greece,GRC,2005,577
Greece,GRC,2006,612
Greece,GRC,2007,652
Greece,GRC,2008,683
Greece,GRC,2009,702
Greece,GRC,2010,719
Greece,GRC,2011,735
Greece,GRC,2012,742
Greece,GRC,2013,741
Greece,GRC,2014,722
Greece,GRC,2015,700
Greece,GRC,2016,667
Greece,GRC,2017,630
Greece,GRC,2018,598
Greece,GRC,2019,560
Greece,GRC,2020,524
Greece,GRC,2021,494
Greece,GRC,2022,470
Grenada,GRD,1990,21
Grenada,GRD,1991,27
Grenada,GRD,1992,33
Grenada,GRD,1993,41
Grenada,GRD,1994,49
Grenada,GRD,1995,57
Grenada,GRD,1996,65
Grenada,GRD,1997,73
Grenada,GRD,1998,80
Grenada,GRD,1999,86
Grenada,GRD,2000,90
Grenada,GRD,2001,93
Grenada,GRD,2002,95
Grenada,GRD,2003,95
Grenada,GRD,2004,93
Grenada,GRD,2005,91
Grenada,GRD,2006,89
Grenada,GRD,2007,86
Grenada,GRD,2008,84
Grenada,GRD,2009,83
Grenada,GRD,2010,82
Grenada,GRD,2011,83
Grenada,GRD,2012,78
Grenada,GRD,2013,74
Grenada,GRD,2014,73
Grenada,GRD,2015,76
Grenada,GRD,2016,75
Grenada,GRD,2017,77
Grenada,GRD,2018,77
Grenada,GRD,2019,80
Grenada,GRD,2020,86
Grenada,GRD,2021,94
Grenada,GRD,2022,102
Guatemala,GTM,1990,663
Guatemala,GTM,1991,992
Guatemala,GTM,1992,1452
Guatemala,GTM,1993,2077
Guatemala,GTM,1994,2897
Guatemala,GTM,1995,3924
Guatemala,GTM,1996,5174
Guatemala,GTM,1997,6653
Guatemala,GTM,1998,8357
Guatemala,GTM,1999,10257
Guatemala,GTM,2000,12302
Guatemala,GTM,2001,14444
Guatemala,GTM,2002,16619
Guatemala,GTM,2003,18771
Guatemala,GTM,2004,20011
Guatemala,GTM,2005,21437
Guatemala,GTM,2006,22940
Guatemala,GTM,2007,23848
Guatemala,GTM,2008,23847
Guatemala,GTM,2009,23028
Guatemala,GTM,2010,22238
Guatemala,GTM,2011,21524
Guatemala,GTM,2012,21066
Guatemala,GTM,2013,20363
Guatemala,GTM,2014,19730
Guatemala,GTM,2015,19312
Guatemala,GTM,2016,19172
Guatemala,GTM,2017,18932
Guatemala,GTM,2018,18365
Guatemala,GTM,2019,17363
Guatemala,GTM,2020,16194
Guatemala,GTM,2021,15039
Guatemala,GTM,2022,13691
Guinea,GIN,1990,2598
Guinea,GIN,1991,3550
Guinea,GIN,1992,4785
Guinea,GIN,1993,6325
Guinea,GIN,1994,8270
Guinea,GIN,1995,10617
Guinea,GIN,1996,13410
Guinea,GIN,1997,16645
Guinea,GIN,1998,20188
Guinea,GIN,1999,24097
Guinea,GIN,2000,28291
Guinea,GIN,2001,32662
Guinea,GIN,2002,36799
Guinea,GIN,2003,40973
Guinea,GIN,2004,45188
Guinea,GIN,2005,49254
Guinea,GIN,2006,52974
Guinea,GIN,2007,56174
Guinea,GIN,2008,59593
Guinea,GIN,2009,62270
Guinea,GIN,2010,63761
Guinea,GIN,2011,64944
Guinea,GIN,2012,66575
Guinea,GIN,2013,68541
Guinea,GIN,2014,71295
Guinea,GIN,2015,73876
Guinea,GIN,2016,77113
Guinea,GIN,2017,80013
Guinea,GIN,2018,82090
Guinea,GIN,2019,84695
Guinea,GIN,2020,85903
Guinea,GIN,2021,86376
Guinea,GIN,2022,85269
Guinea-Bissau,GNB,1990,92
Guinea-Bissau,GNB,1991,132
Guinea-Bissau,GNB,1992,192
Guinea-Bissau,GNB,1993,281
Guinea-Bissau,GNB,1994,414
Guinea-Bissau,GNB,1995,607
Guinea-Bissau,GNB,1996,884
Guinea-Bissau,GNB,1997,1271
Guinea-Bissau,GNB,1998,1808
Guinea-Bissau,GNB,1999,2534
Guinea-Bissau,GNB,2000,3493
Guinea-Bissau,GNB,2001,4701
Guinea-Bissau,GNB,2002,6167
Guinea-Bissau,GNB,2003,7878
Guinea-Bissau,GNB,2004,9814
Guinea-Bissau,GNB,2005,11860
Guinea-Bissau,GNB,2006,13996
Guinea-Bissau,GNB,2007,16128
Guinea-Bissau,GNB,2008,18187
Guinea-Bissau,GNB,2009,20064
Guinea-Bissau,GNB,2010,21950
Guinea-Bissau,GNB,2011,23816
Guinea-Bissau,GNB,2012,25566
Guinea-Bissau,GNB,2013,27209
Guinea-Bissau,GNB,2014,28891
Guinea-Bissau,GNB,2015,30320
Guinea-Bissau,GNB,2016,31501
Guinea-Bissau,GNB,2017,32275
Guinea-Bissau,GNB,2018,33077
Guinea-Bissau,GNB,2019,33339
Guinea-Bissau,GNB,2020,33202
Guinea-Bissau,GNB,2021,32881
Guinea-Bissau,GNB,2022,31707
Guyana,GUY,1990,11
Guyana,GUY,1991,15
Guyana,GUY,1992,22
Guyana,GUY,1993,33
Guyana,GUY,1994,49
Guyana,GUY,1995,72
Guyana,GUY,1996,104
Guyana,GUY,1997,146
Guyana,GUY,1998,199
Guyana,GUY,1999,265
Guyana,GUY,2000,343
Guyana,GUY,2001,436
Guyana,GUY,2002,544
Guyana,GUY,2003,667
Guyana,GUY,2004,794
Guyana,GUY,2005,899
Guyana,GUY,2006,943
Guyana,GUY,2007,960
Guyana,GUY,2008,969
Guyana,GUY,2009,976
Guyana,GUY,2010,983
Guyana,GUY,2011,999
Guyana,GUY,2012,1014
Guyana,GUY,2013,1035
Guyana,GUY,2014,1073
Guyana,GUY,2015,1124
Guyana,GUY,2016,1189
Guyana,GUY,2017,1250
Guyana,GUY,2018,1322
Guyana,GUY,2019,1382
Guyana,GUY,2020,1465
Guyana,GUY,2021,1556
Guyana,GUY,2022,1605
Haiti,HTI,1990,9109
Haiti,HTI,1991,12886
Haiti,HTI,1992,17510
Haiti,HTI,1993,22931
Haiti,HTI,1994,29010
Haiti,HTI,1995,35620
Haiti,HTI,1996,42690
Haiti,HTI,1997,50106
Haiti,HTI,1998,57361
Haiti,HTI,1999,64117
Haiti,HTI,2000,70506
Haiti,HTI,2001,76356
Haiti,HTI,2002,81506
Haiti,HTI,2003,85833
Haiti,HTI,2004,89138
Haiti,HTI,2005,91629
Haiti,HTI,2006,93024
Haiti,HTI,2007,93099
Haiti,HTI,2008,92513
Haiti,HTI,2009,91326
Haiti,HTI,2010,87567
Haiti,HTI,2011,86526
Haiti,HTI,2012,85314
Haiti,HTI,2013,83748
Haiti,HTI,2014,81781
Haiti,HTI,2015,79947
Haiti,HTI,2016,78084
Haiti,HTI,2017,77007
Haiti,HTI,2018,72969
Haiti,HTI,2019,69918
Haiti,HTI,2020,65167
Haiti,HTI,2021,59123
Haiti,HTI,2022,53459
Honduras,HND,1990,1958
Honduras,HND,1991,2634
Honduras,HND,1992,3471
Honduras,HND,1993,4484
Honduras,HND,1994,5693
Honduras,HND,1995,7131
Honduras,HND,1996,8819
Honduras,HND,1997,10726
Honduras,HND,1998,12726
Honduras,HND,1999,14931
Honduras,HND,2000,17223
Honduras,HND,2001,19536
Honduras,HND,2002,21794
Honduras,HND,2003,23882
Honduras,HND,2004,25449
Honduras,HND,2005,26803
Honduras,HND,2006,27832
Honduras,HND,2007,28563
Honduras,HND,2008,28951
Honduras,HND,2009,29147
Honduras,HND,2010,29015
Honduras,HND,2011,28664
Honduras,HND,2012,28116
Honduras,HND,2013,27315
Honduras,HND,2014,26234
Honduras,HND,2015,25006
Honduras,HND,2016,23652
Honduras,HND,2017,22213
Honduras,HND,2018,20629
Honduras,HND,2019,19077
Honduras,HND,2020,17564
Honduras,HND,2021,16108
Honduras,HND,2022,14676
Iceland,ISL,1990,13
Iceland,ISL,1991,14
Iceland,ISL,1992,16
Iceland,ISL,1993,18
Iceland,ISL,1994,19
Iceland,ISL,1995,21
Iceland,ISL,1996,23
Iceland,ISL,1997,24
Iceland,ISL,1998,26
Iceland,ISL,1999,26
Iceland,ISL,2000,25
Iceland,ISL,2001,24
Iceland,ISL,2002,22
Iceland,ISL,2003,20
Iceland,ISL,2004,18
Iceland,ISL,2005,16
Iceland,ISL,2006,14
Iceland,ISL,2007,13
Iceland,ISL,2008,11
Iceland,ISL,2009,10
Iceland,ISL,2010,8
Iceland,ISL,2011,7
Iceland,ISL,2012,6
Iceland,ISL,2013,6
Iceland,ISL,2014,5
Iceland,ISL,2015,5
Iceland,ISL,2016,5
Iceland,ISL,2017,6
Iceland,ISL,2018,6
Iceland,ISL,2019,7
Iceland,ISL,2020,8
Iceland,ISL,2021,8
Iceland,ISL,2022,9
Indonesia,IDN,1990,3
Indonesia,IDN,1991,8
Indonesia,IDN,1992,17
Indonesia,IDN,1993,35
Indonesia,IDN,1994,69
Indonesia,IDN,1995,131
Indonesia,IDN,1996,242
Indonesia,IDN,1997,433
Indonesia,IDN,1998,742
Indonesia,IDN,1999,1225
Indonesia,IDN,2000,1949
Indonesia,IDN,2001,3008
Indonesia,IDN,2002,4565
Indonesia,IDN,2003,6824
Indonesia,IDN,2004,9965
Indonesia,IDN,2005,14251
Indonesia,IDN,2006,19865
Indonesia,IDN,2007,26750
Indonesia,IDN,2008,35264
Indonesia,IDN,2009,45639
Indonesia,IDN,2010,57753
Indonesia,IDN,2011,72024
Indonesia,IDN,2012,88343
Indonesia,IDN,2013,106339
Indonesia,IDN,2014,125893
Indonesia,IDN,2015,146146
Indonesia,IDN,2016,166958
Indonesia,IDN,2017,187719
Indonesia,IDN,2018,208257
Indonesia,IDN,2019,227806
Indonesia,IDN,2020,245403
Indonesia,IDN,2021,260892
Indonesia,IDN,2022,274861
Iran,IRN,1990,160
Iran,IRN,1991,222
Iran,IRN,1992,295
Iran,IRN,1993,378
Iran,IRN,1994,464
Iran,IRN,1995,561
Iran,IRN,1996,656
Iran,IRN,1997,778
Iran,IRN,1998,922
Iran,IRN,1999,1143
Iran,IRN,2000,1464
Iran,IRN,2001,1881
Iran,IRN,2002,2414
Iran,IRN,2003,3058
Iran,IRN,2004,3865
Iran,IRN,2005,4830
Iran,IRN,2006,5940
Iran,IRN,2007,7179
Iran,IRN,2008,8530
Iran,IRN,2009,9957
Iran,IRN,2010,11423
Iran,IRN,2011,12952
Iran,IRN,2012,14524
Iran,IRN,2013,16110
Iran,IRN,2014,17717
Iran,IRN,2015,19319
Iran,IRN,2016,20818
Iran,IRN,2017,22154
Iran,IRN,2018,23282
Iran,IRN,2019,24206
Iran,IRN,2020,24957
Iran,IRN,2021,25693
Iran,IRN,2022,26314
Iraq,IRQ,1990,19
Iraq,IRQ,1991,24
Iraq,IRQ,1992,30
Iraq,IRQ,1993,38
Iraq,IRQ,1994,49
Iraq,IRQ,1995,63
Iraq,IRQ,1996,80
Iraq,IRQ,1997,102
Iraq,IRQ,1998,129
Iraq,IRQ,1999,163
Iraq,IRQ,2000,205
Iraq,IRQ,2001,240
Iraq,IRQ,2002,280
Iraq,IRQ,2003,334
Iraq,IRQ,2004,399
Iraq,IRQ,2005,479
Iraq,IRQ,2006,561
Iraq,IRQ,2007,640
Iraq,IRQ,2008,716
Iraq,IRQ,2009,800
Iraq,IRQ,2010,885
Iraq,IRQ,2011,968
Iraq,IRQ,2012,1048
Iraq,IRQ,2013,1127
Iraq,IRQ,2014,1196
Iraq,IRQ,2015,1255
Iraq,IRQ,2016,1303
Iraq,IRQ,2017,1342
Iraq,IRQ,2018,1376
Iraq,IRQ,2019,1423
Iraq,IRQ,2020,1479
Iraq,IRQ,2021,1560
Iraq,IRQ,2022,1633
Ireland,IRL,1990,42
Ireland,IRL,1991,59
Ireland,IRL,1992,81
Ireland,IRL,1993,106
Ireland,IRL,1994,135
Ireland,IRL,1995,167
Ireland,IRL,1996,202
Ireland,IRL,1997,214
Ireland,IRL,1998,219
Ireland,IRL,1999,209
Ireland,IRL,2000,195
Ireland,IRL,2001,181
Ireland,IRL,2002,168
Ireland,IRL,2003,155
Ireland,IRL,2004,141
Ireland,IRL,2005,129
Ireland,IRL,2006,117
Ireland,IRL,2007,107
Ireland,IRL,2008,97
Ireland,IRL,2009,88
Ireland,IRL,2010,83
Ireland,IRL,2011,80
Ireland,IRL,2012,77
Ireland,IRL,2013,75
Ireland,IRL,2014,74
Ireland,IRL,2015,74
Ireland,IRL,2016,75
Ireland,IRL,2017,77
Ireland,IRL,2018,80
Ireland,IRL,2019,81
Ireland,IRL,2020,82
Ireland,IRL,2021,83
Italy,ITA,1990,3100
Italy,ITA,1991,4294
Italy,ITA,1992,5628
Italy,ITA,1993,7095
Italy,ITA,1994,8665
Italy,ITA,1995,10242
Italy,ITA,1996,11807
Italy,ITA,1997,13138
Italy,ITA,1998,14004
Italy,ITA,1999,14404
Italy,ITA,2000,14532
Italy,ITA,2001,14455
Italy,ITA,2002,14207
Italy,ITA,2003,13820
Italy,ITA,2004,13346
Italy,ITA,2005,12782
Italy,ITA,2006,12180
Italy,ITA,2007,11482
Italy,ITA,2008,10766
Italy,ITA,2009,10072
Italy,ITA,2010,9435
Italy,ITA,2011,8816
Italy,ITA,2012,8217
Italy,ITA,2013,7874
Italy,ITA,2014,7373
Italy,ITA,2015,6823
Italy,ITA,2016,6338
Italy,ITA,2017,5885
Italy,ITA,2018,5327
Italy,ITA,2019,4779
Italy,ITA,2020,4274
Italy,ITA,2021,3802
Italy,ITA,2022,3370
Jamaica,JAM,1990,910
Jamaica,JAM,1991,1415
Jamaica,JAM,1992,2049
Jamaica,JAM,1993,2804
Jamaica,JAM,1994,3670
Jamaica,JAM,1995,4650
Jamaica,JAM,1996,5727
Jamaica,JAM,1997,6863
Jamaica,JAM,1998,8025
Jamaica,JAM,1999,9182
Jamaica,JAM,2000,10282
Jamaica,JAM,2001,11252
Jamaica,JAM,2002,12139
Jamaica,JAM,2003,12915
Jamaica,JAM,2004,13570
Jamaica,JAM,2005,14094
Jamaica,JAM,2006,14307
Jamaica,JAM,2007,14509
Jamaica,JAM,2008,14573
Jamaica,JAM,2009,14568
Jamaica,JAM,2010,14366
Jamaica,JAM,2011,14194
Jamaica,JAM,2012,14022
Jamaica,JAM,2013,13806
Jamaica,JAM,2014,13549
Jamaica,JAM,2015,13272
Jamaica,JAM,2016,12992
Jamaica,JAM,2017,12670
Jamaica,JAM,2018,12366
Jamaica,JAM,2019,12089
Jamaica,JAM,2020,11526
Jamaica,JAM,2021,11178
Jamaica,JAM,2022,10846
Jordan,JOR,1990,42
Jordan,JOR,1991,48
Jordan,JOR,1992,54
Jordan,JOR,1993,61
Jordan,JOR,1994,69
Jordan,JOR,1995,76
Jordan,JOR,1996,84
Jordan,JOR,1997,92
Jordan,JOR,1998,99
Jordan,JOR,1999,106
Jordan,JOR,2000,112
Jordan,JOR,2001,113
Jordan,JOR,2002,114
Jordan,JOR,2003,116
Jordan,JOR,2004,120
Jordan,JOR,2005,125
Jordan,JOR,2006,128
Jordan,JOR,2007,131
Jordan,JOR,2008,134
Jordan,JOR,2009,137
Jordan,JOR,2010,140
Jordan,JOR,2011,144
Jordan,JOR,2012,150
Jordan,JOR,2013,157
Jordan,JOR,2014,166
Jordan,JOR,2015,180
Jordan,JOR,2016,198
Jordan,JOR,2017,213
Jordan,JOR,2018,225
Jordan,JOR,2019,232
Jordan,JOR,2020,236
Jordan,JOR,2021,240
Jordan,JOR,2022,255
Kenya,KEN,1990,52561
Kenya,KEN,1991,79535
Kenya,KEN,1992,116712
Kenya,KEN,1993,165858
Kenya,KEN,1994,228348
Kenya,KEN,1995,303493
Kenya,KEN,1996,388631
Kenya,KEN,1997,481226
Kenya,KEN,1998,578819
Kenya,KEN,1999,677290
Kenya,KEN,2000,772143
Kenya,KEN,2001,860864
Kenya,KEN,2002,941064
Kenya,KEN,2003,1011264
Kenya,KEN,2004,1070360
Kenya,KEN,2005,1113626
Kenya,KEN,2006,1144344
Kenya,KEN,2007,1154696
Kenya,KEN,2008,1155583
Kenya,KEN,2009,1143783
Kenya,KEN,2010,1112949
Kenya,KEN,2011,1074099
Kenya,KEN,2012,1032147
Kenya,KEN,2013,993426
Kenya,KEN,2014,959893
Kenya,KEN,2015,924342
Kenya,KEN,2016,869401
Kenya,KEN,2017,810595
Kenya,KEN,2018,748160
Kenya,KEN,2019,700986
Kenya,KEN,2020,664191
Kenya,KEN,2021,639564
Kenya,KEN,2022,591000
"Kenya, Central",,1990,1853
"Kenya, Central",,1991,3183
"Kenya, Central",,1992,5259
"Kenya, Central",,1993,8297
"Kenya, Central",,1994,12459
"Kenya, Central",,1995,17767
"Kenya, Central",,1996,24130
"Kenya, Central",,1997,31375
"Kenya, Central",,1998,39248
"Kenya, Central",,1999,47081
"Kenya, Central",,2000,54565
"Kenya, Central",,2001,61491
"Kenya, Central",,2002,67585
"Kenya, Central",,2003,72703
"Kenya, Central",,2004,76767
"Kenya, Central",,2005,79434
"Kenya, Central",,2006,80976
"Kenya, Central",,2007,80978
"Kenya, Central",,2008,80085
"Kenya, Central",,2009,78065
"Kenya, Central",,2010,74467
"Kenya, Central",,2011,70132
"Kenya, Central",,2012,65057
"Kenya, Central",,2013,60084
"Kenya, Central",,2014,55371
"Kenya, Central",,2015,51421
"Kenya, Central",,2016,47539
"Kenya, Central",,2017,42946
"Kenya, Central",,2018,38954
"Kenya, Central",,2019,35742
"Kenya, Central",,2020,32935
"Kenya, Central",,2021,30373
"Kenya, Central",,2022,27073
"Kenya, Coast",,1990,9115
"Kenya, Coast",,1991,13179
"Kenya, Coast",,1992,18373
"Kenya, Coast",,1993,24747
"Kenya, Coast",,1994,32337
"Kenya, Coast",,1995,40732
"Kenya, Coast",,1996,49509
"Kenya, Coast",,1997,58492
"Kenya, Coast",,1998,67332
"Kenya, Coast",,1999,75689
"Kenya, Coast",,2000,83307
"Kenya, Coast",,2001,89965
"Kenya, Coast",,2002,95544
"Kenya, Coast",,2003,99990
"Kenya, Coast",,2004,103304
"Kenya, Coast",,2005,105292
"Kenya, Coast",,2006,106219
"Kenya, Coast",,2007,105804
"Kenya, Coast",,2008,104941
"Kenya, Coast",,2009,103390
"Kenya, Coast",,2010,101185
"Kenya, Coast",,2011,98770
"Kenya, Coast",,2012,96267
"Kenya, Coast",,2013,93979
"Kenya, Coast",,2014,91950
"Kenya, Coast",,2015,88505
"Kenya, Coast",,2016,84071
"Kenya, Coast",,2017,81128
"Kenya, Coast",,2018,76576
"Kenya, Coast",,2019,72477
"Kenya, Coast",,2020,69325
"Kenya, Coast",,2021,67428
"Kenya, Coast",,2022,62169
"Kenya, Eastern",,1990,1653
"Kenya, Eastern",,1991,2898
"Kenya, Eastern",,1992,4939
"Kenya, Eastern",,1993,8093
"Kenya, Eastern",,1994,12643
"Kenya, Eastern",,1995,18735
"Kenya, Eastern",,1996,26346
"Kenya, Eastern",,1997,35332
"Kenya, Eastern",,1998,45440
"Kenya, Eastern",,1999,56247
"Kenya, Eastern",,2000,66704
"Kenya, Eastern",,2001,76775
"Kenya, Eastern",,2002,86062
"Kenya, Eastern",,2003,94245
"Kenya, Eastern",,2004,101195
"Kenya, Eastern",,2005,106548
"Kenya, Eastern",,2006,110547
"Kenya, Eastern",,2007,112672
"Kenya, Eastern",,2008,113788
"Kenya, Eastern",,2009,113604
"Kenya, Eastern",,2010,112284
"Kenya, Eastern",,2011,110408
"Kenya, Eastern",,2012,108110
"Kenya, Eastern",,2013,106086
"Kenya, Eastern",,2014,104254
"Kenya, Eastern",,2015,100587
"Kenya, Eastern",,2016,95558
"Kenya, Eastern",,2017,90904
"Kenya, Eastern",,2018,85223
"Kenya, Eastern",,2019,80418
"Kenya, Eastern",,2020,75639
"Kenya, Eastern",,2021,70995
"Kenya, Eastern",,2022,64503
"Kenya, Nairobi",,1990,3024
"Kenya, Nairobi",,1991,4305
"Kenya, Nairobi",,1992,5972
"Kenya, Nairobi",,1993,8098
"Kenya, Nairobi",,1994,10722
"Kenya, Nairobi",,1995,13824
"Kenya, Nairobi",,1996,17222
"Kenya, Nairobi",,1997,20923
"Kenya, Nairobi",,1998,24809
"Kenya, Nairobi",,1999,28751
"Kenya, Nairobi",,2000,32613
"Kenya, Nairobi",,2001,36303
"Kenya, Nairobi",,2002,39769
"Kenya, Nairobi",,2003,42941
"Kenya, Nairobi",,2004,45718
"Kenya, Nairobi",,2005,47621
"Kenya, Nairobi",,2006,48957
"Kenya, Nairobi",,2007,48665
"Kenya, Nairobi",,2008,47639
"Kenya, Nairobi",,2009,45641
"Kenya, Nairobi",,2010,42582
"Kenya, Nairobi",,2011,39203
"Kenya, Nairobi",,2012,35946
"Kenya, Nairobi",,2013,32636
"Kenya, Nairobi",,2014,29472
"Kenya, Nairobi",,2015,26603
"Kenya, Nairobi",,2016,23842
"Kenya, Nairobi",,2017,21132
"Kenya, Nairobi",,2018,18617
"Kenya, Nairobi",,2019,16423
"Kenya, Nairobi",,2020,14469
"Kenya, Nairobi",,2021,12772
"Kenya, Nairobi",,2022,11318
"Kenya, North Eastern",,1990,334
"Kenya, North Eastern",,1991,618
"Kenya, North Eastern",,1992,1055
"Kenya, North Eastern",,1993,1665
"Kenya, North Eastern",,1994,2450
"Kenya, North Eastern",,1995,3405
"Kenya, North Eastern",,1996,4515
"Kenya, North Eastern",,1997,5743
"Kenya, North Eastern",,1998,7044
"Kenya, North Eastern",,1999,8366
"Kenya, North Eastern",,2000,9615
"Kenya, North Eastern",,2001,10655
"Kenya, North Eastern",,2002,11553
"Kenya, North Eastern",,2003,12305
"Kenya, North Eastern",,2004,12907
"Kenya, North Eastern",,2005,13334
"Kenya, North Eastern",,2006,13573
"Kenya, North Eastern",,2007,13618
"Kenya, North Eastern",,2008,13509
"Kenya, North Eastern",,2009,13260
"Kenya, North Eastern",,2010,12874
"Kenya, North Eastern",,2011,12385
"Kenya, North Eastern",,2012,11819
"Kenya, North Eastern",,2013,11204
"Kenya, North Eastern",,2014,10564
"Kenya, North Eastern",,2015,9894
"Kenya, North Eastern",,2016,9255
"Kenya, North Eastern",,2017,8471
"Kenya, North Eastern",,2018,7760
"Kenya, North Eastern",,2019,7123
"Kenya, North Eastern",,2020,6551
"Kenya, North Eastern",,2021,6043
"Kenya, North Eastern",,2022,5506
"Kenya, Nyanza",,1990,16030
"Kenya, Nyanza",,1991,23961
"Kenya, Nyanza",,1992,34848
"Kenya, Nyanza",,1993,49206
"Kenya, Nyanza",,1994,67516
"Kenya, Nyanza",,1995,89568
"Kenya, Nyanza",,1996,114495
"Kenya, Nyanza",,1997,142176
"Kenya, Nyanza",,1998,171670
"Kenya, Nyanza",,1999,201811
"Kenya, Nyanza",,2000,231195
"Kenya, Nyanza",,2001,259080
"Kenya, Nyanza",,2002,284767
"Kenya, Nyanza",,2003,307929
"Kenya, Nyanza",,2004,328227
"Kenya, Nyanza",,2005,343927
"Kenya, Nyanza",,2006,355695
"Kenya, Nyanza",,2007,360387
"Kenya, Nyanza",,2008,361435
"Kenya, Nyanza",,2009,357573
"Kenya, Nyanza",,2010,344764
"Kenya, Nyanza",,2011,329598
"Kenya, Nyanza",,2012,314994
"Kenya, Nyanza",,2013,303049
"Kenya, Nyanza",,2014,293836
"Kenya, Nyanza",,2015,284786
"Kenya, Nyanza",,2016,269398
"Kenya, Nyanza",,2017,252260
"Kenya, Nyanza",,2018,231771
"Kenya, Nyanza",,2019,214959
"Kenya, Nyanza",,2020,201649
"Kenya, Nyanza",,2021,194284
"Kenya, Nyanza",,2022,179492
"Kenya, Rift Valley",,1990,13602
"Kenya, Rift Valley",,1991,20698
"Kenya, Rift Valley",,1992,30436
"Kenya, Rift Valley",,1993,43227
"Kenya, Rift Valley",,1994,59336
"Kenya, Rift Valley",,1995,78670
"Kenya, Rift Valley",,1996,100692
"Kenya, Rift Valley",,1997,124123
"Kenya, Rift Valley",,1998,148691
"Kenya, Rift Valley",,1999,173497
"Kenya, Rift Valley",,2000,197725
"Kenya, Rift Valley",,2001,220655
"Kenya, Rift Valley",,2002,241624
"Kenya, Rift Valley",,2003,260187
"Kenya, Rift Valley",,2004,275868
"Kenya, Rift Valley",,2005,287679
"Kenya, Rift Valley",,2006,296507
"Kenya, Rift Valley",,2007,300993
"Kenya, Rift Valley",,2008,303619
"Kenya, Rift Valley",,2009,304164
"Kenya, Rift Valley",,2010,301974
"Kenya, Rift Valley",,2011,297858
"Kenya, Rift Valley",,2012,292766
"Kenya, Rift Valley",,2013,287588
"Kenya, Rift Valley",,2014,283044
"Kenya, Rift Valley",,2015,276761
"Kenya, Rift Valley",,2016,259902
"Kenya, Rift Valley",,2017,240730
"Kenya, Rift Valley",,2018,223582
"Kenya, Rift Valley",,2019,213558
"Kenya, Rift Valley",,2020,206760
"Kenya, Rift Valley",,2021,202251
"Kenya, Rift Valley",,2022,189864
"Kenya, Western",,1990,6950
"Kenya, Western",,1991,10693
"Kenya, Western",,1992,15830
"Kenya, Western",,1993,22525
"Kenya, Western",,1994,30885
"Kenya, Western",,1995,40792
"Kenya, Western",,1996,51722
"Kenya, Western",,1997,63062
"Kenya, Western",,1998,74585
"Kenya, Western",,1999,85848
"Kenya, Western",,2000,96419
"Kenya, Western",,2001,105940
"Kenya, Western",,2002,114160
"Kenya, Western",,2003,120964
"Kenya, Western",,2004,126374
"Kenya, Western",,2005,129791
"Kenya, Western",,2006,131870
"Kenya, Western",,2007,131579
"Kenya, Western",,2008,130567
"Kenya, Western",,2009,128086
"Kenya, Western",,2010,122819
"Kenya, Western",,2011,115745
"Kenya, Western",,2012,107188
"Kenya, Western",,2013,98800
"Kenya, Western",,2014,91402
"Kenya, Western",,2015,85785
"Kenya, Western",,2016,79836
"Kenya, Western",,2017,73024
"Kenya, Western",,2018,65677
"Kenya, Western",,2019,60286
"Kenya, Western",,2020,56863
"Kenya, Western",,2021,55418
"Kenya, Western",,2022,51075
Kuwait,KWT,1990,22
Kuwait,KWT,1991,20
Kuwait,KWT,1992,22
Kuwait,KWT,1993,23
Kuwait,KWT,1994,23
Kuwait,KWT,1995,24
Kuwait,KWT,1996,23
Kuwait,KWT,1997,22
Kuwait,KWT,1998,21
Kuwait,KWT,1999,19
Kuwait,KWT,2000,18
Kuwait,KWT,2001,17
Kuwait,KWT,2002,17
Kuwait,KWT,2003,16
Kuwait,KWT,2004,15
Kuwait,KWT,2005,16
Kuwait,KWT,2006,16
Kuwait,KWT,2007,15
Kuwait,KWT,2008,15
Kuwait,KWT,2009,17
Kuwait,KWT,2010,19
Kuwait,KWT,2011,22
Kuwait,KWT,2012,25
Kuwait,KWT,2013,30
Kuwait,KWT,2014,36
Kuwait,KWT,2015,43
Kuwait,KWT,2016,54
Kuwait,KWT,2017,64
Kuwait,KWT,2018,74
Kuwait,KWT,2019,85
Kuwait,KWT,2020,94
Kuwait,KWT,2021,100
Kuwait,KWT,2022,99
Kyrgyzstan,KGZ,1990,0
Kyrgyzstan,KGZ,1991,0
Kyrgyzstan,KGZ,1992,0
Kyrgyzstan,KGZ,1993,0
Kyrgyzstan,KGZ,1994,0
Kyrgyzstan,KGZ,1995,0
Kyrgyzstan,KGZ,1996,0
Kyrgyzstan,KGZ,1997,0
Kyrgyzstan,KGZ,1998,0
Kyrgyzstan,KGZ,1999,0
Kyrgyzstan,KGZ,2000,0
Kyrgyzstan,KGZ,2001,0
Kyrgyzstan,KGZ,2002,7
Kyrgyzstan,KGZ,2003,21
Kyrgyzstan,KGZ,2004,43
Kyrgyzstan,KGZ,2005,75
Kyrgyzstan,KGZ,2006,114
Kyrgyzstan,KGZ,2007,174
Kyrgyzstan,KGZ,2008,261
Kyrgyzstan,KGZ,2009,379
Kyrgyzstan,KGZ,2010,516
Kyrgyzstan,KGZ,2011,683
Kyrgyzstan,KGZ,2012,880
Kyrgyzstan,KGZ,2013,1124
Kyrgyzstan,KGZ,2014,1354
Kyrgyzstan,KGZ,2015,1555
Kyrgyzstan,KGZ,2016,1796
Kyrgyzstan,KGZ,2017,2065
Kyrgyzstan,KGZ,2018,2317
Kyrgyzstan,KGZ,2019,2572
Kyrgyzstan,KGZ,2020,2860
Kyrgyzstan,KGZ,2021,3126
Kyrgyzstan,KGZ,2022,3336
Laos,LAO,1990,1
Laos,LAO,1991,2
Laos,LAO,1992,3
Laos,LAO,1993,5
Laos,LAO,1994,9
Laos,LAO,1995,16
Laos,LAO,1996,27
Laos,LAO,1997,44
Laos,LAO,1998,72
Laos,LAO,1999,116
Laos,LAO,2000,179
Laos,LAO,2001,266
Laos,LAO,2002,385
Laos,LAO,2003,540
Laos,LAO,2004,736
Laos,LAO,2005,966
Laos,LAO,2006,1219
Laos,LAO,2007,1495
Laos,LAO,2008,1791
Laos,LAO,2009,2095
Laos,LAO,2010,2406
Laos,LAO,2011,2775
Laos,LAO,2012,3210
Laos,LAO,2013,3682
Laos,LAO,2014,4170
Laos,LAO,2015,4641
Laos,LAO,2016,5081
Laos,LAO,2017,5495
Laos,LAO,2018,5864
Laos,LAO,2019,6213
Laos,LAO,2020,6543
Laos,LAO,2021,6808
Laos,LAO,2022,7047
Latin America (UNAIDS),,1990,85234
Latin America (UNAIDS),,1991,110444
Latin America (UNAIDS),,1992,139115
Latin America (UNAIDS),,1993,170977
Latin America (UNAIDS),,1994,205557
Latin America (UNAIDS),,1995,242148
Latin America (UNAIDS),,1996,279591
Latin America (UNAIDS),,1997,318587
Latin America (UNAIDS),,1998,353469
Latin America (UNAIDS),,1999,384179
Latin America (UNAIDS),,2000,414898
Latin America (UNAIDS),,2001,440278
Latin America (UNAIDS),,2002,462300
Latin America (UNAIDS),,2003,482249
Latin America (UNAIDS),,2004,498938
Latin America (UNAIDS),,2005,514418
Latin America (UNAIDS),,2006,527118
Latin America (UNAIDS),,2007,534135
Latin America (UNAIDS),,2008,540161
Latin America (UNAIDS),,2009,545896
Latin America (UNAIDS),,2010,549565
Latin America (UNAIDS),,2011,550401
Latin America (UNAIDS),,2012,550513
Latin America (UNAIDS),,2013,549056
Latin America (UNAIDS),,2014,549234
Latin America (UNAIDS),,2015,548871
Latin America (UNAIDS),,2016,543176
Latin America (UNAIDS),,2017,535460
Latin America (UNAIDS),,2018,530331
Latin America (UNAIDS),,2019,520086
Latin America (UNAIDS),,2020,504743
Latin America (UNAIDS),,2021,483699
Latin America (UNAIDS),,2022,462766
Latvia,LVA,1990,94
Latvia,LVA,1991,109
Latvia,LVA,1992,125
Latvia,LVA,1993,143
Latvia,LVA,1994,163
Latvia,LVA,1995,185
Latvia,LVA,1996,209
Latvia,LVA,1997,234
Latvia,LVA,1998,261
Latvia,LVA,1999,290
Latvia,LVA,2000,323
Latvia,LVA,2001,355
Latvia,LVA,2002,397
Latvia,LVA,2003,447
Latvia,LVA,2004,499
Latvia,LVA,2005,558
Latvia,LVA,2006,624
Latvia,LVA,2007,685
Latvia,LVA,2008,732
Latvia,LVA,2009,806
Latvia,LVA,2010,881
Latvia,LVA,2011,972
Latvia,LVA,2012,1073
Latvia,LVA,2013,1187
Latvia,LVA,2014,1312
Latvia,LVA,2015,1442
Latvia,LVA,2016,1576
Latvia,LVA,2017,1523
Latvia,LVA,2018,1467
Latvia,LVA,2019,1412
Latvia,LVA,2020,1351
Latvia,LVA,2021,1347
Latvia,LVA,2022,1419
Lebanon,LBN,1990,132
Lebanon,LBN,1991,146
Lebanon,LBN,1992,161
Lebanon,LBN,1993,183
Lebanon,LBN,1994,203
Lebanon,LBN,1995,221
Lebanon,LBN,1996,240
Lebanon,LBN,1997,263
Lebanon,LBN,1998,284
Lebanon,LBN,1999,307
Lebanon,LBN,2000,330
Lebanon,LBN,2001,352
Lebanon,LBN,2002,373
Lebanon,LBN,2003,394
Lebanon,LBN,2004,416
Lebanon,LBN,2005,437
Lebanon,LBN,2006,456
Lebanon,LBN,2007,479
Lebanon,LBN,2008,502
Lebanon,LBN,2009,527
Lebanon,LBN,2010,556
Lebanon,LBN,2011,586
Lebanon,LBN,2012,619
Lebanon,LBN,2013,657
Lebanon,LBN,2014,713
Lebanon,LBN,2015,792
Lebanon,LBN,2016,868
Lebanon,LBN,2017,926
Lebanon,LBN,2018,964
Lebanon,LBN,2019,981
Lebanon,LBN,2020,968
Lebanon,LBN,2021,937
Lebanon,LBN,2022,901
Lesotho,LSO,1990,853
Lesotho,LSO,1991,1501
Lesotho,LSO,1992,2592
Lesotho,LSO,1993,4373
Lesotho,LSO,1994,7161
Lesotho,LSO,1995,11270
Lesotho,LSO,1996,16988
Lesotho,LSO,1997,24470
Lesotho,LSO,1998,33738
Lesotho,LSO,1999,44642
Lesotho,LSO,2000,56347
Lesotho,LSO,2001,68422
Lesotho,LSO,2002,80547
Lesotho,LSO,2003,92223
Lesotho,LSO,2004,103038
Lesotho,LSO,2005,112749
Lesotho,LSO,2006,120324
Lesotho,LSO,2007,125819
Lesotho,LSO,2008,127057
Lesotho,LSO,2009,126476
Lesotho,LSO,2010,124958
Lesotho,LSO,2011,122871
Lesotho,LSO,2012,122111
Lesotho,LSO,2013,121835
Lesotho,LSO,2014,121830
Lesotho,LSO,2015,121902
Lesotho,LSO,2016,120357
Lesotho,LSO,2017,116556
Lesotho,LSO,2018,112044
Lesotho,LSO,2019,107122
Lesotho,LSO,2020,103659
Lesotho,LSO,2021,98525
Lesotho,LSO,2022,92923
Liberia,LBR,1990,1440
Liberia,LBR,1991,1741
Liberia,LBR,1992,2268
Liberia,LBR,1993,2968
Liberia,LBR,1994,3810
Liberia,LBR,1995,4736
Liberia,LBR,1996,5893
Liberia,LBR,1997,7221
Liberia,LBR,1998,9010
Liberia,LBR,1999,11059
Liberia,LBR,2000,13193
Liberia,LBR,2001,15366
Liberia,LBR,2002,17595
Liberia,LBR,2003,19685
Liberia,LBR,2004,21358
Liberia,LBR,2005,24054
Liberia,LBR,2006,26213
Liberia,LBR,2007,27831
Liberia,LBR,2008,29256
Liberia,LBR,2009,31028
Liberia,LBR,2010,32310
Liberia,LBR,2011,33545
Liberia,LBR,2012,34339
Liberia,LBR,2013,35284
Liberia,LBR,2014,36073
Liberia,LBR,2015,36838
Liberia,LBR,2016,37267
Liberia,LBR,2017,37332
Liberia,LBR,2018,36823
Liberia,LBR,2019,35864
Liberia,LBR,2020,34670
Liberia,LBR,2021,33150
Liberia,LBR,2022,31249
Libya,LBY,1990,2
Libya,LBY,1991,4
Libya,LBY,1992,6
Libya,LBY,1993,9
Libya,LBY,1994,13
Libya,LBY,1995,20
Libya,LBY,1996,28
Libya,LBY,1997,39
Libya,LBY,1998,54
Libya,LBY,1999,73
Libya,LBY,2000,98
Libya,LBY,2001,113
Libya,LBY,2002,127
Libya,LBY,2003,144
Libya,LBY,2004,169
Libya,LBY,2005,198
Libya,LBY,2006,227
Libya,LBY,2007,260
Libya,LBY,2008,295
Libya,LBY,2009,327
Libya,LBY,2010,359
Libya,LBY,2011,396
Libya,LBY,2012,434
Libya,LBY,2013,468
Libya,LBY,2014,507
Libya,LBY,2015,550
Libya,LBY,2016,592
Libya,LBY,2017,635
Libya,LBY,2018,682
Libya,LBY,2019,715
Libya,LBY,2020,737
Libya,LBY,2021,756
Libya,LBY,2022,781
Lithuania,LTU,1990,58
Lithuania,LTU,1991,73
Lithuania,LTU,1992,90
Lithuania,LTU,1993,109
Lithuania,LTU,1994,130
Lithuania,LTU,1995,153
Lithuania,LTU,1996,177
Lithuania,LTU,1997,202
Lithuania,LTU,1998,228
Lithuania,LTU,1999,254
Lithuania,LTU,2000,279
Lithuania,LTU,2001,302
Lithuania,LTU,2002,326
Lithuania,LTU,2003,348
Lithuania,LTU,2004,363
Lithuania,LTU,2005,384
Lithuania,LTU,2006,407
Lithuania,LTU,2007,430
Lithuania,LTU,2008,451
Lithuania,LTU,2009,469
Lithuania,LTU,2010,494
Lithuania,LTU,2011,528
Lithuania,LTU,2012,557
Lithuania,LTU,2013,585
Lithuania,LTU,2014,598
Lithuania,LTU,2015,640
Lithuania,LTU,2016,654
Lithuania,LTU,2017,683
Lithuania,LTU,2018,706
Lithuania,LTU,2019,692
Lithuania,LTU,2020,686
Lithuania,LTU,2021,724
Lithuania,LTU,2022,779
Luxembourg,LUX,1990,10
Luxembourg,LUX,1991,13
Luxembourg,LUX,1992,17
Luxembourg,LUX,1993,22
Luxembourg,LUX,1994,27
Luxembourg,LUX,1995,33
Luxembourg,LUX,1996,35
Luxembourg,LUX,1997,36
Luxembourg,LUX,1998,35
Luxembourg,LUX,1999,34
Luxembourg,LUX,2000,33
Luxembourg,LUX,2001,32
Luxembourg,LUX,2002,33
Luxembourg,LUX,2003,35
Luxembourg,LUX,2004,39
Luxembourg,LUX,2005,46
Luxembourg,LUX,2006,51
Luxembourg,LUX,2007,53
Luxembourg,LUX,2008,58
Luxembourg,LUX,2009,59
Luxembourg,LUX,2010,62
Luxembourg,LUX,2011,62
Luxembourg,LUX,2012,61
Luxembourg,LUX,2013,59
Luxembourg,LUX,2014,58
Luxembourg,LUX,2015,56
Luxembourg,LUX,2016,54
Luxembourg,LUX,2017,51
Luxembourg,LUX,2018,48
Luxembourg,LUX,2019,45
Luxembourg,LUX,2020,44
Luxembourg,LUX,2021,44
Luxembourg,LUX,2022,42
Madagascar,MDG,1990,4
Madagascar,MDG,1991,7
Madagascar,MDG,1992,12
Madagascar,MDG,1993,18
Madagascar,MDG,1994,28
Madagascar,MDG,1995,41
Madagascar,MDG,1996,60
Madagascar,MDG,1997,86
Madagascar,MDG,1998,123
Madagascar,MDG,1999,174
Madagascar,MDG,2000,244
Madagascar,MDG,2001,339
Madagascar,MDG,2002,466
Madagascar,MDG,2003,633
Madagascar,MDG,2004,851
Madagascar,MDG,2005,1133
Madagascar,MDG,2006,1490
Madagascar,MDG,2007,1925
Madagascar,MDG,2008,2453
Madagascar,MDG,2009,3096
Madagascar,MDG,2010,3853
Madagascar,MDG,2011,4745
Madagascar,MDG,2012,5756
Madagascar,MDG,2013,6925
Madagascar,MDG,2014,8219
Madagascar,MDG,2015,9651
Madagascar,MDG,2016,11230
Madagascar,MDG,2017,12993
Madagascar,MDG,2018,14921
Madagascar,MDG,2019,16991
Madagascar,MDG,2020,19154
Madagascar,MDG,2021,21576
Madagascar,MDG,2022,23926
Malawi,MWI,1990,49323
Malawi,MWI,1991,70467
Malawi,MWI,1992,97423
Malawi,MWI,1993,130691
Malawi,MWI,1994,168397
Malawi,MWI,1995,207180
Malawi,MWI,1996,251151
Malawi,MWI,1997,298324
Malawi,MWI,1998,347675
Malawi,MWI,1999,399309
Malawi,MWI,2000,450743
Malawi,MWI,2001,502666
Malawi,MWI,2002,552277
Malawi,MWI,2003,599141
Malawi,MWI,2004,643012
Malawi,MWI,2005,682646
Malawi,MWI,2006,717274
Malawi,MWI,2007,743298
Malawi,MWI,2008,762284
Malawi,MWI,2009,774769
Malawi,MWI,2010,777491
Malawi,MWI,2011,771900
Malawi,MWI,2012,761451
Malawi,MWI,2013,744704
Malawi,MWI,2014,722930
Malawi,MWI,2015,698593
Malawi,MWI,2016,673502
Malawi,MWI,2017,645160
Malawi,MWI,2018,611146
Malawi,MWI,2019,574561
Malawi,MWI,2020,539179
Malawi,MWI,2021,505994
Malawi,MWI,2022,470101
Malaysia,MYS,1990,860
Malaysia,MYS,1991,1646
Malaysia,MYS,1992,2807
Malaysia,MYS,1993,4371
Malaysia,MYS,1994,6347
Malaysia,MYS,1995,8719
Malaysia,MYS,1996,11448
Malaysia,MYS,1997,14478
Malaysia,MYS,1998,17763
Malaysia,MYS,1999,21212
Malaysia,MYS,2000,24724
Malaysia,MYS,2001,28191
Malaysia,MYS,2002,31415
Malaysia,MYS,2003,34342
Malaysia,MYS,2004,36997
Malaysia,MYS,2005,39405
Malaysia,MYS,2006,41589
Malaysia,MYS,2007,43520
Malaysia,MYS,2008,45144
Malaysia,MYS,2009,46446
Malaysia,MYS,2010,47442
Malaysia,MYS,2011,48201
Malaysia,MYS,2012,48724
Malaysia,MYS,2013,49085
Malaysia,MYS,2014,49079
Malaysia,MYS,2015,48629
Malaysia,MYS,2016,47878
Malaysia,MYS,2017,46210
Malaysia,MYS,2018,44863
Malaysia,MYS,2019,43859
Malaysia,MYS,2020,42942
Malaysia,MYS,2021,41987
Malaysia,MYS,2022,41388
Maldives,MDV,1990,0
Maldives,MDV,1991,0
Maldives,MDV,1992,0
Maldives,MDV,1993,0
Maldives,MDV,1994,0
Maldives,MDV,1995,0
Maldives,MDV,1996,1
Maldives,MDV,1997,1
Maldives,MDV,1998,1
Maldives,MDV,1999,2
Maldives,MDV,2000,2
Maldives,MDV,2001,3
Maldives,MDV,2002,4
Maldives,MDV,2003,4
Maldives,MDV,2004,5
Maldives,MDV,2005,6
Maldives,MDV,2006,6
Maldives,MDV,2007,7
Maldives,MDV,2008,7
Maldives,MDV,2009,6
Maldives,MDV,2010,5
Maldives,MDV,2011,5
Maldives,MDV,2012,4
Maldives,MDV,2013,4
Maldives,MDV,2014,3
Maldives,MDV,2015,3
Maldives,MDV,2016,2
Maldives,MDV,2017,2
Maldives,MDV,2018,2
Maldives,MDV,2019,2
Maldives,MDV,2020,2
Maldives,MDV,2021,2
Maldives,MDV,2022,3
Mali,MLI,1990,5725
Mali,MLI,1991,7773
Mali,MLI,1992,10334
Mali,MLI,1993,13444
Mali,MLI,1994,17187
Mali,MLI,1995,21541
Mali,MLI,1996,26414
Mali,MLI,1997,31764
Mali,MLI,1998,37499
Mali,MLI,1999,43503
Mali,MLI,2000,49456
Mali,MLI,2001,55487
Mali,MLI,2002,61497
Mali,MLI,2003,67340
Mali,MLI,2004,72929
Mali,MLI,2005,77906
Mali,MLI,2006,83017
Mali,MLI,2007,86928
Mali,MLI,2008,90022
Mali,MLI,2009,92846
Mali,MLI,2010,95649
Mali,MLI,2011,98392
Mali,MLI,2012,101075
Mali,MLI,2013,104591
Mali,MLI,2014,108456
Mali,MLI,2015,112082
Mali,MLI,2016,114605
Mali,MLI,2017,116619
Mali,MLI,2018,118416
Mali,MLI,2019,119602
Mali,MLI,2020,121434
Mali,MLI,2021,121116
Mali,MLI,2022,121492
Malta,MLT,1990,10
Malta,MLT,1991,12
Malta,MLT,1992,14
Malta,MLT,1993,16
Malta,MLT,1994,18
Malta,MLT,1995,20
Malta,MLT,1996,21
Malta,MLT,1997,22
Malta,MLT,1998,24
Malta,MLT,1999,25
Malta,MLT,2000,26
Malta,MLT,2001,23
Malta,MLT,2002,21
Malta,MLT,2003,20
Malta,MLT,2004,20
Malta,MLT,2005,21
Malta,MLT,2006,21
Malta,MLT,2007,23
Malta,MLT,2008,24
Malta,MLT,2009,24
Malta,MLT,2010,24
Malta,MLT,2011,24
Malta,MLT,2012,25
Malta,MLT,2013,24
Malta,MLT,2014,24
Malta,MLT,2015,23
Malta,MLT,2016,23
Malta,MLT,2017,23
Malta,MLT,2018,23
Malta,MLT,2019,23
Malta,MLT,2020,21
Malta,MLT,2021,20
Malta,MLT,2022,21
Mauritania,MRT,1990,232
Mauritania,MRT,1991,323
Mauritania,MRT,1992,443
Mauritania,MRT,1993,597
Mauritania,MRT,1994,791
Mauritania,MRT,1995,1029
Mauritania,MRT,1996,1315
Mauritania,MRT,1997,1654
Mauritania,MRT,1998,2045
Mauritania,MRT,1999,2491
Mauritania,MRT,2000,2989
Mauritania,MRT,2001,3537
Mauritania,MRT,2002,4124
Mauritania,MRT,2003,4740
Mauritania,MRT,2004,5372
Mauritania,MRT,2005,6000
Mauritania,MRT,2006,6587
Mauritania,MRT,2007,7125
Mauritania,MRT,2008,7612
Mauritania,MRT,2009,8071
Mauritania,MRT,2010,8481
Mauritania,MRT,2011,8889
Mauritania,MRT,2012,9246
Mauritania,MRT,2013,9602
Mauritania,MRT,2014,9805
Mauritania,MRT,2015,9952
Mauritania,MRT,2016,10013
Mauritania,MRT,2017,10037
Mauritania,MRT,2018,9960
Mauritania,MRT,2019,9874
Mauritania,MRT,2020,9707
Mauritania,MRT,2021,9497
Mauritania,MRT,2022,9220
Mexico,MEX,1990,14008
Mexico,MEX,1991,17170
Mexico,MEX,1992,20796
Mexico,MEX,1993,24879
Mexico,MEX,1994,29326
Mexico,MEX,1995,34055
Mexico,MEX,1996,38433
Mexico,MEX,1997,43228
Mexico,MEX,1998,48451
Mexico,MEX,1999,54158
Mexico,MEX,2000,60054
Mexico,MEX,2001,65493
Mexico,MEX,2002,70816
Mexico,MEX,2003,75637
Mexico,MEX,2004,79885
Mexico,MEX,2005,84561
Mexico,MEX,2006,89235
Mexico,MEX,2007,93041
Mexico,MEX,2008,96603
Mexico,MEX,2009,100096
Mexico,MEX,2010,103657
Mexico,MEX,2011,107427
Mexico,MEX,2012,111247
Mexico,MEX,2013,114316
Mexico,MEX,2014,118136
Mexico,MEX,2015,121753
Mexico,MEX,2016,123245
Mexico,MEX,2017,124690
Mexico,MEX,2018,127134
Mexico,MEX,2019,127018
Mexico,MEX,2020,128075
Mexico,MEX,2021,126036
Mexico,MEX,2022,124140
Middle East and North Africa (UNAIDS),,1990,4783
Middle East and North Africa (UNAIDS),,1991,5935
Middle East and North Africa (UNAIDS),,1992,7300
Middle East and North Africa (UNAIDS),,1993,9097
Middle East and North Africa (UNAIDS),,1994,11089
Middle East and North Africa (UNAIDS),,1995,13377
Middle East and North Africa (UNAIDS),,1996,15941
Middle East and North Africa (UNAIDS),,1997,18966
Middle East and North Africa (UNAIDS),,1998,22396
Middle East and North Africa (UNAIDS),,1999,26207
Middle East and North Africa (UNAIDS),,2000,30376
Middle East and North Africa (UNAIDS),,2001,34752
Middle East and North Africa (UNAIDS),,2002,39336
Middle East and North Africa (UNAIDS),,2003,44130
Middle East and North Africa (UNAIDS),,2004,48700
Middle East and North Africa (UNAIDS),,2005,53040
Middle East and North Africa (UNAIDS),,2006,57225
Middle East and North Africa (UNAIDS),,2007,61388
Middle East and North Africa (UNAIDS),,2008,65071
Middle East and North Africa (UNAIDS),,2009,68032
Middle East and North Africa (UNAIDS),,2010,70485
Middle East and North Africa (UNAIDS),,2011,72795
Middle East and North Africa (UNAIDS),,2012,74969
Middle East and North Africa (UNAIDS),,2013,77004
Middle East and North Africa (UNAIDS),,2014,78775
Middle East and North Africa (UNAIDS),,2015,80348
Middle East and North Africa (UNAIDS),,2016,81567
Middle East and North Africa (UNAIDS),,2017,82220
Middle East and North Africa (UNAIDS),,2018,82557
Middle East and North Africa (UNAIDS),,2019,82652
Middle East and North Africa (UNAIDS),,2020,82557
Middle East and North Africa (UNAIDS),,2021,82474
Middle East and North Africa (UNAIDS),,2022,82781
Moldova,MDA,1990,6
Moldova,MDA,1991,10
Moldova,MDA,1992,18
Moldova,MDA,1993,28
Moldova,MDA,1994,40
Moldova,MDA,1995,58
Moldova,MDA,1996,81
Moldova,MDA,1997,120
Moldova,MDA,1998,203
Moldova,MDA,1999,325
Moldova,MDA,2000,484
Moldova,MDA,2001,675
Moldova,MDA,2002,888
Moldova,MDA,2003,1115
Moldova,MDA,2004,1353
Moldova,MDA,2005,1595
Moldova,MDA,2006,1837
Moldova,MDA,2007,2071
Moldova,MDA,2008,2294
Moldova,MDA,2009,2509
Moldova,MDA,2010,2718
Moldova,MDA,2011,2935
Moldova,MDA,2012,3139
Moldova,MDA,2013,3320
Moldova,MDA,2014,3494
Moldova,MDA,2015,3655
Moldova,MDA,2016,3811
Moldova,MDA,2017,3959
Moldova,MDA,2018,4093
Moldova,MDA,2019,4194
Moldova,MDA,2020,4256
Moldova,MDA,2021,4362
Moldova,MDA,2022,4442
Mongolia,MNG,1990,0
Mongolia,MNG,1991,0
Mongolia,MNG,1992,0
Mongolia,MNG,1993,0
Mongolia,MNG,1994,0
Mongolia,MNG,1995,1
Mongolia,MNG,1996,1
Mongolia,MNG,1997,2
Mongolia,MNG,1998,2
Mongolia,MNG,1999,4
Mongolia,MNG,2000,5
Mongolia,MNG,2001,7
Mongolia,MNG,2002,10
Mongolia,MNG,2003,13
Mongolia,MNG,2004,18
Mongolia,MNG,2005,24
Mongolia,MNG,2006,32
Mongolia,MNG,2007,41
Mongolia,MNG,2008,52
Mongolia,MNG,2009,65
Mongolia,MNG,2010,79
Mongolia,MNG,2011,94
Mongolia,MNG,2012,110
Mongolia,MNG,2013,127
Mongolia,MNG,2014,143
Mongolia,MNG,2015,161
Mongolia,MNG,2016,182
Mongolia,MNG,2017,207
Mongolia,MNG,2018,231
Mongolia,MNG,2019,257
Mongolia,MNG,2020,286
Mongolia,MNG,2021,312
Mongolia,MNG,2022,339
Montenegro,MNE,1990,1
Montenegro,MNE,1991,1
Montenegro,MNE,1992,1
Montenegro,MNE,1993,2
Montenegro,MNE,1994,2
Montenegro,MNE,1995,2
Montenegro,MNE,1996,3
Montenegro,MNE,1997,4
Montenegro,MNE,1998,4
Montenegro,MNE,1999,5
Montenegro,MNE,2000,6
Montenegro,MNE,2001,7
Montenegro,MNE,2002,8
Montenegro,MNE,2003,9
Montenegro,MNE,2004,11
Montenegro,MNE,2005,12
Montenegro,MNE,2006,13
Montenegro,MNE,2007,14
Montenegro,MNE,2008,15
Montenegro,MNE,2009,17
Montenegro,MNE,2010,18
Montenegro,MNE,2011,19
Montenegro,MNE,2012,21
Montenegro,MNE,2013,24
Montenegro,MNE,2014,26
Montenegro,MNE,2015,29
Montenegro,MNE,2016,32
Montenegro,MNE,2017,33
Montenegro,MNE,2018,33
Montenegro,MNE,2019,33
Montenegro,MNE,2020,32
Montenegro,MNE,2021,33
Montenegro,MNE,2022,35
Morocco,MAR,1990,607
Morocco,MAR,1991,772
Morocco,MAR,1992,966
Morocco,MAR,1993,1191
Morocco,MAR,1994,1449
Morocco,MAR,1995,1738
Morocco,MAR,1996,2058
Morocco,MAR,1997,2404
Morocco,MAR,1998,2771
Morocco,MAR,1999,3154
Morocco,MAR,2000,3551
Morocco,MAR,2001,3955
Morocco,MAR,2002,4362
Morocco,MAR,2003,4766
Morocco,MAR,2004,5089
Morocco,MAR,2005,5413
Morocco,MAR,2006,5767
Morocco,MAR,2007,6146
Morocco,MAR,2008,6521
Morocco,MAR,2009,6848
Morocco,MAR,2010,7174
Morocco,MAR,2011,7512
Morocco,MAR,2012,7815
Morocco,MAR,2013,8044
Morocco,MAR,2014,8211
Morocco,MAR,2015,8379
Morocco,MAR,2016,8523
Morocco,MAR,2017,8609
Morocco,MAR,2018,8706
Morocco,MAR,2019,8677
Morocco,MAR,2020,8600
Morocco,MAR,2021,8461
Morocco,MAR,2022,8221
Mozambique,MOZ,1990,12108
Mozambique,MOZ,1991,17137
Mozambique,MOZ,1992,23854
Mozambique,MOZ,1993,32701
Mozambique,MOZ,1994,44654
Mozambique,MOZ,1995,60877
Mozambique,MOZ,1996,80961
Mozambique,MOZ,1997,105828
Mozambique,MOZ,1998,135794
Mozambique,MOZ,1999,170120
Mozambique,MOZ,2000,209902
Mozambique,MOZ,2001,255144
Mozambique,MOZ,2002,306408
Mozambique,MOZ,2003,362705
Mozambique,MOZ,2004,423314
Mozambique,MOZ,2005,488014
Mozambique,MOZ,2006,555567
Mozambique,MOZ,2007,625059
Mozambique,MOZ,2008,690775
Mozambique,MOZ,2009,754634
Mozambique,MOZ,2010,824521
Mozambique,MOZ,2011,896187
Mozambique,MOZ,2012,974900
Mozambique,MOZ,2013,1064063
Mozambique,MOZ,2014,1134178
Mozambique,MOZ,2015,1186075
Mozambique,MOZ,2016,1218684
Mozambique,MOZ,2017,1238154
Mozambique,MOZ,2018,1249760
Mozambique,MOZ,2019,1267297
Mozambique,MOZ,2020,1297065
Mozambique,MOZ,2021,1317076
Mozambique,MOZ,2022,1295197
Myanmar,MMR,1990,125
Myanmar,MMR,1991,313
Myanmar,MMR,1992,728
Myanmar,MMR,1993,1486
Myanmar,MMR,1994,2684
Myanmar,MMR,1995,4419
Myanmar,MMR,1996,6769
Myanmar,MMR,1997,9798
Myanmar,MMR,1998,13495
Myanmar,MMR,1999,17891
Myanmar,MMR,2000,23083
Myanmar,MMR,2001,28977
Myanmar,MMR,2002,35479
Myanmar,MMR,2003,42508
Myanmar,MMR,2004,50021
Myanmar,MMR,2005,57904
Myanmar,MMR,2006,66028
Myanmar,MMR,2007,74089
Myanmar,MMR,2008,81167
Myanmar,MMR,2009,88423
Myanmar,MMR,2010,95413
Myanmar,MMR,2011,102090
Myanmar,MMR,2012,108147
Myanmar,MMR,2013,113314
Myanmar,MMR,2014,117610
Myanmar,MMR,2015,120928
Myanmar,MMR,2016,122843
Myanmar,MMR,2017,123299
Myanmar,MMR,2018,122389
Myanmar,MMR,2019,119686
Myanmar,MMR,2020,115471
Myanmar,MMR,2021,110047
Myanmar,MMR,2022,105577
Namibia,NAM,1990,1618
Namibia,NAM,1991,2452
Namibia,NAM,1992,3634
Namibia,NAM,1993,5311
Namibia,NAM,1994,7647
Namibia,NAM,1995,10778
Namibia,NAM,1996,14857
Namibia,NAM,1997,19977
Namibia,NAM,1998,26076
Namibia,NAM,1999,32947
Namibia,NAM,2000,40538
Namibia,NAM,2001,48590
Namibia,NAM,2002,56960
Namibia,NAM,2003,65701
Namibia,NAM,2004,73697
Namibia,NAM,2005,79972
Namibia,NAM,2006,84782
Namibia,NAM,2007,87278
Namibia,NAM,2008,86604
Namibia,NAM,2009,83915
Namibia,NAM,2010,80904
Namibia,NAM,2011,76994
Namibia,NAM,2012,73083
Namibia,NAM,2013,69681
Namibia,NAM,2014,66279
Namibia,NAM,2015,64155
Namibia,NAM,2016,61794
Namibia,NAM,2017,61044
Namibia,NAM,2018,60364
Namibia,NAM,2019,59531
Namibia,NAM,2020,57934
Namibia,NAM,2021,55658
Namibia,NAM,2022,52460
Nepal,NPL,1990,0
Nepal,NPL,1991,0
Nepal,NPL,1992,1
Nepal,NPL,1993,6
Nepal,NPL,1994,21
Nepal,NPL,1995,56
Nepal,NPL,1996,131
Nepal,NPL,1997,284
Nepal,NPL,1998,575
Nepal,NPL,1999,1085
Nepal,NPL,2000,1884
Nepal,NPL,2001,3009
Nepal,NPL,2002,4483
Nepal,NPL,2003,6305
Nepal,NPL,2004,8434
Nepal,NPL,2005,10774
Nepal,NPL,2006,13340
Nepal,NPL,2007,15897
Nepal,NPL,2008,18291
Nepal,NPL,2009,20409
Nepal,NPL,2010,22312
Nepal,NPL,2011,23976
Nepal,NPL,2012,25323
Nepal,NPL,2013,26388
Nepal,NPL,2014,27150
Nepal,NPL,2015,27486
Nepal,NPL,2016,27483
Nepal,NPL,2017,27244
Nepal,NPL,2018,26629
Nepal,NPL,2019,25731
Nepal,NPL,2020,24544
Nepal,NPL,2021,23043
Nepal,NPL,2022,21268
Netherlands,NLD,1990,608
Netherlands,NLD,1991,795
Netherlands,NLD,1992,1002
Netherlands,NLD,1993,1221
Netherlands,NLD,1994,1446
Netherlands,NLD,1995,1667
Netherlands,NLD,1996,1883
Netherlands,NLD,1997,1852
Netherlands,NLD,1998,1795
Netherlands,NLD,1999,1719
Netherlands,NLD,2000,1631
Netherlands,NLD,2001,1542
Netherlands,NLD,2002,1443
Netherlands,NLD,2003,1341
Netherlands,NLD,2004,1248
Netherlands,NLD,2005,1176
Netherlands,NLD,2006,1144
Netherlands,NLD,2007,1146
Netherlands,NLD,2008,1169
Netherlands,NLD,2009,1169
Netherlands,NLD,2010,1145
Netherlands,NLD,2011,1113
Netherlands,NLD,2012,1088
Netherlands,NLD,2013,1075
Netherlands,NLD,2014,1059
Netherlands,NLD,2015,1033
Netherlands,NLD,2016,1002
Netherlands,NLD,2017,974
Netherlands,NLD,2018,941
Netherlands,NLD,2019,912
Netherlands,NLD,2020,884
Netherlands,NLD,2021,880
New Zealand,NZL,1990,114
New Zealand,NZL,1991,144
New Zealand,NZL,1992,177
New Zealand,NZL,1993,213
New Zealand,NZL,1994,251
New Zealand,NZL,1995,290
New Zealand,NZL,1996,297
New Zealand,NZL,1997,294
New Zealand,NZL,1998,295
New Zealand,NZL,1999,299
New Zealand,NZL,2000,315
New Zealand,NZL,2001,340
New Zealand,NZL,2002,357
New Zealand,NZL,2003,365
New Zealand,NZL,2004,362
New Zealand,NZL,2005,347
New Zealand,NZL,2006,341
New Zealand,NZL,2007,337
New Zealand,NZL,2008,330
New Zealand,NZL,2009,328
New Zealand,NZL,2010,318
New Zealand,NZL,2011,304
New Zealand,NZL,2012,288
New Zealand,NZL,2013,275
New Zealand,NZL,2014,264
New Zealand,NZL,2015,252
New Zealand,NZL,2016,237
New Zealand,NZL,2017,218
New Zealand,NZL,2018,199
New Zealand,NZL,2019,182
New Zealand,NZL,2020,169
New Zealand,NZL,2021,160
New Zealand,NZL,2022,154
Nicaragua,NIC,1990,30
Nicaragua,NIC,1991,48
Nicaragua,NIC,1992,72
Nicaragua,NIC,1993,104
Nicaragua,NIC,1994,146
Nicaragua,NIC,1995,199
Nicaragua,NIC,1996,267
Nicaragua,NIC,1997,352
Nicaragua,NIC,1998,456
Nicaragua,NIC,1999,574
Nicaragua,NIC,2000,721
Nicaragua,NIC,2001,883
Nicaragua,NIC,2002,1083
Nicaragua,NIC,2003,1320
Nicaragua,NIC,2004,1579
Nicaragua,NIC,2005,1858
Nicaragua,NIC,2006,2141
Nicaragua,NIC,2007,2423
Nicaragua,NIC,2008,2688
Nicaragua,NIC,2009,2972
Nicaragua,NIC,2010,3255
Nicaragua,NIC,2011,3572
Nicaragua,NIC,2012,3870
Nicaragua,NIC,2013,4148
Nicaragua,NIC,2014,4452
Nicaragua,NIC,2015,4739
Nicaragua,NIC,2016,5007
Nicaragua,NIC,2017,5255
Nicaragua,NIC,2018,5481
Nicaragua,NIC,2019,5625
Nicaragua,NIC,2020,5727
Nicaragua,NIC,2021,5898
Nicaragua,NIC,2022,6094
Niger,NER,1990,1389
Niger,NER,1991,1999
Niger,NER,1992,2837
Niger,NER,1993,3954
Niger,NER,1994,5401
Niger,NER,1995,7237
Niger,NER,1996,9510
Niger,NER,1997,12230
Niger,NER,1998,15387
Niger,NER,1999,18951
Niger,NER,2000,22868
Niger,NER,2001,27049
Niger,NER,2002,31387
Niger,NER,2003,35781
Niger,NER,2004,40117
Niger,NER,2005,44223
Niger,NER,2006,47907
Niger,NER,2007,50935
Niger,NER,2008,53611
Niger,NER,2009,55966
Niger,NER,2010,56768
Niger,NER,2011,57505
Niger,NER,2012,57682
Niger,NER,2013,57430
Niger,NER,2014,57062
Niger,NER,2015,56790
Niger,NER,2016,56097
Niger,NER,2017,54718
Niger,NER,2018,52760
Niger,NER,2019,50147
Niger,NER,2020,47598
Niger,NER,2021,45032
Niger,NER,2022,41929
North Macedonia,MKD,1990,1
North Macedonia,MKD,1991,1
North Macedonia,MKD,1992,1
North Macedonia,MKD,1993,2
North Macedonia,MKD,1994,2
North Macedonia,MKD,1995,3
North Macedonia,MKD,1996,3
North Macedonia,MKD,1997,3
North Macedonia,MKD,1998,4
North Macedonia,MKD,1999,5
North Macedonia,MKD,2000,5
North Macedonia,MKD,2001,6
North Macedonia,MKD,2002,7
North Macedonia,MKD,2003,8
North Macedonia,MKD,2004,10
North Macedonia,MKD,2005,11
North Macedonia,MKD,2006,13
North Macedonia,MKD,2007,15
North Macedonia,MKD,2008,17
North Macedonia,MKD,2009,19
North Macedonia,MKD,2010,21
North Macedonia,MKD,2011,24
North Macedonia,MKD,2012,26
North Macedonia,MKD,2013,28
North Macedonia,MKD,2014,30
North Macedonia,MKD,2015,33
North Macedonia,MKD,2016,34
North Macedonia,MKD,2017,34
North Macedonia,MKD,2018,36
North Macedonia,MKD,2019,36
North Macedonia,MKD,2020,38
North Macedonia,MKD,2021,39
North Macedonia,MKD,2022,45
Oman,OMN,1990,176
Oman,OMN,1991,196
Oman,OMN,1992,218
Oman,OMN,1993,241
Oman,OMN,1994,272
Oman,OMN,1995,302
Oman,OMN,1996,331
Oman,OMN,1997,358
Oman,OMN,1998,383
Oman,OMN,1999,407
Oman,OMN,2000,426
Oman,OMN,2001,417
Oman,OMN,2002,404
Oman,OMN,2003,393
Oman,OMN,2004,386
Oman,OMN,2005,384
Oman,OMN,2006,385
Oman,OMN,2007,390
Oman,OMN,2008,391
Oman,OMN,2009,383
Oman,OMN,2010,374
Oman,OMN,2011,369
Oman,OMN,2012,375
Oman,OMN,2013,400
Oman,OMN,2014,439
Oman,OMN,2015,484
Oman,OMN,2016,538
Oman,OMN,2017,586
Oman,OMN,2018,623
Oman,OMN,2019,647
Oman,OMN,2020,649
Oman,OMN,2021,641
Oman,OMN,2022,615
Pakistan,PAK,1990,0
Pakistan,PAK,1991,0
Pakistan,PAK,1992,0
Pakistan,PAK,1993,1
Pakistan,PAK,1994,2
Pakistan,PAK,1995,4
Pakistan,PAK,1996,9
Pakistan,PAK,1997,16
Pakistan,PAK,1998,27
Pakistan,PAK,1999,43
Pakistan,PAK,2000,65
Pakistan,PAK,2001,96
Pakistan,PAK,2002,136
Pakistan,PAK,2003,184
Pakistan,PAK,2004,257
Pakistan,PAK,2005,442
Pakistan,PAK,2006,900
Pakistan,PAK,2007,1756
Pakistan,PAK,2008,3099
Pakistan,PAK,2009,5129
Pakistan,PAK,2010,7984
Pakistan,PAK,2011,11777
Pakistan,PAK,2012,16690
Pakistan,PAK,2013,22488
Pakistan,PAK,2014,29408
Pakistan,PAK,2015,37104
Pakistan,PAK,2016,45702
Pakistan,PAK,2017,55010
Pakistan,PAK,2018,64849
Pakistan,PAK,2019,75301
Pakistan,PAK,2020,86125
Pakistan,PAK,2021,98330
Pakistan,PAK,2022,111828
Panama,PAN,1990,151
Panama,PAN,1991,261
Panama,PAN,1992,417
Panama,PAN,1993,626
Panama,PAN,1994,893
Panama,PAN,1995,1217
Panama,PAN,1996,1598
Panama,PAN,1997,2030
Panama,PAN,1998,2504
Panama,PAN,1999,3011
Panama,PAN,2000,3431
Panama,PAN,2001,3906
Panama,PAN,2002,4392
Panama,PAN,2003,4893
Panama,PAN,2004,5419
Panama,PAN,2005,5956
Panama,PAN,2006,6483
Panama,PAN,2007,6985
Panama,PAN,2008,7493
Panama,PAN,2009,8006
Panama,PAN,2010,8294
Panama,PAN,2011,8659
Panama,PAN,2012,9054
Panama,PAN,2013,9405
Panama,PAN,2014,9732
Panama,PAN,2015,10027
Panama,PAN,2016,10332
Panama,PAN,2017,10461
Panama,PAN,2018,10534
Panama,PAN,2019,10651
Panama,PAN,2020,10820
Panama,PAN,2021,11116
Panama,PAN,2022,11510
Papua New Guinea,PNG,1990,23
Papua New Guinea,PNG,1991,42
Papua New Guinea,PNG,1992,74
Papua New Guinea,PNG,1993,124
Papua New Guinea,PNG,1994,201
Papua New Guinea,PNG,1995,314
Papua New Guinea,PNG,1996,473
Papua New Guinea,PNG,1997,692
Papua New Guinea,PNG,1998,981
Papua New Guinea,PNG,1999,1356
Papua New Guinea,PNG,2000,1823
Papua New Guinea,PNG,2001,2399
Papua New Guinea,PNG,2002,3094
Papua New Guinea,PNG,2003,3939
Papua New Guinea,PNG,2004,4929
Papua New Guinea,PNG,2005,6047
Papua New Guinea,PNG,2006,7241
Papua New Guinea,PNG,2007,8344
Papua New Guinea,PNG,2008,9173
Papua New Guinea,PNG,2009,10061
Papua New Guinea,PNG,2010,11003
Papua New Guinea,PNG,2011,12143
Papua New Guinea,PNG,2012,13340
Papua New Guinea,PNG,2013,14424
Papua New Guinea,PNG,2014,15175
Papua New Guinea,PNG,2015,15512
Papua New Guinea,PNG,2016,15829
Papua New Guinea,PNG,2017,16081
Papua New Guinea,PNG,2018,16412
Papua New Guinea,PNG,2019,16720
Papua New Guinea,PNG,2020,17056
Papua New Guinea,PNG,2021,17310
Papua New Guinea,PNG,2022,17679
Paraguay,PRY,1990,1
Paraguay,PRY,1991,1
Paraguay,PRY,1992,2
Paraguay,PRY,1993,3
Paraguay,PRY,1994,8
Paraguay,PRY,1995,20
Paraguay,PRY,1996,47
Paraguay,PRY,1997,95
Paraguay,PRY,1998,172
Paraguay,PRY,1999,284
Paraguay,PRY,2000,435
Paraguay,PRY,2001,630
Paraguay,PRY,2002,867
Paraguay,PRY,2003,1143
Paraguay,PRY,2004,1454
Paraguay,PRY,2005,1792
Paraguay,PRY,2006,2079
Paraguay,PRY,2007,2370
Paraguay,PRY,2008,2639
Paraguay,PRY,2009,2841
Paraguay,PRY,2010,2965
Paraguay,PRY,2011,3067
Paraguay,PRY,2012,3304
Paraguay,PRY,2013,3629
Paraguay,PRY,2014,3971
Paraguay,PRY,2015,4318
Paraguay,PRY,2016,4684
Paraguay,PRY,2017,5021
Paraguay,PRY,2018,5271
Paraguay,PRY,2019,5574
Paraguay,PRY,2020,5864
Paraguay,PRY,2021,6141
Paraguay,PRY,2022,6306
Peru,PER,1990,12566
Peru,PER,1991,16825
Peru,PER,1992,21694
Peru,PER,1993,27159
Peru,PER,1994,33062
Peru,PER,1995,39154
Peru,PER,1996,45210
Peru,PER,1997,51039
Peru,PER,1998,56466
Peru,PER,1999,61330
Peru,PER,2000,65479
Peru,PER,2001,68814
Peru,PER,2002,71253
Peru,PER,2003,72620
Peru,PER,2004,73119
Peru,PER,2005,73084
Peru,PER,2006,72080
Peru,PER,2007,70550
Peru,PER,2008,68481
Peru,PER,2009,66317
Peru,PER,2010,63438
Peru,PER,2011,59772
Peru,PER,2012,56693
Peru,PER,2013,53425
Peru,PER,2014,51234
Peru,PER,2015,48832
Peru,PER,2016,47350
Peru,PER,2017,44846
Peru,PER,2018,41969
Peru,PER,2019,38450
Peru,PER,2020,34838
Peru,PER,2021,31467
Peru,PER,2022,28114
Philippines,PHL,1990,5
Philippines,PHL,1991,7
Philippines,PHL,1992,10
Philippines,PHL,1993,14
Philippines,PHL,1994,19
Philippines,PHL,1995,26
Philippines,PHL,1996,36
Philippines,PHL,1997,49
Philippines,PHL,1998,65
Philippines,PHL,1999,87
Philippines,PHL,2000,115
Philippines,PHL,2001,151
Philippines,PHL,2002,197
Philippines,PHL,2003,256
Philippines,PHL,2004,332
Philippines,PHL,2005,428
Philippines,PHL,2006,551
Philippines,PHL,2007,696
Philippines,PHL,2008,876
Philippines,PHL,2009,1112
Philippines,PHL,2010,1425
Philippines,PHL,2011,1828
Philippines,PHL,2012,2191
Philippines,PHL,2013,2662
Philippines,PHL,2014,3289
Philippines,PHL,2015,3951
Philippines,PHL,2016,4590
Philippines,PHL,2017,5315
Philippines,PHL,2018,6105
Philippines,PHL,2019,6976
Philippines,PHL,2020,8009
Philippines,PHL,2021,9442
Philippines,PHL,2022,11458
Poland,POL,1990,5
Poland,POL,1991,9
Poland,POL,1992,18
Poland,POL,1993,34
Poland,POL,1994,60
Poland,POL,1995,101
Poland,POL,1996,160
Poland,POL,1997,215
Poland,POL,1998,276
Poland,POL,1999,350
Poland,POL,2000,438
Poland,POL,2001,546
Poland,POL,2002,676
Poland,POL,2003,824
Poland,POL,2004,962
Poland,POL,2005,1092
Poland,POL,2006,1215
Poland,POL,2007,1328
Poland,POL,2008,1429
Poland,POL,2009,1521
Poland,POL,2010,1615
Poland,POL,2011,1723
Poland,POL,2012,1826
Poland,POL,2013,1904
Poland,POL,2014,1959
Poland,POL,2015,1999
Poland,POL,2016,2053
Poland,POL,2017,2095
Poland,POL,2018,2107
Poland,POL,2019,2145
Poland,POL,2020,2131
Poland,POL,2021,2112
Portugal,PRT,1990,312
Portugal,PRT,1991,499
Portugal,PRT,1992,757
Portugal,PRT,1993,1088
Portugal,PRT,1994,1496
Portugal,PRT,1995,1983
Portugal,PRT,1996,2548
Portugal,PRT,1997,3179
Portugal,PRT,1998,3779
Portugal,PRT,1999,4408
Portugal,PRT,2000,5073
Portugal,PRT,2001,5712
Portugal,PRT,2002,6355
Portugal,PRT,2003,6999
Portugal,PRT,2004,7620
Portugal,PRT,2005,8198
Portugal,PRT,2006,8749
Portugal,PRT,2007,9249
Portugal,PRT,2008,9681
Portugal,PRT,2009,10060
Portugal,PRT,2010,10400
Portugal,PRT,2011,10566
Portugal,PRT,2012,10583
Portugal,PRT,2013,10471
Portugal,PRT,2014,10228
Portugal,PRT,2015,9872
Portugal,PRT,2016,9445
Portugal,PRT,2017,8974
Portugal,PRT,2018,8083
Portugal,PRT,2019,7396
Portugal,PRT,2020,6790
Portugal,PRT,2021,6238
Portugal,PRT,2022,5678
Qatar,QAT,1990,0
Qatar,QAT,1991,0
Qatar,QAT,1992,0
Qatar,QAT,1993,1
Qatar,QAT,1994,1
Qatar,QAT,1995,1
Qatar,QAT,1996,1
Qatar,QAT,1997,1
Qatar,QAT,1998,1
Qatar,QAT,1999,1
Qatar,QAT,2000,2
Qatar,QAT,2001,2
Qatar,QAT,2002,2
Qatar,QAT,2003,2
Qatar,QAT,2004,3
Qatar,QAT,2005,3
Qatar,QAT,2006,4
Qatar,QAT,2007,5
Qatar,QAT,2008,6
Qatar,QAT,2009,7
Qatar,QAT,2010,9
Qatar,QAT,2011,10
Qatar,QAT,2012,12
Qatar,QAT,2013,14
Qatar,QAT,2014,17
Qatar,QAT,2015,19
Qatar,QAT,2016,21
Qatar,QAT,2017,23
Qatar,QAT,2018,26
Qatar,QAT,2019,30
Qatar,QAT,2020,34
Qatar,QAT,2021,38
Qatar,QAT,2022,41
Romania,ROU,1990,57
Romania,ROU,1991,188
Romania,ROU,1992,487
Romania,ROU,1993,985
Romania,ROU,1994,1718
Romania,ROU,1995,2715
Romania,ROU,1996,3959
Romania,ROU,1997,5479
Romania,ROU,1998,7313
Romania,ROU,1999,7437
Romania,ROU,2000,7453
Romania,ROU,2001,7415
Romania,ROU,2002,7295
Romania,ROU,2003,6547
Romania,ROU,2004,5260
Romania,ROU,2005,3822
Romania,ROU,2006,2582
Romania,ROU,2007,1659
Romania,ROU,2008,1106
Romania,ROU,2009,814
Romania,ROU,2010,707
Romania,ROU,2011,708
Romania,ROU,2012,806
Romania,ROU,2013,951
Romania,ROU,2014,1056
Romania,ROU,2015,1087
Romania,ROU,2016,1056
Romania,ROU,2017,1012
Romania,ROU,2018,996
Romania,ROU,2019,1002
Romania,ROU,2020,1001
Romania,ROU,2021,1050
Romania,ROU,2022,1095
Rwanda,RWA,1990,19473
Rwanda,RWA,1991,26515
Rwanda,RWA,1992,35011
Rwanda,RWA,1993,45033
Rwanda,RWA,1994,53415
Rwanda,RWA,1995,54663
Rwanda,RWA,1996,60564
Rwanda,RWA,1997,71384
Rwanda,RWA,1998,82400
Rwanda,RWA,1999,92982
Rwanda,RWA,2000,104139
Rwanda,RWA,2001,115287
Rwanda,RWA,2002,126060
Rwanda,RWA,2003,136760
Rwanda,RWA,2004,147815
Rwanda,RWA,2005,157956
Rwanda,RWA,2006,167007
Rwanda,RWA,2007,174844
Rwanda,RWA,2008,176201
Rwanda,RWA,2009,191281
Rwanda,RWA,2010,192147
Rwanda,RWA,2011,184906
Rwanda,RWA,2012,178116
Rwanda,RWA,2013,175300
Rwanda,RWA,2014,170758
Rwanda,RWA,2015,163650
Rwanda,RWA,2016,154622
Rwanda,RWA,2017,143844
Rwanda,RWA,2018,133604
Rwanda,RWA,2019,123453
Rwanda,RWA,2020,113340
Rwanda,RWA,2021,103515
Rwanda,RWA,2022,93329
Saint Kitts and Nevis,KNA,1990,12
Saint Kitts and Nevis,KNA,1991,14
Saint Kitts and Nevis,KNA,1992,16
Saint Kitts and Nevis,KNA,1993,18
Saint Kitts and Nevis,KNA,1994,21
Saint Kitts and Nevis,KNA,1995,23
Saint Kitts and Nevis,KNA,1996,25
Saint Kitts and Nevis,KNA,1997,28
Saint Kitts and Nevis,KNA,1998,30
Saint Kitts and Nevis,KNA,1999,32
Saint Kitts and Nevis,KNA,2000,34
Saint Kitts and Nevis,KNA,2001,36
Saint Kitts and Nevis,KNA,2002,38
Saint Kitts and Nevis,KNA,2003,39
Saint Kitts and Nevis,KNA,2004,41
Saint Kitts and Nevis,KNA,2005,42
Saint Kitts and Nevis,KNA,2006,42
Saint Kitts and Nevis,KNA,2007,43
Saint Kitts and Nevis,KNA,2008,44
Saint Kitts and Nevis,KNA,2009,45
Saint Kitts and Nevis,KNA,2010,46
Saint Kitts and Nevis,KNA,2011,47
Saint Kitts and Nevis,KNA,2012,49
Saint Kitts and Nevis,KNA,2013,50
Saint Kitts and Nevis,KNA,2014,51
Saint Kitts and Nevis,KNA,2015,51
Saint Kitts and Nevis,KNA,2016,52
Saint Kitts and Nevis,KNA,2017,53
Saint Kitts and Nevis,KNA,2018,55
Saint Kitts and Nevis,KNA,2019,57
Saint Kitts and Nevis,KNA,2020,60
Saint Kitts and Nevis,KNA,2021,60
Saint Kitts and Nevis,KNA,2022,61
Sao Tome and Principe,STP,1990,142
Sao Tome and Principe,STP,1991,210
Sao Tome and Principe,STP,1992,303
Sao Tome and Principe,STP,1993,426
Sao Tome and Principe,STP,1994,581
Sao Tome and Principe,STP,1995,768
Sao Tome and Principe,STP,1996,983
Sao Tome and Principe,STP,1997,1221
Sao Tome and Principe,STP,1998,1475
Sao Tome and Principe,STP,1999,1735
Sao Tome and Principe,STP,2000,1982
Sao Tome and Principe,STP,2001,2210
Sao Tome and Principe,STP,2002,2419
Sao Tome and Principe,STP,2003,2604
Sao Tome and Principe,STP,2004,2759
Sao Tome and Principe,STP,2005,2877
Sao Tome and Principe,STP,2006,2953
Sao Tome and Principe,STP,2007,2990
Sao Tome and Principe,STP,2008,2995
Sao Tome and Principe,STP,2009,2961
Sao Tome and Principe,STP,2010,2894
Sao Tome and Principe,STP,2011,2810
Sao Tome and Principe,STP,2012,2709
Sao Tome and Principe,STP,2013,2594
Sao Tome and Principe,STP,2014,2474
Sao Tome and Principe,STP,2015,2341
Sao Tome and Principe,STP,2016,2173
Sao Tome and Principe,STP,2017,1996
Sao Tome and Principe,STP,2018,1806
Sao Tome and Principe,STP,2019,1619
Sao Tome and Principe,STP,2020,1444
Sao Tome and Principe,STP,2021,1285
Sao Tome and Principe,STP,2022,1132
Senegal,SEN,1990,1649
Senegal,SEN,1991,2041
Senegal,SEN,1992,2524
Senegal,SEN,1993,3124
Senegal,SEN,1994,3861
Senegal,SEN,1995,4757
Senegal,SEN,1996,5839
Senegal,SEN,1997,7133
Senegal,SEN,1998,8664
Senegal,SEN,1999,10460
Senegal,SEN,2000,12554
Senegal,SEN,2001,14927
Senegal,SEN,2002,17526
Senegal,SEN,2003,20362
Senegal,SEN,2004,23364
Senegal,SEN,2005,26457
Senegal,SEN,2006,29553
Senegal,SEN,2007,32561
Senegal,SEN,2008,33704
Senegal,SEN,2009,34646
Senegal,SEN,2010,35596
Senegal,SEN,2011,36664
Senegal,SEN,2012,37960
Senegal,SEN,2013,39709
Senegal,SEN,2014,41200
Senegal,SEN,2015,42120
Senegal,SEN,2016,42559
Senegal,SEN,2017,42555
Senegal,SEN,2018,42089
Senegal,SEN,2019,40939
Senegal,SEN,2020,39338
Senegal,SEN,2021,37454
Senegal,SEN,2022,35517
Serbia,SRB,1990,27
Serbia,SRB,1991,40
Serbia,SRB,1992,56
Serbia,SRB,1993,75
Serbia,SRB,1994,97
Serbia,SRB,1995,122
Serbia,SRB,1996,149
Serbia,SRB,1997,177
Serbia,SRB,1998,206
Serbia,SRB,1999,233
Serbia,SRB,2000,259
Serbia,SRB,2001,283
Serbia,SRB,2002,306
Serbia,SRB,2003,327
Serbia,SRB,2004,301
Serbia,SRB,2005,273
Serbia,SRB,2006,246
Serbia,SRB,2007,221
Serbia,SRB,2008,199
Serbia,SRB,2009,180
Serbia,SRB,2010,164
Serbia,SRB,2011,151
Serbia,SRB,2012,141
Serbia,SRB,2013,135
Serbia,SRB,2014,133
Serbia,SRB,2015,133
Serbia,SRB,2016,134
Serbia,SRB,2017,133
Serbia,SRB,2018,131
Serbia,SRB,2019,128
Serbia,SRB,2020,128
Serbia,SRB,2021,135
Serbia,SRB,2022,144
Sierra Leone,SLE,1990,1825
Sierra Leone,SLE,1991,2416
Sierra Leone,SLE,1992,3079
Sierra Leone,SLE,1993,3884
Sierra Leone,SLE,1994,4833
Sierra Leone,SLE,1995,5930
Sierra Leone,SLE,1996,7173
Sierra Leone,SLE,1997,8591
Sierra Leone,SLE,1998,10152
Sierra Leone,SLE,1999,11811
Sierra Leone,SLE,2000,13628
Sierra Leone,SLE,2001,15718
Sierra Leone,SLE,2002,18029
Sierra Leone,SLE,2003,20438
Sierra Leone,SLE,2004,22970
Sierra Leone,SLE,2005,25324
Sierra Leone,SLE,2006,27806
Sierra Leone,SLE,2007,30174
Sierra Leone,SLE,2008,32475
Sierra Leone,SLE,2009,34487
Sierra Leone,SLE,2010,36357
Sierra Leone,SLE,2011,38056
Sierra Leone,SLE,2012,39628
Sierra Leone,SLE,2013,41357
Sierra Leone,SLE,2014,43182
Sierra Leone,SLE,2015,44663
Sierra Leone,SLE,2016,45421
Sierra Leone,SLE,2017,45984
Sierra Leone,SLE,2018,46084
Sierra Leone,SLE,2019,45883
Sierra Leone,SLE,2020,45265
Sierra Leone,SLE,2021,44596
Sierra Leone,SLE,2022,43148
Slovakia,SVK,1990,2
Slovakia,SVK,1991,3
Slovakia,SVK,1992,3
Slovakia,SVK,1993,4
Slovakia,SVK,1994,5
Slovakia,SVK,1995,6
Slovakia,SVK,1996,8
Slovakia,SVK,1997,9
Slovakia,SVK,1998,11
Slovakia,SVK,1999,13
Slovakia,SVK,2000,15
Slovakia,SVK,2001,17
Slovakia,SVK,2002,20
Slovakia,SVK,2003,24
Slovakia,SVK,2004,28
Slovakia,SVK,2005,27
Slovakia,SVK,2006,27
Slovakia,SVK,2007,26
Slovakia,SVK,2008,26
Slovakia,SVK,2009,30
Slovakia,SVK,2010,33
Slovakia,SVK,2011,37
Slovakia,SVK,2012,42
Slovakia,SVK,2013,44
Slovakia,SVK,2014,45
Slovakia,SVK,2015,43
Slovakia,SVK,2016,41
Slovakia,SVK,2017,39
Slovakia,SVK,2018,36
Slovakia,SVK,2019,34
Slovakia,SVK,2020,37
Slovakia,SVK,2021,37
Slovakia,SVK,2022,37
South Africa,ZAF,1990,14743
South Africa,ZAF,1991,24838
South Africa,ZAF,1992,41553
South Africa,ZAF,1993,67577
South Africa,ZAF,1994,105658
South Africa,ZAF,1995,158453
South Africa,ZAF,1996,228215
South Africa,ZAF,1997,316725
South Africa,ZAF,1998,424385
South Africa,ZAF,1999,545667
South Africa,ZAF,2000,691212
South Africa,ZAF,2001,848229
South Africa,ZAF,2002,1002374
South Africa,ZAF,2003,1158675
South Africa,ZAF,2004,1320712
South Africa,ZAF,2005,1460215
South Africa,ZAF,2006,1569308
South Africa,ZAF,2007,1632025
South Africa,ZAF,2008,1669206
South Africa,ZAF,2009,1680517
South Africa,ZAF,2010,1659965
South Africa,ZAF,2011,1631470
South Africa,ZAF,2012,1548550
South Africa,ZAF,2013,1450282
South Africa,ZAF,2014,1371502
South Africa,ZAF,2015,1286921
South Africa,ZAF,2016,1204186
South Africa,ZAF,2017,1108360
South Africa,ZAF,2018,1010435
South Africa,ZAF,2019,943878
South Africa,ZAF,2020,869802
South Africa,ZAF,2021,791002
South Africa,ZAF,2022,717017
South Sudan,SSD,1990,2405
South Sudan,SSD,1991,3256
South Sudan,SSD,1992,4283
South Sudan,SSD,1993,5562
South Sudan,SSD,1994,7481
South Sudan,SSD,1995,9781
South Sudan,SSD,1996,12563
South Sudan,SSD,1997,15903
South Sudan,SSD,1998,19032
South Sudan,SSD,1999,23691
South Sudan,SSD,2000,29443
South Sudan,SSD,2001,35835
South Sudan,SSD,2002,42404
South Sudan,SSD,2003,49745
South Sudan,SSD,2004,58565
South Sudan,SSD,2005,68018
South Sudan,SSD,2006,77289
South Sudan,SSD,2007,86636
South Sudan,SSD,2008,95987
South Sudan,SSD,2009,104675
South Sudan,SSD,2010,113517
South Sudan,SSD,2011,122711
South Sudan,SSD,2012,131190
South Sudan,SSD,2013,139054
South Sudan,SSD,2014,145430
South Sudan,SSD,2015,149845
South Sudan,SSD,2016,152231
South Sudan,SSD,2017,152949
South Sudan,SSD,2018,151443
South Sudan,SSD,2019,148380
South Sudan,SSD,2020,145086
South Sudan,SSD,2021,141147
South Sudan,SSD,2022,137432
Spain,ESP,1990,5590
Spain,ESP,1991,7315
Spain,ESP,1992,9326
Spain,ESP,1993,11581
Spain,ESP,1994,13989
Spain,ESP,1995,16474
Spain,ESP,1996,18953
Spain,ESP,1997,20381
Spain,ESP,1998,21541
Spain,ESP,1999,22610
Spain,ESP,2000,23623
Spain,ESP,2001,24571
Spain,ESP,2002,25367
Spain,ESP,2003,26014
Spain,ESP,2004,26598
Spain,ESP,2005,27003
Spain,ESP,2006,27202
Spain,ESP,2007,27137
Spain,ESP,2008,26676
Spain,ESP,2009,25834
Spain,ESP,2010,24641
Spain,ESP,2011,22710
Spain,ESP,2012,21230
Spain,ESP,2013,19464
Spain,ESP,2014,17782
Spain,ESP,2015,16151
Spain,ESP,2016,14393
Spain,ESP,2017,12510
Spain,ESP,2018,10746
Spain,ESP,2019,9154
Spain,ESP,2020,7723
Spain,ESP,2021,6441
Spain,ESP,2022,5327
Sri Lanka,LKA,1990,1
Sri Lanka,LKA,1991,2
Sri Lanka,LKA,1992,5
Sri Lanka,LKA,1993,9
Sri Lanka,LKA,1994,16
Sri Lanka,LKA,1995,27
Sri Lanka,LKA,1996,44
Sri Lanka,LKA,1997,69
Sri Lanka,LKA,1998,103
Sri Lanka,LKA,1999,147
Sri Lanka,LKA,2000,201
Sri Lanka,LKA,2001,267
Sri Lanka,LKA,2002,345
Sri Lanka,LKA,2003,440
Sri Lanka,LKA,2004,546
Sri Lanka,LKA,2005,666
Sri Lanka,LKA,2006,794
Sri Lanka,LKA,2007,932
Sri Lanka,LKA,2008,1075
Sri Lanka,LKA,2009,1216
Sri Lanka,LKA,2010,1356
Sri Lanka,LKA,2011,1496
Sri Lanka,LKA,2012,1635
Sri Lanka,LKA,2013,1766
Sri Lanka,LKA,2014,1886
Sri Lanka,LKA,2015,2001
Sri Lanka,LKA,2016,2098
Sri Lanka,LKA,2017,2164
Sri Lanka,LKA,2018,2213
Sri Lanka,LKA,2019,2230
Sri Lanka,LKA,2020,2216
Sri Lanka,LKA,2021,2168
Sri Lanka,LKA,2022,2103
Sudan,SDN,1990,1299
Sudan,SDN,1991,1662
Sudan,SDN,1992,2100
Sudan,SDN,1993,2668
Sudan,SDN,1994,3131
Sudan,SDN,1995,3629
Sudan,SDN,1996,4096
Sudan,SDN,1997,4772
Sudan,SDN,1998,5566
Sudan,SDN,1999,6477
Sudan,SDN,2000,7477
Sudan,SDN,2001,8540
Sudan,SDN,2002,9668
Sudan,SDN,2003,10806
Sudan,SDN,2004,11889
Sudan,SDN,2005,12957
Sudan,SDN,2006,14028
Sudan,SDN,2007,15107
Sudan,SDN,2008,16131
Sudan,SDN,2009,16872
Sudan,SDN,2010,17521
Sudan,SDN,2011,18285
Sudan,SDN,2012,19120
Sudan,SDN,2013,20009
Sudan,SDN,2014,20785
Sudan,SDN,2015,21591
Sudan,SDN,2016,22382
Sudan,SDN,2017,23036
Sudan,SDN,2018,23537
Sudan,SDN,2019,24063
Sudan,SDN,2020,24470
Sudan,SDN,2021,24879
Sudan,SDN,2022,25713
Suriname,SUR,1990,138
Suriname,SUR,1991,188
Suriname,SUR,1992,247
Suriname,SUR,1993,318
Suriname,SUR,1994,403
Suriname,SUR,1995,501
Suriname,SUR,1996,613
Suriname,SUR,1997,737
Suriname,SUR,1998,871
Suriname,SUR,1999,1012
Suriname,SUR,2000,1156
Suriname,SUR,2001,1300
Suriname,SUR,2002,1444
Suriname,SUR,2003,1575
Suriname,SUR,2004,1696
Suriname,SUR,2005,1813
Suriname,SUR,2006,1919
Suriname,SUR,2007,2017
Suriname,SUR,2008,2101
Suriname,SUR,2009,2171
Suriname,SUR,2010,2238
Suriname,SUR,2011,2301
Suriname,SUR,2012,2360
Suriname,SUR,2013,2380
Suriname,SUR,2014,2397
Suriname,SUR,2015,2407
Suriname,SUR,2016,2441
Suriname,SUR,2017,2462
Suriname,SUR,2018,2491
Suriname,SUR,2019,2529
Suriname,SUR,2020,2595
Suriname,SUR,2021,2584
Suriname,SUR,2022,2603
Syria,SYR,1990,43
Syria,SYR,1991,51
Syria,SYR,1992,58
Syria,SYR,1993,67
Syria,SYR,1994,75
Syria,SYR,1995,85
Syria,SYR,1996,94
Syria,SYR,1997,105
Syria,SYR,1998,115
Syria,SYR,1999,125
Syria,SYR,2000,137
Syria,SYR,2001,148
Syria,SYR,2002,160
Syria,SYR,2003,171
Syria,SYR,2004,183
Syria,SYR,2005,193
Syria,SYR,2006,206
Syria,SYR,2007,221
Syria,SYR,2008,240
Syria,SYR,2009,259
Syria,SYR,2010,277
Syria,SYR,2011,295
Syria,SYR,2012,308
Syria,SYR,2013,319
Syria,SYR,2014,327
Syria,SYR,2015,331
Syria,SYR,2016,334
Syria,SYR,2017,336
Syria,SYR,2018,332
Syria,SYR,2019,323
Syria,SYR,2020,311
Syria,SYR,2021,301
Syria,SYR,2022,293
Tajikistan,TJK,1990,1
Tajikistan,TJK,1991,1
Tajikistan,TJK,1992,1
Tajikistan,TJK,1993,1
Tajikistan,TJK,1994,1
Tajikistan,TJK,1995,1
Tajikistan,TJK,1996,1
Tajikistan,TJK,1997,1
Tajikistan,TJK,1998,1
Tajikistan,TJK,1999,1
Tajikistan,TJK,2000,2
Tajikistan,TJK,2001,2
Tajikistan,TJK,2002,2
Tajikistan,TJK,2003,4
Tajikistan,TJK,2004,7
Tajikistan,TJK,2005,15
Tajikistan,TJK,2006,30
Tajikistan,TJK,2007,47
Tajikistan,TJK,2008,74
Tajikistan,TJK,2009,112
Tajikistan,TJK,2010,147
Tajikistan,TJK,2011,197
Tajikistan,TJK,2012,274
Tajikistan,TJK,2013,395
Tajikistan,TJK,2014,560
Tajikistan,TJK,2015,717
Tajikistan,TJK,2016,843
Tajikistan,TJK,2017,950
Tajikistan,TJK,2018,1071
Tajikistan,TJK,2019,1220
Tajikistan,TJK,2020,1453
Tajikistan,TJK,2021,1763
Tajikistan,TJK,2022,2143
Tanzania,TZA,1990,116236
Tanzania,TZA,1991,158223
Tanzania,TZA,1992,208249
Tanzania,TZA,1993,266604
Tanzania,TZA,1994,335869
Tanzania,TZA,1995,410505
Tanzania,TZA,1996,486257
Tanzania,TZA,1997,561547
Tanzania,TZA,1998,638443
Tanzania,TZA,1999,715142
Tanzania,TZA,2000,789788
Tanzania,TZA,2001,862031
Tanzania,TZA,2002,927600
Tanzania,TZA,2003,989192
Tanzania,TZA,2004,1044712
Tanzania,TZA,2005,1094096
Tanzania,TZA,2006,1133635
Tanzania,TZA,2007,1160433
Tanzania,TZA,2008,1168938
Tanzania,TZA,2009,1179274
Tanzania,TZA,2010,1187593
Tanzania,TZA,2011,1204254
Tanzania,TZA,2012,1223628
Tanzania,TZA,2013,1218308
Tanzania,TZA,2014,1209126
Tanzania,TZA,2015,1189190
Tanzania,TZA,2016,1167681
Tanzania,TZA,2017,1146659
Tanzania,TZA,2018,1111159
Tanzania,TZA,2019,1076842
Tanzania,TZA,2020,1027361
Tanzania,TZA,2021,959030
Tanzania,TZA,2022,885067
Thailand,THA,1990,1252
Thailand,THA,1991,3692
Thailand,THA,1992,8485
Thailand,THA,1993,16509
Thailand,THA,1994,28586
Thailand,THA,1995,45208
Thailand,THA,1996,66476
Thailand,THA,1997,92266
Thailand,THA,1998,121986
Thailand,THA,1999,154043
Thailand,THA,2000,187792
Thailand,THA,2001,221979
Thailand,THA,2002,254933
Thailand,THA,2003,285686
Thailand,THA,2004,313785
Thailand,THA,2005,335889
Thailand,THA,2006,351208
Thailand,THA,2007,362369
Thailand,THA,2008,369201
Thailand,THA,2009,371752
Thailand,THA,2010,370363
Thailand,THA,2011,364537
Thailand,THA,2012,354722
Thailand,THA,2013,343067
Thailand,THA,2014,328551
Thailand,THA,2015,312171
Thailand,THA,2016,295708
Thailand,THA,2017,279283
Thailand,THA,2018,263223
Thailand,THA,2019,247283
Thailand,THA,2020,230382
Thailand,THA,2021,212016
Thailand,THA,2022,194040
Togo,TGO,1990,2055
Togo,TGO,1991,2872
Togo,TGO,1992,3982
Togo,TGO,1993,5454
Togo,TGO,1994,7213
Togo,TGO,1995,9694
Togo,TGO,1996,12894
Togo,TGO,1997,16882
Togo,TGO,1998,21659
Togo,TGO,1999,27259
Togo,TGO,2000,33624
Togo,TGO,2001,40394
Togo,TGO,2002,47483
Togo,TGO,2003,54706
Togo,TGO,2004,61737
Togo,TGO,2005,68501
Togo,TGO,2006,74438
Togo,TGO,2007,79990
Togo,TGO,2008,86215
Togo,TGO,2009,90970
Togo,TGO,2010,94340
Togo,TGO,2011,96067
Togo,TGO,2012,97646
Togo,TGO,2013,98903
Togo,TGO,2014,99981
Togo,TGO,2015,101007
Togo,TGO,2016,101058
Togo,TGO,2017,99882
Togo,TGO,2018,97461
Togo,TGO,2019,94072
Togo,TGO,2020,89277
Togo,TGO,2021,84290
Togo,TGO,2022,79707
Trinidad and Tobago,TTO,1990,63
Trinidad and Tobago,TTO,1991,85
Trinidad and Tobago,TTO,1992,116
Trinidad and Tobago,TTO,1993,158
Trinidad and Tobago,TTO,1994,213
Trinidad and Tobago,TTO,1995,282
Trinidad and Tobago,TTO,1996,370
Trinidad and Tobago,TTO,1997,478
Trinidad and Tobago,TTO,1998,608
Trinidad and Tobago,TTO,1999,761
Trinidad and Tobago,TTO,2000,939
Trinidad and Tobago,TTO,2001,1140
Trinidad and Tobago,TTO,2002,1356
Trinidad and Tobago,TTO,2003,1568
Trinidad and Tobago,TTO,2004,1772
Trinidad and Tobago,TTO,2005,1975
Trinidad and Tobago,TTO,2006,2179
Trinidad and Tobago,TTO,2007,2387
Trinidad and Tobago,TTO,2008,2583
Trinidad and Tobago,TTO,2009,2775
Trinidad and Tobago,TTO,2010,2903
Trinidad and Tobago,TTO,2011,2983
Trinidad and Tobago,TTO,2012,3089
Trinidad and Tobago,TTO,2013,3161
Trinidad and Tobago,TTO,2014,3185
Trinidad and Tobago,TTO,2015,3232
Trinidad and Tobago,TTO,2016,3263
Trinidad and Tobago,TTO,2017,3314
Trinidad and Tobago,TTO,2018,3320
Trinidad and Tobago,TTO,2019,3292
Trinidad and Tobago,TTO,2020,3228
Trinidad and Tobago,TTO,2021,3189
Trinidad and Tobago,TTO,2022,3175
Tunisia,TUN,1990,44
Tunisia,TUN,1991,58
Tunisia,TUN,1992,73
Tunisia,TUN,1993,92
Tunisia,TUN,1994,112
Tunisia,TUN,1995,136
Tunisia,TUN,1996,161
Tunisia,TUN,1997,188
Tunisia,TUN,1998,215
Tunisia,TUN,1999,246
Tunisia,TUN,2000,280
Tunisia,TUN,2001,317
Tunisia,TUN,2002,352
Tunisia,TUN,2003,390
Tunisia,TUN,2004,430
Tunisia,TUN,2005,475
Tunisia,TUN,2006,525
Tunisia,TUN,2007,581
Tunisia,TUN,2008,643
Tunisia,TUN,2009,712
Tunisia,TUN,2010,788
Tunisia,TUN,2011,878
Tunisia,TUN,2012,985
Tunisia,TUN,2013,1115
Tunisia,TUN,2014,1260
Tunisia,TUN,2015,1415
Tunisia,TUN,2016,1584
Tunisia,TUN,2017,1758
Tunisia,TUN,2018,1943
Tunisia,TUN,2019,2127
Tunisia,TUN,2020,2302
Tunisia,TUN,2021,2470
Tunisia,TUN,2022,2637
Uganda,UGA,1990,179367
Uganda,UGA,1991,233660
Uganda,UGA,1992,292717
Uganda,UGA,1993,353029
Uganda,UGA,1994,415188
Uganda,UGA,1995,477315
Uganda,UGA,1996,537423
Uganda,UGA,1997,593858
Uganda,UGA,1998,645684
Uganda,UGA,1999,693215
Uganda,UGA,2000,737331
Uganda,UGA,2001,778230
Uganda,UGA,2002,813783
Uganda,UGA,2003,844219
Uganda,UGA,2004,870337
Uganda,UGA,2005,887206
Uganda,UGA,2006,895971
Uganda,UGA,2007,913871
Uganda,UGA,2008,931228
Uganda,UGA,2009,940780
Uganda,UGA,2010,951316
Uganda,UGA,2011,955885
Uganda,UGA,2012,965008
Uganda,UGA,2013,967480
Uganda,UGA,2014,957846
Uganda,UGA,2015,933753
Uganda,UGA,2016,911317
Uganda,UGA,2017,883119
Uganda,UGA,2018,841934
Uganda,UGA,2019,793618
Uganda,UGA,2020,745185
Uganda,UGA,2021,700620
Uganda,UGA,2022,657067
United Arab Emirates,ARE,1990,18
United Arab Emirates,ARE,1991,21
United Arab Emirates,ARE,1992,23
United Arab Emirates,ARE,1993,26
United Arab Emirates,ARE,1994,29
United Arab Emirates,ARE,1995,32
United Arab Emirates,ARE,1996,35
United Arab Emirates,ARE,1997,39
United Arab Emirates,ARE,1998,42
United Arab Emirates,ARE,1999,45
United Arab Emirates,ARE,2000,48
United Arab Emirates,ARE,2001,50
United Arab Emirates,ARE,2002,52
United Arab Emirates,ARE,2003,52
United Arab Emirates,ARE,2004,53
United Arab Emirates,ARE,2005,54
United Arab Emirates,ARE,2006,55
United Arab Emirates,ARE,2007,57
United Arab Emirates,ARE,2008,61
United Arab Emirates,ARE,2009,68
United Arab Emirates,ARE,2010,78
United Arab Emirates,ARE,2011,91
United Arab Emirates,ARE,2012,105
United Arab Emirates,ARE,2013,117
United Arab Emirates,ARE,2014,132
United Arab Emirates,ARE,2015,150
United Arab Emirates,ARE,2016,168
United Arab Emirates,ARE,2017,186
United Arab Emirates,ARE,2018,202
United Arab Emirates,ARE,2019,216
United Arab Emirates,ARE,2020,228
United Arab Emirates,ARE,2021,228
United Arab Emirates,ARE,2022,219
Uruguay,URY,1990,55
Uruguay,URY,1991,85
Uruguay,URY,1992,123
Uruguay,URY,1993,172
Uruguay,URY,1994,232
Uruguay,URY,1995,306
Uruguay,URY,1996,393
Uruguay,URY,1997,474
Uruguay,URY,1998,570
Uruguay,URY,1999,680
Uruguay,URY,2000,804
Uruguay,URY,2001,933
Uruguay,URY,2002,1071
Uruguay,URY,2003,1217
Uruguay,URY,2004,1371
Uruguay,URY,2005,1533
Uruguay,URY,2006,1700
Uruguay,URY,2007,1852
Uruguay,URY,2008,2015
Uruguay,URY,2009,2192
Uruguay,URY,2010,2394
Uruguay,URY,2011,2512
Uruguay,URY,2012,2654
Uruguay,URY,2013,2869
Uruguay,URY,2014,2852
Uruguay,URY,2015,2845
Uruguay,URY,2016,2892
Uruguay,URY,2017,2964
Uruguay,URY,2018,3027
Uruguay,URY,2019,3023
Uruguay,URY,2020,3054
Uruguay,URY,2021,3078
Uruguay,URY,2022,3012
Venezuela,VEN,1990,1693
Venezuela,VEN,1991,2045
Venezuela,VEN,1992,2458
Venezuela,VEN,1993,2942
Venezuela,VEN,1994,3504
Venezuela,VEN,1995,4159
Venezuela,VEN,1996,4918
Venezuela,VEN,1997,5799
Venezuela,VEN,1998,6819
Venezuela,VEN,1999,7995
Venezuela,VEN,2000,9355
Venezuela,VEN,2001,10774
Venezuela,VEN,2002,12230
Venezuela,VEN,2003,13745
Venezuela,VEN,2004,15440
Venezuela,VEN,2005,17445
Venezuela,VEN,2006,19876
Venezuela,VEN,2007,21547
Venezuela,VEN,2008,23393
Venezuela,VEN,2009,25432
Venezuela,VEN,2010,27598
Venezuela,VEN,2011,29505
Venezuela,VEN,2012,31793
Venezuela,VEN,2013,34137
Venezuela,VEN,2014,37089
Venezuela,VEN,2015,40295
Venezuela,VEN,2016,40623
Venezuela,VEN,2017,41646
Venezuela,VEN,2018,44678
Venezuela,VEN,2019,47974
Venezuela,VEN,2020,48315
Venezuela,VEN,2021,46107
Venezuela,VEN,2022,43823
Vietnam,VNM,1990,60
Vietnam,VNM,1991,139
Vietnam,VNM,1992,311
Vietnam,VNM,1993,665
Vietnam,VNM,1994,1334
Vietnam,VNM,1995,2471
Vietnam,VNM,1996,4222
Vietnam,VNM,1997,6706
Vietnam,VNM,1998,9996
Vietnam,VNM,1999,14076
Vietnam,VNM,2000,18962
Vietnam,VNM,2001,24613
Vietnam,VNM,2002,31036
Vietnam,VNM,2003,37979
Vietnam,VNM,2004,45189
Vietnam,VNM,2005,52425
Vietnam,VNM,2006,59212
Vietnam,VNM,2007,65148
Vietnam,VNM,2008,69708
Vietnam,VNM,2009,72618
Vietnam,VNM,2010,74134
Vietnam,VNM,2011,75448
Vietnam,VNM,2012,76741
Vietnam,VNM,2013,77985
Vietnam,VNM,2014,78907
Vietnam,VNM,2015,79617
Vietnam,VNM,2016,79504
Vietnam,VNM,2017,79732
Vietnam,VNM,2018,80482
Vietnam,VNM,2019,80384
Vietnam,VNM,2020,79878
Vietnam,VNM,2021,78398
Vietnam,VNM,2022,76420
West and Central Africa (UNAIDS),,1990,280960
West and Central Africa (UNAIDS),,1991,379954
West and Central Africa (UNAIDS),,1992,502319
West and Central Africa (UNAIDS),,1993,649875
West and Central Africa (UNAIDS),,1994,821942
West and Central Africa (UNAIDS),,1995,1025725
West and Central Africa (UNAIDS),,1996,1248134
West and Central Africa (UNAIDS),,1997,1485570
West and Central Africa (UNAIDS),,1998,1734619
West and Central Africa (UNAIDS),,1999,1992784
West and Central Africa (UNAIDS),,2000,2253257
West and Central Africa (UNAIDS),,2001,2507986
West and Central Africa (UNAIDS),,2002,2755183
West and Central Africa (UNAIDS),,2003,2990971
West and Central Africa (UNAIDS),,2004,3204225
West and Central Africa (UNAIDS),,2005,3392095
West and Central Africa (UNAIDS),,2006,3553503
West and Central Africa (UNAIDS),,2007,3681435
West and Central Africa (UNAIDS),,2008,3799502
West and Central Africa (UNAIDS),,2009,3866459
West and Central Africa (UNAIDS),,2010,3898085
West and Central Africa (UNAIDS),,2011,3936837
West and Central Africa (UNAIDS),,2012,3977190
West and Central Africa (UNAIDS),,2013,4001036
West and Central Africa (UNAIDS),,2014,4008317
West and Central Africa (UNAIDS),,2015,3998574
West and Central Africa (UNAIDS),,2016,3996238
West and Central Africa (UNAIDS),,2017,3981362
West and Central Africa (UNAIDS),,2018,3940271
West and Central Africa (UNAIDS),,2019,3896874
West and Central Africa (UNAIDS),,2020,3816551
West and Central Africa (UNAIDS),,2021,3651743
West and Central Africa (UNAIDS),,2022,3431165
Western & Central Europe and North America (UNAIDS),,1990,77262
Western & Central Europe and North America (UNAIDS),,1991,103087
Western & Central Europe and North America (UNAIDS),,1992,132543
Western & Central Europe and North America (UNAIDS),,1993,165162
Western & Central Europe and North America (UNAIDS),,1994,200367
Western & Central Europe and North America (UNAIDS),,1995,237335
Western & Central Europe and North America (UNAIDS),,1996,272209
Western & Central Europe and North America (UNAIDS),,1997,303901
Western & Central Europe and North America (UNAIDS),,1998,332538
Western & Central Europe and North America (UNAIDS),,1999,348208
Western & Central Europe and North America (UNAIDS),,2000,362024
Western & Central Europe and North America (UNAIDS),,2001,378304
Western & Central Europe and North America (UNAIDS),,2002,389861
Western & Central Europe and North America (UNAIDS),,2003,403035
Western & Central Europe and North America (UNAIDS),,2004,414236
Western & Central Europe and North America (UNAIDS),,2005,422673
Western & Central Europe and North America (UNAIDS),,2006,429504
Western & Central Europe and North America (UNAIDS),,2007,432469
Western & Central Europe and North America (UNAIDS),,2008,433317
Western & Central Europe and North America (UNAIDS),,2009,432190
Western & Central Europe and North America (UNAIDS),,2010,427739
Western & Central Europe and North America (UNAIDS),,2011,421175
Western & Central Europe and North America (UNAIDS),,2012,404892
Western & Central Europe and North America (UNAIDS),,2013,386430
Western & Central Europe and North America (UNAIDS),,2014,366659
Western & Central Europe and North America (UNAIDS),,2015,346404
Western & Central Europe and North America (UNAIDS),,2016,323350
Western & Central Europe and North America (UNAIDS),,2017,300896
Western & Central Europe and North America (UNAIDS),,2018,279037
Western & Central Europe and North America (UNAIDS),,2019,258019
Western & Central Europe and North America (UNAIDS),,2020,239002
Western & Central Europe and North America (UNAIDS),,2021,222889
Western & Central Europe and North America (UNAIDS),,2022,206943
World,OWID_WRL,1990,1143324
World,OWID_WRL,1991,1578668
World,OWID_WRL,1992,2122565
World,OWID_WRL,1993,2785465
World,OWID_WRL,1994,3573841
World,OWID_WRL,1995,4479464
World,OWID_WRL,1996,5494767
World,OWID_WRL,1997,6604535
World,OWID_WRL,1998,7784067
World,OWID_WRL,1999,8996578
World,OWID_WRL,2000,10246982
World,OWID_WRL,2001,11499631
World,OWID_WRL,2002,12707949
World,OWID_WRL,2003,13860165
World,OWID_WRL,2004,14929351
World,OWID_WRL,2005,15856554
World,OWID_WRL,2006,16625791
World,OWID_WRL,2007,17213262
World,OWID_WRL,2008,17634710
World,OWID_WRL,2009,17902482
World,OWID_WRL,2010,18013040
World,OWID_WRL,2011,18050678
World,OWID_WRL,2012,17994364
World,OWID_WRL,2013,17864014
World,OWID_WRL,2014,17665688
World,OWID_WRL,2015,17391816
World,OWID_WRL,2016,17064882
World,OWID_WRL,2017,16676028
World,OWID_WRL,2018,16225477
World,OWID_WRL,2019,15777210
World,OWID_WRL,2020,15249029
World,OWID_WRL,2021,14622694
World,OWID_WRL,2022,13883949
Yemen,YEM,1990,563
Yemen,YEM,1991,640
Yemen,YEM,1992,729
Yemen,YEM,1993,833
Yemen,YEM,1994,955
Yemen,YEM,1995,1092
Yemen,YEM,1996,1243
Yemen,YEM,1997,1400
Yemen,YEM,1998,1561
Yemen,YEM,1999,1724
Yemen,YEM,2000,1887
Yemen,YEM,2001,2049
Yemen,YEM,2002,2209
Yemen,YEM,2003,2366
Yemen,YEM,2004,2518
Yemen,YEM,2005,2668
Yemen,YEM,2006,2813
Yemen,YEM,2007,2952
Yemen,YEM,2008,3072
Yemen,YEM,2009,3174
Yemen,YEM,2010,3291
Yemen,YEM,2011,3388
Yemen,YEM,2012,3524
Yemen,YEM,2013,3705
Yemen,YEM,2014,3902
Yemen,YEM,2015,4103
Yemen,YEM,2016,4351
Yemen,YEM,2017,4594
Yemen,YEM,2018,4859
Yemen,YEM,2019,5129
Yemen,YEM,2020,5393
Yemen,YEM,2021,5667
Yemen,YEM,2022,5943
Zambia,ZMB,1990,53682
Zambia,ZMB,1991,75533
Zambia,ZMB,1992,102614
Zambia,ZMB,1993,135155
Zambia,ZMB,1994,173122
Zambia,ZMB,1995,214439
Zambia,ZMB,1996,259271
Zambia,ZMB,1997,306807
Zambia,ZMB,1998,356198
Zambia,ZMB,1999,406522
Zambia,ZMB,2000,457491
Zambia,ZMB,2001,508557
Zambia,ZMB,2002,559928
Zambia,ZMB,2003,610067
Zambia,ZMB,2004,656197
Zambia,ZMB,2005,700193
Zambia,ZMB,2006,740405
Zambia,ZMB,2007,775097
Zambia,ZMB,2008,790933
Zambia,ZMB,2009,795029
Zambia,ZMB,2010,797966
Zambia,ZMB,2011,800396
Zambia,ZMB,2012,796442
Zambia,ZMB,2013,789058
Zambia,ZMB,2014,778410
Zambia,ZMB,2015,763885
Zambia,ZMB,2016,740120
Zambia,ZMB,2017,723222
Zambia,ZMB,2018,717637
Zambia,ZMB,2019,702361
Zambia,ZMB,2020,669121
Zambia,ZMB,2021,625812
Zambia,ZMB,2022,582754
Zimbabwe,ZWE,1990,100692
Zimbabwe,ZWE,1991,147271
Zimbabwe,ZWE,1992,205919
Zimbabwe,ZWE,1993,276734
Zimbabwe,ZWE,1994,357823
Zimbabwe,ZWE,1995,444552
Zimbabwe,ZWE,1996,535107
Zimbabwe,ZWE,1997,625640
Zimbabwe,ZWE,1998,713003
Zimbabwe,ZWE,1999,793823
Zimbabwe,ZWE,2000,865306
Zimbabwe,ZWE,2001,926268
Zimbabwe,ZWE,2002,975965
Zimbabwe,ZWE,2003,1014449
Zimbabwe,ZWE,2004,1043501
Zimbabwe,ZWE,2005,1062507
Zimbabwe,ZWE,2006,1072220
Zimbabwe,ZWE,2007,1072452
Zimbabwe,ZWE,2008,1066004
Zimbabwe,ZWE,2009,1054505
Zimbabwe,ZWE,2010,1036460
Zimbabwe,ZWE,2011,999800
Zimbabwe,ZWE,2012,956138
Zimbabwe,ZWE,2013,910718
Zimbabwe,ZWE,2014,855264
Zimbabwe,ZWE,2015,802001
Zimbabwe,ZWE,2016,753184
Zimbabwe,ZWE,2017,707718
Zimbabwe,ZWE,2018,662034
Zimbabwe,ZWE,2019,617096
Zimbabwe,ZWE,2020,573810
Zimbabwe,ZWE,2021,531426
Zimbabwe,ZWE,2022,493650
"Zimbabwe, Bulawayo",,1990,4753
"Zimbabwe, Bulawayo",,1991,6976
"Zimbabwe, Bulawayo",,1992,9801
"Zimbabwe, Bulawayo",,1993,13240
"Zimbabwe, Bulawayo",,1994,17257
"Zimbabwe, Bulawayo",,1995,21548
"Zimbabwe, Bulawayo",,1996,25980
"Zimbabwe, Bulawayo",,1997,30402
"Zimbabwe, Bulawayo",,1998,34630
"Zimbabwe, Bulawayo",,1999,38478
"Zimbabwe, Bulawayo",,2000,41835
"Zimbabwe, Bulawayo",,2001,44654
"Zimbabwe, Bulawayo",,2002,46915
"Zimbabwe, Bulawayo",,2003,48621
"Zimbabwe, Bulawayo",,2004,49877
"Zimbabwe, Bulawayo",,2005,50270
"Zimbabwe, Bulawayo",,2006,50358
"Zimbabwe, Bulawayo",,2007,50404
"Zimbabwe, Bulawayo",,2008,49925
"Zimbabwe, Bulawayo",,2009,48997
"Zimbabwe, Bulawayo",,2010,47506
"Zimbabwe, Bulawayo",,2011,44961
"Zimbabwe, Bulawayo",,2012,42039
"Zimbabwe, Bulawayo",,2013,38970
"Zimbabwe, Bulawayo",,2014,35230
"Zimbabwe, Bulawayo",,2015,31810
"Zimbabwe, Bulawayo",,2016,28712
"Zimbabwe, Bulawayo",,2017,26245
"Zimbabwe, Bulawayo",,2018,23955
"Zimbabwe, Bulawayo",,2019,22056
"Zimbabwe, Bulawayo",,2020,20817
"Zimbabwe, Bulawayo",,2021,19566
"Zimbabwe, Bulawayo",,2022,18463
"Zimbabwe, Harare",,1990,26066
"Zimbabwe, Harare",,1991,38720
"Zimbabwe, Harare",,1992,54505
"Zimbabwe, Harare",,1993,73168
"Zimbabwe, Harare",,1994,94008
"Zimbabwe, Harare",,1995,115075
"Zimbabwe, Harare",,1996,135837
"Zimbabwe, Harare",,1997,155267
"Zimbabwe, Harare",,1998,172476
"Zimbabwe, Harare",,1999,186797
"Zimbabwe, Harare",,2000,197857
"Zimbabwe, Harare",,2001,205889
"Zimbabwe, Harare",,2002,211113
"Zimbabwe, Harare",,2003,213897
"Zimbabwe, Harare",,2004,214847
"Zimbabwe, Harare",,2005,214129
"Zimbabwe, Harare",,2006,212158
"Zimbabwe, Harare",,2007,209382
"Zimbabwe, Harare",,2008,205675
"Zimbabwe, Harare",,2009,201667
"Zimbabwe, Harare",,2010,197823
"Zimbabwe, Harare",,2011,192453
"Zimbabwe, Harare",,2012,186123
"Zimbabwe, Harare",,2013,179308
"Zimbabwe, Harare",,2014,171118
"Zimbabwe, Harare",,2015,162889
"Zimbabwe, Harare",,2016,155860
"Zimbabwe, Harare",,2017,148036
"Zimbabwe, Harare",,2018,139845
"Zimbabwe, Harare",,2019,132188
"Zimbabwe, Harare",,2020,125361
"Zimbabwe, Harare",,2021,118566
"Zimbabwe, Harare",,2022,114477
"Zimbabwe, Manicaland",,1990,11860
"Zimbabwe, Manicaland",,1991,17220
"Zimbabwe, Manicaland",,1992,23947
"Zimbabwe, Manicaland",,1993,32034
"Zimbabwe, Manicaland",,1994,41286
"Zimbabwe, Manicaland",,1995,51072
"Zimbabwe, Manicaland",,1996,61273
"Zimbabwe, Manicaland",,1997,71511
"Zimbabwe, Manicaland",,1998,81497
"Zimbabwe, Manicaland",,1999,90804
"Zimbabwe, Manicaland",,2000,99100
"Zimbabwe, Manicaland",,2001,106215
"Zimbabwe, Manicaland",,2002,112084
"Zimbabwe, Manicaland",,2003,116625
"Zimbabwe, Manicaland",,2004,120223
"Zimbabwe, Manicaland",,2005,122767
"Zimbabwe, Manicaland",,2006,124391
"Zimbabwe, Manicaland",,2007,124733
"Zimbabwe, Manicaland",,2008,124572
"Zimbabwe, Manicaland",,2009,124096
"Zimbabwe, Manicaland",,2010,123138
"Zimbabwe, Manicaland",,2011,120130
"Zimbabwe, Manicaland",,2012,115967
"Zimbabwe, Manicaland",,2013,111405
"Zimbabwe, Manicaland",,2014,105321
"Zimbabwe, Manicaland",,2015,99212
"Zimbabwe, Manicaland",,2016,92965
"Zimbabwe, Manicaland",,2017,87135
"Zimbabwe, Manicaland",,2018,81129
"Zimbabwe, Manicaland",,2019,75196
"Zimbabwe, Manicaland",,2020,69316
"Zimbabwe, Manicaland",,2021,63624
"Zimbabwe, Manicaland",,2022,58478
"Zimbabwe, Mashonaland Central",,1990,10297
"Zimbabwe, Mashonaland Central",,1991,15191
"Zimbabwe, Mashonaland Central",,1992,21341
"Zimbabwe, Mashonaland Central",,1993,28713
"Zimbabwe, Mashonaland Central",,1994,37040
"Zimbabwe, Mashonaland Central",,1995,45801
"Zimbabwe, Mashonaland Central",,1996,54825
"Zimbabwe, Mashonaland Central",,1997,63755
"Zimbabwe, Mashonaland Central",,1998,72253
"Zimbabwe, Mashonaland Central",,1999,80041
"Zimbabwe, Mashonaland Central",,2000,86900
"Zimbabwe, Mashonaland Central",,2001,92761
"Zimbabwe, Mashonaland Central",,2002,97585
"Zimbabwe, Mashonaland Central",,2003,101471
"Zimbabwe, Mashonaland Central",,2004,104723
"Zimbabwe, Mashonaland Central",,2005,107030
"Zimbabwe, Mashonaland Central",,2006,108475
"Zimbabwe, Mashonaland Central",,2007,108813
"Zimbabwe, Mashonaland Central",,2008,108561
"Zimbabwe, Mashonaland Central",,2009,107808
"Zimbabwe, Mashonaland Central",,2010,106394
"Zimbabwe, Mashonaland Central",,2011,103306
"Zimbabwe, Mashonaland Central",,2012,99360
"Zimbabwe, Mashonaland Central",,2013,94987
"Zimbabwe, Mashonaland Central",,2014,89336
"Zimbabwe, Mashonaland Central",,2015,83492
"Zimbabwe, Mashonaland Central",,2016,77699
"Zimbabwe, Mashonaland Central",,2017,71667
"Zimbabwe, Mashonaland Central",,2018,65809
"Zimbabwe, Mashonaland Central",,2019,60186
"Zimbabwe, Mashonaland Central",,2020,54567
"Zimbabwe, Mashonaland Central",,2021,49090
"Zimbabwe, Mashonaland Central",,2022,44236
"Zimbabwe, Mashonaland East",,1990,8968
"Zimbabwe, Mashonaland East",,1991,12909
"Zimbabwe, Mashonaland East",,1992,17889
"Zimbabwe, Mashonaland East",,1993,23981
"Zimbabwe, Mashonaland East",,1994,31152
"Zimbabwe, Mashonaland East",,1995,39009
"Zimbabwe, Mashonaland East",,1996,47503
"Zimbabwe, Mashonaland East",,1997,56392
"Zimbabwe, Mashonaland East",,1998,65397
"Zimbabwe, Mashonaland East",,1999,74223
"Zimbabwe, Mashonaland East",,2000,82542
"Zimbabwe, Mashonaland East",,2001,90101
"Zimbabwe, Mashonaland East",,2002,96724
"Zimbabwe, Mashonaland East",,2003,102288
"Zimbabwe, Mashonaland East",,2004,106940
"Zimbabwe, Mashonaland East",,2005,110444
"Zimbabwe, Mashonaland East",,2006,112383
"Zimbabwe, Mashonaland East",,2007,113515
"Zimbabwe, Mashonaland East",,2008,113660
"Zimbabwe, Mashonaland East",,2009,112972
"Zimbabwe, Mashonaland East",,2010,111142
"Zimbabwe, Mashonaland East",,2011,106748
"Zimbabwe, Mashonaland East",,2012,101598
"Zimbabwe, Mashonaland East",,2013,96317
"Zimbabwe, Mashonaland East",,2014,89717
"Zimbabwe, Mashonaland East",,2015,83263
"Zimbabwe, Mashonaland East",,2016,77842
"Zimbabwe, Mashonaland East",,2017,73727
"Zimbabwe, Mashonaland East",,2018,69387
"Zimbabwe, Mashonaland East",,2019,64400
"Zimbabwe, Mashonaland East",,2020,59268
"Zimbabwe, Mashonaland East",,2021,54277
"Zimbabwe, Mashonaland East",,2022,49566
"Zimbabwe, Mashonaland West",,1990,3864
"Zimbabwe, Mashonaland West",,1991,6132
"Zimbabwe, Mashonaland West",,1992,9392
"Zimbabwe, Mashonaland West",,1993,13888
"Zimbabwe, Mashonaland West",,1994,19803
"Zimbabwe, Mashonaland West",,1995,27171
"Zimbabwe, Mashonaland West",,1996,35894
"Zimbabwe, Mashonaland West",,1997,45410
"Zimbabwe, Mashonaland West",,1998,55561
"Zimbabwe, Mashonaland West",,1999,65892
"Zimbabwe, Mashonaland West",,2000,75918
"Zimbabwe, Mashonaland West",,2001,85253
"Zimbabwe, Mashonaland West",,2002,93602
"Zimbabwe, Mashonaland West",,2003,100752
"Zimbabwe, Mashonaland West",,2004,106790
"Zimbabwe, Mashonaland West",,2005,111505
"Zimbabwe, Mashonaland West",,2006,114791
"Zimbabwe, Mashonaland West",,2007,116633
"Zimbabwe, Mashonaland West",,2008,117394
"Zimbabwe, Mashonaland West",,2009,117246
"Zimbabwe, Mashonaland West",,2010,115868
"Zimbabwe, Mashonaland West",,2011,111998
"Zimbabwe, Mashonaland West",,2012,107024
"Zimbabwe, Mashonaland West",,2013,101704
"Zimbabwe, Mashonaland West",,2014,95011
"Zimbabwe, Mashonaland West",,2015,88284
"Zimbabwe, Mashonaland West",,2016,82152
"Zimbabwe, Mashonaland West",,2017,76330
"Zimbabwe, Mashonaland West",,2018,70284
"Zimbabwe, Mashonaland West",,2019,64045
"Zimbabwe, Mashonaland West",,2020,58119
"Zimbabwe, Mashonaland West",,2021,52673
"Zimbabwe, Mashonaland West",,2022,47875
"Zimbabwe, Masvingo",,1990,12077
"Zimbabwe, Masvingo",,1991,17108
"Zimbabwe, Masvingo",,1992,23186
"Zimbabwe, Masvingo",,1993,30257
"Zimbabwe, Masvingo",,1994,37995
"Zimbabwe, Masvingo",,1995,46046
"Zimbabwe, Masvingo",,1996,54215
"Zimbabwe, Masvingo",,1997,62156
"Zimbabwe, Masvingo",,1998,69587
"Zimbabwe, Masvingo",,1999,76244
"Zimbabwe, Masvingo",,2000,81934
"Zimbabwe, Masvingo",,2001,86655
"Zimbabwe, Masvingo",,2002,90318
"Zimbabwe, Masvingo",,2003,93014
"Zimbabwe, Masvingo",,2004,94953
"Zimbabwe, Masvingo",,2005,96353
"Zimbabwe, Masvingo",,2006,97331
"Zimbabwe, Masvingo",,2007,97350
"Zimbabwe, Masvingo",,2008,97133
"Zimbabwe, Masvingo",,2009,96643
"Zimbabwe, Masvingo",,2010,95629
"Zimbabwe, Masvingo",,2011,92184
"Zimbabwe, Masvingo",,2012,87956
"Zimbabwe, Masvingo",,2013,83568
"Zimbabwe, Masvingo",,2014,78398
"Zimbabwe, Masvingo",,2015,73798
"Zimbabwe, Masvingo",,2016,69395
"Zimbabwe, Masvingo",,2017,65366
"Zimbabwe, Masvingo",,2018,61463
"Zimbabwe, Masvingo",,2019,57400
"Zimbabwe, Masvingo",,2020,53035
"Zimbabwe, Masvingo",,2021,48485
"Zimbabwe, Masvingo",,2022,43756
"Zimbabwe, Matabeleland North",,1990,7423
"Zimbabwe, Matabeleland North",,1991,10855
"Zimbabwe, Matabeleland North",,1992,15136
"Zimbabwe, Matabeleland North",,1993,20260
"Zimbabwe, Matabeleland North",,1994,25962
"Zimbabwe, Matabeleland North",,1995,32026
"Zimbabwe, Matabeleland North",,1996,38273
"Zimbabwe, Matabeleland North",,1997,44438
"Zimbabwe, Matabeleland North",,1998,50263
"Zimbabwe, Matabeleland North",,1999,55525
"Zimbabwe, Matabeleland North",,2000,60035
"Zimbabwe, Matabeleland North",,2001,63769
"Zimbabwe, Matabeleland North",,2002,66718
"Zimbabwe, Matabeleland North",,2003,68897
"Zimbabwe, Matabeleland North",,2004,70303
"Zimbabwe, Matabeleland North",,2005,71042
"Zimbabwe, Matabeleland North",,2006,71119
"Zimbabwe, Matabeleland North",,2007,70393
"Zimbabwe, Matabeleland North",,2008,69113
"Zimbabwe, Matabeleland North",,2009,67470
"Zimbabwe, Matabeleland North",,2010,65221
"Zimbabwe, Matabeleland North",,2011,61825
"Zimbabwe, Matabeleland North",,2012,58231
"Zimbabwe, Matabeleland North",,2013,54941
"Zimbabwe, Matabeleland North",,2014,51387
"Zimbabwe, Matabeleland North",,2015,48302
"Zimbabwe, Matabeleland North",,2016,45559
"Zimbabwe, Matabeleland North",,2017,43130
"Zimbabwe, Matabeleland North",,2018,40762
"Zimbabwe, Matabeleland North",,2019,38360
"Zimbabwe, Matabeleland North",,2020,36057
"Zimbabwe, Matabeleland North",,2021,33743
"Zimbabwe, Matabeleland North",,2022,31386
"Zimbabwe, Matabeleland South",,1990,2137
"Zimbabwe, Matabeleland South",,1991,3318
"Zimbabwe, Matabeleland South",,1992,5026
"Zimbabwe, Matabeleland South",,1993,7405
"Zimbabwe, Matabeleland South",,1994,10579
"Zimbabwe, Matabeleland South",,1995,14580
"Zimbabwe, Matabeleland South",,1996,19304
"Zimbabwe, Matabeleland South",,1997,24600
"Zimbabwe, Matabeleland South",,1998,30341
"Zimbabwe, Matabeleland South",,1999,36277
"Zimbabwe, Matabeleland South",,2000,42127
"Zimbabwe, Matabeleland South",,2001,47645
"Zimbabwe, Matabeleland South",,2002,52654
"Zimbabwe, Matabeleland South",,2003,57014
"Zimbabwe, Matabeleland South",,2004,60680
"Zimbabwe, Matabeleland South",,2005,63589
"Zimbabwe, Matabeleland South",,2006,65873
"Zimbabwe, Matabeleland South",,2007,67046
"Zimbabwe, Matabeleland South",,2008,67742
"Zimbabwe, Matabeleland South",,2009,67922
"Zimbabwe, Matabeleland South",,2010,67393
"Zimbabwe, Matabeleland South",,2011,65345
"Zimbabwe, Matabeleland South",,2012,62838
"Zimbabwe, Matabeleland South",,2013,60117
"Zimbabwe, Matabeleland South",,2014,56516
"Zimbabwe, Matabeleland South",,2015,53268
"Zimbabwe, Matabeleland South",,2016,50090
"Zimbabwe, Matabeleland South",,2017,47231
"Zimbabwe, Matabeleland South",,2018,44423
"Zimbabwe, Matabeleland South",,2019,42055
"Zimbabwe, Matabeleland South",,2020,39562
"Zimbabwe, Matabeleland South",,2021,37305
"Zimbabwe, Matabeleland South",,2022,35053
"Zimbabwe, Midlands",,1990,13247
"Zimbabwe, Midlands",,1991,18842
"Zimbabwe, Midlands",,1992,25696
"Zimbabwe, Midlands",,1993,33788
"Zimbabwe, Midlands",,1994,42741
"Zimbabwe, Midlands",,1995,52224
"Zimbabwe, Midlands",,1996,62003
"Zimbabwe, Midlands",,1997,71709
"Zimbabwe, Midlands",,1998,80998
"Zimbabwe, Midlands",,1999,89542
"Zimbabwe, Midlands",,2000,97058
"Zimbabwe, Midlands",,2001,103326
"Zimbabwe, Midlands",,2002,108252
"Zimbabwe, Midlands",,2003,111870
"Zimbabwe, Midlands",,2004,114165
"Zimbabwe, Midlands",,2005,115378
"Zimbabwe, Midlands",,2006,115341
"Zimbabwe, Midlands",,2007,114183
"Zimbabwe, Midlands",,2008,112229
"Zimbabwe, Midlands",,2009,109684
"Zimbabwe, Midlands",,2010,106346
"Zimbabwe, Midlands",,2011,100850
"Zimbabwe, Midlands",,2012,95002
"Zimbabwe, Midlands",,2013,89401
"Zimbabwe, Midlands",,2014,83230
"Zimbabwe, Midlands",,2015,77683
"Zimbabwe, Midlands",,2016,72910
"Zimbabwe, Midlands",,2017,68851
"Zimbabwe, Midlands",,2018,64977
"Zimbabwe, Midlands",,2019,61210
"Zimbabwe, Midlands",,2020,57708
"Zimbabwe, Midlands",,2021,54097
"Zimbabwe, Midlands",,2022,50360